STATEFP,COUNTYFP,COUNTYNS,GEOID,GEOIDFQ,NAME,NAMELSAD,LSAD,CLASSFP,MTFCC,CSAFP,CBSAFP,METDIVFP,FUNCSTAT,ALAND,AWATER,INTPTLAT,INTPTLON,Ordinance,Shape_Length,Shape_Area,County_Area_Ha,County_Area_Km2
17,067,00424235,17067,0500000US17067,Hancock,Hancock County,06,H1,G4020, , , ,A,2055798714.000000000000000,53563360.000000000000000,+40.4013180,-091.1688008,,2.027197648789609,0.223462715860617,210641.121912776026875,2106.411219127760432
17,025,00424214,17025,0500000US17025,Clay,Clay County,06,H1,G4020, , , ,A,1213023030.000000000000000,3064499.000000000000000,+38.7468187,-088.4823254,,1.713349085397494,0.126024181131166,121608.806473646647646,1216.088064736466322
17,185,00424293,17185,0500000US17185,Wabash,Wabash County,06,H1,G4020, , , ,A,578403994.000000000000000,10973569.000000000000000,+38.4458209,-087.8391674,,1.762436874603905,0.060766005307304,58885.082335847946524,588.850823358479488
17,113,01784833,17113,0500000US17113,McLean,McLean County,06,H1,G4020,145,14010, ,A,3064597289.000000000000000,7804856.000000000000000,+40.4945594,-088.8445391,,2.557014685983539,0.326358154373223,307240.318636895914096,3072.403186368958814
17,005,00424204,17005,0500000US17005,Bond,Bond County,06,H1,G4020,476,41180, ,A,985066648.000000000000000,6462629.000000000000000,+38.8859240,-089.4365916,,1.349400618660965,0.102941469245242,99152.961703655120800,991.529617036551258
17,009,00424206,17009,0500000US17009,Brown,Brown County,06,H1,G4020, , , ,A,791828626.000000000000000,4144346.000000000000000,+39.9620694,-090.7503095,,1.403237361980925,0.083902450780801,79597.339460034578224,795.973394600345841
17,083,00424243,17083,0500000US17083,Jersey,Jersey County,06,H1,G4020,476,41180, ,A,957143526.000000000000000,20333974.000000000000000,+39.0801945,-090.3613850,,1.630498009497806,0.101721545893799,97707.767693943795166,977.077676939437993
17,147,00424275,17147,0500000US17147,Piatt,Piatt County,06,H1,G4020,169,16580, ,A,1137492089.000000000000000,754122.000000000000000,+40.0090327,-088.5923546,,1.478463079326471,0.120065242325364,113824.657559489918640,1138.246575594899241
17,151,00424277,17151,0500000US17151,Pope,Pope County,06,H1,G4020, , , ,A,955362039.000000000000000,14662240.000000000000000,+37.4171687,-088.5423737,,1.602868265114318,0.098674201792354,96950.365961843621335,969.503659618436245
17,011,00424207,17011,0500000US17011,Bureau,Bureau County,06,H1,G4020,176,36837, ,A,2250884574.000000000000000,11523903.000000000000000,+41.4013043,-089.5283772,,2.249142800133913,0.243613750645929,226240.949269373522839,2262.409492693735046
17,029,00424216,17029,0500000US17029,Coles,Coles County,06,H1,G4020, ,16660, ,A,1316418028.000000000000000,4650074.000000000000000,+39.5136797,-088.2207820,,1.636399832426277,0.138376883274639,132106.858388759457739,1321.068583887594741
17,131,01784750,17131,0500000US17131,Mercer,Mercer County,06,H1,G4020,209,19340, ,A,1453604388.000000000000000,19411909.000000000000000,+41.2056046,-090.7417698,,1.776163731392161,0.158038463307770,147209.781448476947844,1472.097814484769515
17,049,00424226,17049,0500000US17049,Effingham,Effingham County,06,H1,G4020, ,20820, ,A,1240005912.000000000000000,3174585.000000000000000,+39.0479445,-088.5928488,,1.498496986148807,0.129378589326904,124318.089607114976388,1243.180896071149846
17,035,00424219,17035,0500000US17035,Cumberland,Cumberland County,06,H1,G4020, ,20820, ,A,895989975.000000000000000,2538006.000000000000000,+39.2731210,-088.2406193,,1.332088893726599,0.093790106196981,89852.836914499464910,898.528369144994599
17,033,00424218,17033,0500000US17033,Crawford,Crawford County,06,H1,G4020, , , ,A,1149031259.000000000000000,5744821.000000000000000,+39.0027865,-087.7606193,,1.708852748541411,0.120037030204044,115433.577662677475018,1154.335776626774759
17,057,00424230,17057,0500000US17057,Fulton,Fulton County,06,H1,G4020,427,15900, ,A,2242109835.000000000000000,43927321.000000000000000,+40.4652401,-090.2022689,,2.060472491545983,0.242764213482855,228603.820204582705628,2286.038202045826893
17,135,01784866,17135,0500000US17135,Montgomery,Montgomery County,06,H1,G4020, , , ,A,1822745310.000000000000000,15472187.000000000000000,+39.2280681,-089.4781406,,2.173868322338210,0.191763242700979,183821.824315282079624,1838.218243152820833
17,115,00424256,17115,0500000US17115,Macon,Macon County,06,H1,G4020, ,19500, ,A,1503613057.000000000000000,13477734.000000000000000,+39.8602372,-088.9615288,,1.745623453618260,0.159681024993018,151709.132375650398899,1517.091323756504153
17,055,00424229,17055,0500000US17055,Franklin,Franklin County,06,H1,G4020, , , ,A,1059114972.000000000000000,58391305.000000000000000,+37.9918516,-088.9263215,,1.619776004418155,0.114614997569773,111750.672397755974089,1117.506723977559886
17,023,00424213,17023,0500000US17023,Clark,Clark County,06,H1,G4020, , , ,A,1298554904.000000000000000,8771353.000000000000000,+39.3323343,-087.7916832,,1.730536813353447,0.136564666244741,130720.913610320669250,1307.209136103206674
17,161,00424282,17161,0500000US17161,Rock Island,Rock Island County,06,H1,G4020,209,19340, ,A,1107209785.000000000000000,61633874.000000000000000,+41.4684205,-090.5721252,,2.552239211263887,0.125796047669563,116713.395873364279396,1167.133958733642885
17,093,00424248,17093,0500000US17093,Kendall,Kendall County,06,H1,G4020,176,16980,20994,A,829411568.000000000000000,5137717.000000000000000,+41.5881403,-088.4306257,,1.211096013584907,0.090118422280655,83454.956767926298198,834.549567679262964
17,031,01784766,17031,0500000US17031,Cook,Cook County,06,H1,G4020,176,16980,16984,A,2447345098.000000000000000,1786339408.000000000000000,+41.8942937,-087.6454546,1,3.122488927647981,0.268884022691540,248050.469029284664430,2480.504690292846590
17,059,00424231,17059,0500000US17059,Gallatin,Gallatin County,06,H1,G4020, , , ,A,836413648.000000000000000,13357002.000000000000000,+37.7686768,-088.2279642,,1.416127786958383,0.086862921769861,84951.946414685502532,849.519464146854943
17,103,00424253,17103,0500000US17103,Lee,Lee County,06,H1,G4020,221,19940, ,A,1877142078.000000000000000,9779872.000000000000000,+41.7474465,-089.2993616,,2.070273242792952,0.204243885264717,188692.242953048873460,1886.922429530488671
17,037,00422190,17037,0500000US17037,DeKalb,DeKalb County,06,H1,G4020,176,16980,20994,A,1635155504.000000000000000,8560431.000000000000000,+41.8946125,-088.7689910,1,1.753754581337871,0.178323203724082,164371.645068129117135,1643.716450681291008
17,175,00424288,17175,0500000US17175,Stark,Stark County,06,H1,G4020,427,37900, ,A,746189903.000000000000000,684784.000000000000000,+41.0969077,-089.7974111,,1.212334519528653,0.080046746239598,74687.488112607665244,746.874881126076730
17,001,00424202,17001,0500000US17001,Adams,Adams County,06,H1,G4020,448,39500, ,A,2214831300.000000000000000,41749180.000000000000000,+39.9860525,-091.1949607,,2.007393775949709,0.237859700435718,225569.512348890508292,2255.695123488904756
17,075,00424239,17075,0500000US17075,Iroquois,Iroquois County,06,H1,G4020, , , ,A,2894039689.000000000000000,4241183.000000000000000,+40.7488665,-087.8336010,,2.228959168848967,0.309024346124825,289824.617439113848377,2898.246174391138538
17,053,00424228,17053,0500000US17053,Ford,Ford County,06,H1,G4020,169,16580, ,A,1257690130.000000000000000,1640595.000000000000000,+40.5965386,-088.2245882,,2.245098874753955,0.133978552948765,125933.089124142963556,1259.330891241429526
17,041,00424222,17041,0500000US17041,Douglas,Douglas County,06,H1,G4020, , , ,A,1079110220.000000000000000,1448705.000000000000000,+39.7660780,-088.2228656,,1.526174568448602,0.113586468475580,108055.934108888977789,1080.559341088889823
17,163,01784987,17163,0500000US17163,St. Clair,St. Clair County,06,H1,G4020,476,41180, ,A,1703526434.000000000000000,41843531.000000000000000,+38.4701976,-089.9285459,,1.898442673698904,0.180162802130913,174528.398532472958323,1745.283985324729429
17,189,01785150,17189,0500000US17189,Washington,Washington County,06,H1,G4020, , , ,A,1457120179.000000000000000,3386079.000000000000000,+38.3531405,-089.4171873,,2.064576599133467,0.150523365603680,146050.692905588424765,1460.506929055884029
17,171,00424286,17171,0500000US17171,Scott,Scott County,06,H1,G4020,522,27300, ,A,649542036.000000000000000,4814546.000000000000000,+39.6370016,-090.4777707,,1.155593802231565,0.068661954457703,65435.666741468201508,654.356667414682079
17,159,00424281,17159,0500000US17159,Richland,Richland County,06,H1,G4020, , , ,A,932484078.000000000000000,4874777.000000000000000,+38.7121872,-088.0854523,,1.467412864307332,0.097083334943041,93735.907082338380860,937.359070823383831
17,129,00424266,17129,0500000US17129,Menard,Menard County,06,H1,G4020,522,44100, ,A,814269349.000000000000000,2640418.000000000000000,+40.0225693,-089.7941326,,1.553891094541945,0.086190873369712,81691.023515650580521,816.910235156505792
17,065,00424234,17065,0500000US17065,Hamilton,Hamilton County,06,H1,G4020, , , ,A,1125731581.000000000000000,3172088.000000000000000,+38.0852273,-088.5390093,,1.363204424291802,0.115922865680740,112890.399614908455987,1128.903996149084605
17,193,00424297,17193,0500000US17193,White,White County,06,H1,G4020, , , ,A,1281999217.000000000000000,17833682.000000000000000,+38.0873259,-088.1786227,,1.963211457435177,0.133441675900795,129940.611292496323586,1299.406112924963281
17,039,00426598,17039,0500000US17039,De Witt,De Witt County,06,H1,G4020, , , ,A,1029678323.000000000000000,19492326.000000000000000,+40.1814993,-088.9018526,,1.531595537647083,0.110932345999867,104917.111339722992852,1049.171113397229874
17,155,00424279,17155,0500000US17155,Putnam,Putnam County,06,H1,G4020,176,36837, ,A,414649315.000000000000000,31195045.000000000000000,+41.1989613,-089.2983474,,1.048363358554572,0.047863455551852,44584.474527300306363,445.844745273003014
17,169,01785037,17169,0500000US17169,Schuyler,Schuyler County,06,H1,G4020, , , ,A,1132602759.000000000000000,10510632.000000000000000,+40.1569048,-090.6134641,,2.018094175233200,0.120836146887759,114311.363283092257916,1143.113632830922597
17,177,01785076,17177,0500000US17177,Stephenson,Stephenson County,06,H1,G4020,466,23300, ,A,1461392058.000000000000000,1350223.000000000000000,+42.3497262,-089.6659942,,1.659313612698132,0.159793325968914,146245.974476610193960,1462.459744766101949
17,181,01785113,17181,0500000US17181,Union,Union County,06,H1,G4020, , , ,A,1070731267.000000000000000,22540420.000000000000000,+37.4856521,-089.2446391,,1.553683393741822,0.111330964451139,109302.280879503086908,1093.022808795030869
17,091,00424247,17091,0500000US17091,Kankakee,Kankakee County,06,H1,G4020,176,28100, ,A,1752101352.000000000000000,12458977.000000000000000,+41.1395105,-087.8611165,,2.033673110449705,0.189234751046269,176447.760429258662043,1764.477604292586648
17,027,00424215,17027,0500000US17027,Clinton,Clinton County,06,H1,G4020,476,41180, ,A,1227502157.000000000000000,75634262.000000000000000,+38.6062953,-089.4262278,,2.154165316980768,0.134771189240187,130313.684532470535487,1303.136845324705291
17,085,00424244,17085,0500000US17085,Jo Daviess,Jo Daviess County,06,H1,G4020, , , ,A,1556385358.000000000000000,45789931.000000000000000,+42.3623905,-090.2114705,,1.955411613998673,0.174912926844566,160048.772826552158222,1600.487728265521582
17,199,01785215,17199,0500000US17199,Williamson,Williamson County,06,H1,G4020,166,32060, ,A,1088338986.000000000000000,62470432.000000000000000,+37.7303533,-088.9300182,,1.416700278815816,0.117618766837567,115080.982098244407098,1150.809820982444080
17,125,00424261,17125,0500000US17125,Mason,Mason County,06,H1,G4020, , , ,A,1396914848.000000000000000,62748513.000000000000000,+40.2369926,-089.9135746,,2.584721255549428,0.154480935444351,145966.378596642578486,1459.663785966425849
17,105,00424254,17105,0500000US17105,Livingston,Livingston County,06,H1,G4020,145,38700, ,A,2702983877.000000000000000,5975815.000000000000000,+40.8943761,-088.5528518,,2.362343141526809,0.289461108686032,270896.103376800718252,2708.961033768007383
17,191,00424296,17191,0500000US17191,Wayne,Wayne County,06,H1,G4020, , , ,A,1848810381.000000000000000,4224962.000000000000000,+38.4318573,-088.4324302,,1.796537324772209,0.191179567397882,185303.608364748797612,1853.036083647488113
17,089,00424246,17089,0500000US17089,Kane,Kane County,06,H1,G4020,176,16980,20994,A,1345145418.000000000000000,12474709.000000000000000,+41.9395938,-088.4280395,1,1.593400323539400,0.147388203164091,135762.053655856958358,1357.620536558569711
17,069,00424236,17069,0500000US17069,Hardin,Hardin County,06,H1,G4020, , , ,A,459435094.000000000000000,10485761.000000000000000,+37.5178517,-088.2661478,,0.998146222811192,0.047826864276742,46926.346445618299185,469.263464456182930
17,063,00424233,17063,0500000US17063,Grundy,Grundy County,06,H1,G4020,176,16980,16984,A,1082945365.000000000000000,32126925.000000000000000,+41.2924096,-088.4010545,1,1.387307844413532,0.119853767583136,111507.267910669805133,1115.072679106697933
17,109,01784729,17109,0500000US17109,McDonough,McDonough County,06,H1,G4020, ,31380, ,A,1526339604.000000000000000,2012552.000000000000000,+40.4558082,-090.6789543,,1.624835488833814,0.162262722381705,152835.262980529631022,1528.352629805296147
17,127,01784730,17127,0500000US17127,Massac,Massac County,06,H1,G4020,424,37140, ,A,614218330.000000000000000,12784614.000000000000000,+37.2161190,-088.7056578,,1.192089457172441,0.063553633201340,62601.890995127592760,626.018909951275987
17,073,00424238,17073,0500000US17073,Henry,Henry County,06,H1,G4020,209,19340, ,A,2131719312.000000000000000,6804791.000000000000000,+41.3500209,-090.1308378,,1.966158500563485,0.230096271415040,213852.496071551664500,2138.524960715516499
17,061,00424232,17061,0500000US17061,Greene,Greene County,06,H1,G4020, , , ,A,1406736598.000000000000000,8423898.000000000000000,+39.3554391,-090.3876823,,1.824313476316669,0.147889457445084,141516.131205584097188,1415.161312055840881
17,157,01784967,17157,0500000US17157,Randolph,Randolph County,06,H1,G4020, , , ,A,1490194097.000000000000000,56150220.000000000000000,+38.0565149,-089.8212096,,1.970228148085892,0.158323745639727,154242.872730838571442,1542.428727308385760
17,149,01784941,17149,0500000US17149,Pike,Pike County,06,H1,G4020, , , ,A,2153190724.000000000000000,45251530.000000000000000,+39.6251059,-090.8890344,,2.316328680550226,0.230506944893956,219743.177200582314981,2197.431772005822950
17,203,01785231,17203,0500000US17203,Woodford,Woodford County,06,H1,G4020,427,37900, ,A,1366366882.000000000000000,39858698.000000000000000,+40.7897870,-089.2105871,,1.861819457295472,0.150029135017699,140622.620737798686605,1406.226207377986839
17,145,01784940,17145,0500000US17145,Perry,Perry County,06,H1,G4020, , , ,A,1144587283.000000000000000,13199036.000000000000000,+38.0843809,-089.3685249,,1.607826536873772,0.118892141186744,115778.682170964428224,1157.786821709644300
17,087,00424245,17087,0500000US17087,Johnson,Johnson County,06,H1,G4020, , , ,A,890273379.000000000000000,12814662.000000000000000,+37.4607092,-088.8821305,,1.294936364088879,0.091970954895610,90308.844829038411262,903.088448290384008
17,173,01785051,17173,0500000US17173,Shelby,Shelby County,06,H1,G4020, , , ,A,1964529416.000000000000000,24746071.000000000000000,+39.3849167,-088.7988648,,2.213360806865647,0.207989279497805,198927.612044194684131,1989.276120441946887
17,051,00424227,17051,0500000US17051,Fayette,Fayette County,06,H1,G4020, , , ,A,1855578066.000000000000000,22920396.000000000000000,+39.0011246,-089.0179232,,2.082213674251359,0.195334677041080,187849.928557533246931,1878.499285575332351
17,201,01785216,17201,0500000US17201,Winnebago,Winnebago County,06,H1,G4020,466,40420, ,A,1328792562.000000000000000,15873992.000000000000000,+42.3373957,-089.1612053,,1.613338739961546,0.146881179788283,134461.257255218457431,1344.612572552184474
17,141,01784894,17141,0500000US17141,Ogle,Ogle County,06,H1,G4020,466,40300, ,A,1964903749.000000000000000,12378959.000000000000000,+42.0418840,-089.3201764,,2.172771522313537,0.215005605761585,197728.346640256320825,1977.283466402563135
17,139,01784885,17139,0500000US17139,Moultrie,Moultrie County,06,H1,G4020, , , ,A,870127369.000000000000000,22111272.000000000000000,+39.6368956,-088.6257259,,1.365979010876911,0.093619587097272,89223.907624302984914,892.239076243029785
17,017,00424210,17017,0500000US17017,Cass,Cass County,06,H1,G4020, , , ,A,973198203.000000000000000,20569928.000000000000000,+39.9692024,-090.2457045,,1.875509655753211,0.104769535238103,99376.871980343494215,993.768719803434919
17,167,01785010,17167,0500000US17167,Sangamon,Sangamon County,06,H1,G4020,522,44100, ,A,2248704829.000000000000000,22747766.000000000000000,+39.7568863,-089.6624350,,2.486167954159983,0.238732960086206,227145.325329915620387,2271.453253299156131
17,179,01785094,17179,0500000US17179,Tazewell,Tazewell County,06,H1,G4020,427,37900, ,A,1674346567.000000000000000,29712323.000000000000000,+40.5080743,-089.5162598,,2.059346136654904,0.181053345771462,170405.975018937198911,1704.059750189372153
17,099,00422247,17099,0500000US17099,LaSalle,LaSalle County,06,H1,G4020,176,36837, ,A,2939993576.000000000000000,33775236.000000000000000,+41.3433407,-088.8859312,,2.547444689936527,0.319921645809181,297376.994759152526967,2973.769947591525124
17,183,01785114,17183,0500000US17183,Vermilion,Vermilion County,06,H1,G4020,169,19180, ,A,2326634937.000000000000000,7531157.000000000000000,+40.1867542,-087.7267779,,2.110082950764966,0.246824411815422,233409.850326625921298,2334.098503266259286
17,007,00424205,17007,0500000US17007,Boone,Boone County,06,H1,G4020,466,40420, ,A,727114620.000000000000000,3360626.000000000000000,+42.3189831,-088.8242951,,1.150125454326916,0.079774685421081,73044.224610246645170,730.442246102466470
17,137,00424270,17137,0500000US17137,Morgan,Morgan County,06,H1,G4020,522,27300, ,A,1473595803.000000000000000,9053547.000000000000000,+39.7176572,-090.2049929,,2.011451699604877,0.155733751179540,148264.993700980819995,1482.649937009808127
17,123,00424260,17123,0500000US17123,Marshall,Marshall County,06,H1,G4020,427,37900, ,A,1001865309.000000000000000,30343504.000000000000000,+41.0311192,-089.3423714,,1.712604689613840,0.110527855036433,103220.891377392443246,1032.208913773924451
17,079,00424241,17079,0500000US17079,Jasper,Jasper County,06,H1,G4020, , , ,A,1281043617.000000000000000,9334509.000000000000000,+39.0048857,-088.1507245,,1.472463210029178,0.134197559511464,129037.870085460643168,1290.378700854606450
17,013,00424208,17013,0500000US17013,Calhoun,Calhoun County,06,H1,G4020,476,41180, ,A,657415184.000000000000000,77051402.000000000000000,+39.1642619,-090.6662948,,1.808864993702537,0.075405178047000,72343.561682668514550,723.435616826685191
17,121,00424259,17121,0500000US17121,Marion,Marion County,06,H1,G4020,476,16460, ,A,1482865623.000000000000000,9234118.000000000000000,+38.6482361,-088.9203624,,1.592125851782888,0.154405297324786,149210.015707004844444,1492.100157070048226
17,187,01785134,17187,0500000US17187,Warren,Warren County,06,H1,G4020, , , ,A,1404768298.000000000000000,1672625.000000000000000,+40.8504412,-090.6202228,,1.560421838587891,0.150187269968026,140644.151461308327271,1406.441514613083427
17,197,01785190,17197,0500000US17197,Will,Will County,06,H1,G4020,176,16980,16984,A,2164905500.000000000000000,34569925.000000000000000,+41.4484742,-087.9784563,1,2.497224109164498,0.236982849554978,219946.285397376253968,2199.462853973762321
17,153,01784966,17153,0500000US17153,Pulaski,Pulaski County,06,H1,G4020, , , ,A,516100615.000000000000000,9768333.000000000000000,+37.2156152,-089.1277549,,1.429881909018295,0.053386818462861,52584.547190277866321,525.845471902778741
17,119,00424258,17119,0500000US17119,Madison,Madison County,06,H1,G4020,476,41180, ,A,1853176519.000000000000000,63521524.000000000000000,+38.8271195,-089.9002267,,2.108967710787582,0.198669851431866,191509.322371945047053,1915.093223719450407
17,133,01784865,17133,0500000US17133,Monroe,Monroe County,06,H1,G4020,476,41180, ,A,997924034.000000000000000,33755285.000000000000000,+38.2779831,-090.1790777,,1.570160290625066,0.106091065558384,103041.492869686699123,1030.414928696867037
17,003,00424203,17003,0500000US17003,Alexander,Alexander County,06,H1,G4020,164,16020, ,A,609667767.000000000000000,44639203.000000000000000,+37.1836583,-089.3495158,,1.813858260380746,0.066162629721456,65194.830131584443734,651.948301315844446
17,043,00422191,17043,0500000US17043,DuPage,DuPage County,06,H1,G4020,176,16980,16984,A,849088852.000000000000000,22153881.000000000000000,+41.8520577,-088.0860389,1,1.284979234108066,0.094458459780065,87124.295444286384736,871.242954442863834
17,165,00424283,17165,0500000US17165,Saline,Saline County,06,H1,G4020, , , ,A,984171707.000000000000000,17977593.000000000000000,+37.7515083,-088.5450236,,1.282824119498088,0.102456122691097,100214.994888034052565,1002.149948880340503
17,097,01784796,17097,0500000US17097,Lake,Lake County,06,H1,G4020,176,16980,29404,A,1148932541.000000000000000,2395026197.000000000000000,+42.1859677,-087.8059389,1,1.614336450468211,0.132802417348730,121598.388411176085356,1215.983884111760744
17,117,00424257,17117,0500000US17117,Macoupin,Macoupin County,06,H1,G4020,476,41180, ,A,2235091100.000000000000000,12250027.000000000000000,+39.2659138,-089.9263301,,1.951467595342917,0.234541969331969,224734.199835386942141,2247.341998353869258
17,195,01785167,17195,0500000US17195,Whiteside,Whiteside County,06,H1,G4020,221,44580, ,A,1771808920.000000000000000,31883751.000000000000000,+41.7506733,-089.9110045,,1.982077055318494,0.195261514656071,180365.667319425963797,1803.656673194259611
17,107,00424255,17107,0500000US17107,Logan,Logan County,06,H1,G4020,522,30660, ,A,1600748259.000000000000000,2262329.000000000000000,+40.1292768,-089.3653086,,1.725008940231794,0.169368894431828,160301.104446034325520,1603.011044460343328
17,081,00424242,17081,0500000US17081,Jefferson,Jefferson County,06,H1,G4020, ,34500, ,A,1479490501.000000000000000,32550293.000000000000000,+38.3007796,-088.9242100,,1.590185337872807,0.155725530116807,151204.140364535560366,1512.041403645355558
17,101,00424252,17101,0500000US17101,Lawrence,Lawrence County,06,H1,G4020, , , ,A,963938126.000000000000000,5076516.000000000000000,+38.7189542,-087.7302207,,1.402586086264540,0.100332126450687,96862.551100509808748,968.625511005098133
17,143,01784920,17143,0500000US17143,Peoria,Peoria County,06,H1,G4020,427,37900, ,A,1602412932.000000000000000,29919375.000000000000000,+40.7859722,-089.7669933,,1.870484157757881,0.174151905960221,163233.288437673880253,1632.332884376738775
17,019,00424211,17019,0500000US17019,Champaign,Champaign County,06,H1,G4020,169,16580, ,A,2579898018.000000000000000,6110542.000000000000000,+40.1389845,-088.1969749,,2.108476050325073,0.273291282396376,258600.957613033388043,2586.009576130333699
17,045,00424224,17045,0500000US17045,Edgar,Edgar County,06,H1,G4020, , , ,A,1614400671.000000000000000,1565052.000000000000000,+39.6790370,-087.7471102,,1.750467143639877,0.169647255173640,161596.458955201378558,1615.964589552013877
17,021,00424212,17021,0500000US17021,Christian,Christian County,06,H1,G4020,522,45380, ,A,1837552893.000000000000000,16227346.000000000000000,+39.5455242,-089.2795927,,2.024309927324512,0.194246994857724,185378.093719364434946,1853.780937193644377
17,095,00424249,17095,0500000US17095,Knox,Knox County,06,H1,G4020, ,23660, ,A,1855428863.000000000000000,8837382.000000000000000,+40.9309446,-090.2137921,,1.785567339991832,0.199322311874623,186426.684321128617739,1864.266843211286414
17,111,01784815,17111,0500000US17111,McHenry,McHenry County,06,H1,G4020,176,16980,16984,A,1562790274.000000000000000,19871806.000000000000000,+42.3242982,-088.4522450,1,1.696023732586938,0.172836152429504,158251.066850384086138,1582.510668503840861
17,015,00424209,17015,0500000US17015,Carroll,Carroll County,06,H1,G4020, , , ,A,1153597400.000000000000000,55881822.000000000000000,+42.0709000,-089.9241894,,1.760705481191451,0.131537324239215,120918.257408635690808,1209.182574086356908
17,047,00424225,17047,0500000US17047,Edwards,Edwards County,06,H1,G4020, , , ,A,576012470.000000000000000,781202.000000000000000,+38.4170954,-088.0479408,,1.340173799532556,0.059497792077895,57679.389211028232239,576.793892110282286
17,071,00424237,17071,0500000US17071,Henderson,Henderson County,06,H1,G4020,161,15460, ,A,981068795.000000000000000,42565932.000000000000000,+40.8144710,-090.9412464,,1.550172213815010,0.109213120228735,102320.252962018537801,1023.202529620185373
17,077,00424240,17077,0500000US17077,Jackson,Jackson County,06,H1,G4020,166,16060, ,A,1511439596.000000000000000,48312243.000000000000000,+37.7860959,-089.3812119,,1.829408471389048,0.159466203764511,155911.639446338667767,1559.116394463386769
