Spp.,WV,IL_CC,Synonym 1,Synonym 2,Synonym 3,Synonym 4,Synonym 5,Synonym 6,Synonym 7,Synonym 8,Synonym 9,Synonym 10,Synonym 11,Synonym 12,Synonym 13,Synonym 14,Synonym 15,Synonym 16
Anagallis minima,FACW,5,Centunculus minimus,Lysimachia minima,,,,,,,,,,,,,,
Argentina anserina,FACW,6,Argentina argentea,Potentilla anserina,Potentilla egedii,Potentilla yukonensis,,,,,,,,,,,,
Aristolochia tomentosa,FAC,6,Isotrema tomentosa,Isotrema tomentosum,,,,,,,,,,,,,,
Athyrium filix-femina,FAC,6,Athyrium alpestre,Athyrium angustum,Athyrium asplenioides,Athyrium cyclosorum,,,,,,,,,,,,
Azolla microphylla,OBL,8,Azolla mexicana,,,,,,,,,,,,,,,
Bidens coronata,OBL,7,Bidens trichosperma,,,,,,,,,,,,,,,
Bolboschoenus fluviatilis,OBL,3,Schoenoplectus fluviatilis,Scirpus fluviatilis,,Scirpus maritimus,,,,,,,,,,,,
Bolboschoenus maritimus,OBL,4,Bolboschoenus paludosus,Scirpus fernaldii,Scirpus maritimus,Schoenoplectus maritimus,Scirpus pacificus,Scirpus paludosus,Scirpus campestris,,,,,,,,,
Botrychium biternatum,FAC,7,Botrychium dissectum,Sceptridium biternatum ,,,,,,,,,,,,,,
Botrychium dissectum,FAC,6,Botrychium obliquum,Sceptridium dissectum,,,,,,,,,,,,,,
Botrychium oneidense,FAC,10,Botrychium dissectum,Botrychium multifidum,Sceptridium oneidense,,,,,,,,,,,,,
Chamaesyce humistrata,FACW,1,Euphorbia humistrata,,,,,,,,,,,,,,,
Chamaesyce serpens,FACW,2,Euphorbia serpens,,,,,,,,,,,,,,,
Chamerion angustifolium,FAC,3,Chamaenerion angustifolium,Chamerion angustifolium,Chamerion spicatum,Epilobium angustifolium,Epilobium spicatum,Chamerion danielsii,Chamerion platyphyllum,Epilobium angustifolium,,,,,,,,
Cornus sericea,FACW,4,Cornus alba,Cornus baileyi,Cornus instolonea,Cornus interior,Cornus occidentalis,Cornus stolonifera,Cornus sericea,Swida instolonea,Swida sericea,Swida stolonifera,,,,,,
Dactylorhiza viridis,FAC,8,Coeloglossum bracteatum,Coeloglossum viride,Habenaria bracteata,Habenaria viridis,,,,,,,,,,,,
Deschampsia cespitosa,FACW,8,Aira caespitosa,Deschampsia bottnica,Deschampsia caespitosa,Deschampsia glauca,Deschampsia mackenzieana,Deschampsia obensis,Deschampsia paramushirensis,Deschampsia pumila,Deschampsia sukatschewii,,,,,,,
Dryopteris goldieana,FAC,10,Dryopteris goldiana,,,,,,,,,,,,,,,
Echinodorus tenellus,OBL,10,Echinodorus parvulus,Helianthium parvulum,Helanthium tenellum,,,,,,,,,,,,,
Elatine triandra,OBL,10,Elatine americana,Elatine brachysperma,,,,,,,,,,,,,,
Hibiscus lasiocarpos,OBL,5,Hibiscus californicus,Hibiscus leucophyllus,Hibiscus moscheutos,Hibiscus platanoides,,,,,,,,,,,,
Hierochloe hirta,FACW,7,Anthoxanthum hirtum,Hierochloe odorata,,,,,,,,,,,,,,
Ilex mucronata,OBL,10,Nemopanthus mucronatus,Vaccinium mucronatum,,,,,,,,,,,,,,
Iliamna rivularis,FAC,10,Iliamna acerifolia,Iliamna corei,Iliamna remota,Phymosia remota,Sphaeralcea rivularis,,,,,,,,,,,
Juncus arcticus,OBL,6,Juncus balticus,Juncus ater,,,,,,,,,,,,,,
Leptochloa fusca,OBL,0,Diplachne fusca,Diplachne acuminata,Diplachne fascicularis,Diplachne maritima,Leptochloa acuminata,Leptochloa fascicularis,Leptochloa fusca,Diplachne uninervia,Leptochloa uninervia,Megastachya uninervia,,,,,,
Leptochloa panicea,FACW,5,Dinebra panicea,Festuca filiformis,Leptochloa brachiata,Leptochloa filiformis,Leptochloa attenuata,Leptochloa filiformis,Leptochloa mucronata,,,,,,,,,
Leptochloa panicoides,FACW,9,Dinebra panicoides,Diplachne halei,Diplachne panicoides,Leptochloa floribunda,Megastachya panicoides,,,,,,,,,,,
Lycopodium dendroideum,FAC,10,Dendrolycopodium dendroideum,Lycopodium obscurum,,,,,,,,,,,,,,
Matelea gonocarpos,FACW,8,Gonolobus gonocarpos,Gonolobus suberosus,Matelea suberosa,Matelea suberosus,Vincetoxicum gonocarpos,Vincetoxicum suberosum,,,,,,,,,,
Nekemias arborea,FACW,6,Ampelopsis arborea,Ampelopsis bipinnata,,,,,,,,,,,,,,
Neobeckia aquatica,OBL,10,Armoracia aquatica,Armoracia lacustris,Nasturtium lacustre,Rorippa americana,Rorippa aquatica,,,,,,,,,,,
Nuphar lutea,OBL,6,Nuphar advena,Nuphar fluviatilis,Nuphar x interfluitans,Nuphar lutea,Nuphar microcarpa,Nuphar orbiculata,Nuphar ovata,Nuphar ozarkana,Nuphar puteora,Nymphaea advena,Nymphaea chartacea,Nymphaea fluviatilis,Nymphaea macrophylla,Nymphozanthus advena,Nymphozanthus ozarkanus,Nymphaea bombycina
Oligoneuron ohioense,OBL,10,Solidago ohioensis,,,,,,,,,,,,,,,
Oligoneuron riddellii,OBL,7,Solidago riddellii,,,,,,,,,,,,,,,
Osmunda cinnamomea,FACW,9,Osmundastrum cinnamomeum,,,,,,,,,,,,,,,
Osmunda regalis,OBL,8,Osmunda spectabilis,,,,,,,,,,,,,,,
Panicum anceps,FACW,3,Coleataenia anceps,Panicum anceps,Panicum rhizomatum,,,,,,,,,,,,,
Panicum gattingeri,FAC,5,Panicum capillare,Panicum philadelphicum,,,,,,,,,,,,,,
Panicum rigidulum,FACW,6,Coleataenia longifolia,Coleataenia rigidula,Coleataenia stipitata,Panicum agrostoides,Panicum anceps,Panicum condensum,Panicum elongatum,Panicum longifolium,Panicum rigidulum,Panicum stipitatum,,,,,,
Paspalum fluitans,OBL,5,Paspalum mucronatum,Paspalum repens,,,,,,,,,,,,,,
Phragmites australis ssp. americanus,FACW,1,Phragmites australis,Phragmites americanus,,,,,,,,,,,,,,
Platanthera dilatata,FACW,10,Piperia dilatata,Habenaria dilatata,Limnorchis dilatata,Platanthera dilatata,Platanthera x folsomii,,,,,,,,,,,
Platanthera peramoena,FACW,7,Blephariglotis peramoena,Habenaria peramoena,Platanthera fissa,,,,,,,,,,,,,
Polygonum amphibium,OBL,3,Persicaria amphibia,Persicaria coccinea,Persicaria muehlenbergii,Polygonum coccineum,Polygonum muehlenbergii,Persicaria mesochora,Persicaria nebraskensis,Polygonum amphibium,Polygonum fluitans,Polygonum hartwrightii,Polygonum inundatum,Polygonum natans,,,,
Polygonum arifolium,OBL,10,Persicaria arifolia,Polygonum arifolium,Tracaulon arifolium,,,,,,,,,,,,,
Polygonum careyi,FACW,10,Persicaria careyi,,,,,,,,,,,,,,,
Polygonum hydropiperoides,OBL,4,Persicaria hydropiperoides,Persicaria opelousana,Persicaria paludicola,Persicaria persicarioides,Polygonum opelousanum,,,,,,,,,,,
Polygonum lapathifolium,FACW,0,Persicaria incarnata,Persicaria lapathifolia,Persicaria tomentosa,Polygonum incanum,Polygonum incarnatum,Polygonum nodosum,Polygonum oneillii,Polygonum scabrum,Polygonum tomentosum,,,,,,,
Polygonum pensylvanicum,FACW,1,Persicaria bicornis,Persicaria longistyla,Persicaria mississippiensis,Persicaria pensylvanica,Polygonum bicorne,Polygonum longistylum,Polygonum mexicanum,Polygonum mississippiense,,,,,,,,
Polygonum punctatum,OBL,3,Persicaria punctata,Polygonum punctatum,Polygonum acre,,,,,,,,,,,,,
Polygonum sagittatum,OBL,5,Persicaria sagittata,Tracaulon sagittatum,Truellum sagittatum,,,,,,,,,,,,,
Polygonum scandens,FAC,2,Bilderdykia cristata,Bilderdykia dumetorum,Bilderdykia scandens,Fallopia cristata,Fallopia dumetorum,Fallopia scandens,Polygonum cristatum,Polygonum dumetorum,Reynoutria scandens,Tiniaria cristata,Tiniaria dumetorum,Tiniaria scandens,Reynoutria scandens ,,,
Polygonum setaceum,OBL,7,Persicaria setacea,Polygonum hydropiperoides,,,,,,,,,,,,,,
Polygonum virginianum,FAC,3,Antenoron virginianum,Persicaria virginiana,Polygonum virginianum,Tovara virginiana,,,,,,,,,,,,
Potentilla paradoxa,FACW,8,Potentilla nicolletii,Potentilla supina,,,,,,,,,,,,,,
Prenanthes crepidinea,FAC,9,Nabalus crepidineus,,,,,,,,,,,,,,,
Prenanthes racemosa,FACW,8,Nabalus racemosus,Prenanthes racemosa,,,,,,,,,,,,,,
Ranunculus cymbalaria,OBL,2,Cyrtorhyncha cymbalaria,Halerpestes cymbalaria,Ranunculus cymbalaria,,,,,,,,,,,,,
Rhododendron periclymenoides,FAC,10,Azalea nudiflora,Rhododendron nudiflorum,,,,,,,,,,,,,,
Rorippa curvipes,FACW,5,Radicula sinuata,Rorippa obtusa,Rorippa teres,Rorippa truncata,,,,,,,,,,,,
Rumex maritimus,FACW,2,Rumex fueginus,Rumex persicarioides,,,,,,,,,,,,,,
Rumex orbiculatus,OBL,7,Rumex britannica,,,,,,,,,,,,,,,
Rumex salicifolius,FACW,1,Rumex crassus,Rumex californicus,Rumex mexicanus,Rumex salicifolius,Rumex utahensis,Rumex lacustris,Rumex quadrangulivalvis ,Rumex subarcticus,Rumex triangulivalvis,Rumex transitorius,,,,,,
Samolus valerandi,OBL,5,Samolus floribundus,Samolus parviflorus,,,,,,,,,,,,,,
Saxifraga pensylvanica,OBL,10,Micranthes pensylvanica,Saxifraga forbesii,Saxifraga pensylvanica,,,,,,,,,,,,,
Smilax tamnoides,FAC,3,Smilax hispida,,,,,,,,,,,,,,,
Thelypteris noveboracensis,FAC,10,Dryopteris noveboracensis,Parathelypteris noveboracensis,Polypodium noveboracense,Thelypteris thelypterioides,,,,,,,,,,,,
Trachelospermum difforme,FACW,7,Thyrsanthella difformis,,,,,,,,,,,,,,,
Trichomanes boschianum,FACW,10,Vandenboschia boschiana,,,,,,,,,,,,,,,
Trichophorum cespitosum,OBL,10,Baeothryon caespitosum,Scirpus caespitosus,Scirpus cespitosus,Trichophorum caespitosum,,,,,,,,,,,,
Trientalis borealis,FAC,10,Trientalis americana,Trientalis europaea,Trientalis latifolia,,,,,,,,,,,,,
Zigadenus elegans,FAC,10,Anticlea coloradensis,Anticlea elegans,Zigadenus alpinus,,,,,,,,,,,,,
