Spp.,WV,IL_CC,Synonym
Anagallis minima,FACW,5,Lysimachia minima
Argentina anserina,FACW,6,Potentilla anserina
Azolla microphylla,OBL,8,Azolla mexicana
Bidens coronata,OBL,7,Bidens trichosperma
Bolboschoenus fluviatilis,OBL,3,Schoenoplectus fluviatilis
Bolboschoenus maritimus,OBL,4,Schoenoplectus maritimus
Chamaesyce humistrata,FACW,1,Euphorbia humistrata
Chamaesyce serpens,FACW,2,Euphorbia serpens
Cornus sericea,FACW,4,Cornus stolonifera
Deschampsia cespitosa,FACW,8,Deschampsia caespitosa
Echinodorus tenellus,OBL,10,Helanthium tenellum
Elatine triandra,OBL,10,Elatine brachysperma
Hibiscus lasiocarpos,OBL,5,Hibiscus moscheutos
Hierochloe hirta,FACW,7,Anthoxanthum hirtum
Ilex mucronata,OBL,10,Nemopanthus mucronatus
Juncus arcticus,OBL,6,Juncus balticus
Leptochloa fusca,OBL,0,Diplachne fusca
Leptochloa panicea,FACW,5,Dinebra panicea
Leptochloa panicoides,FACW,9,Dinebra panicoides
Matelea gonocarpos,FACW,8,Gonolobus suberosus
Nekemias arborea,FACW,6,Ampelopsis arborea
Neobeckia aquatica,OBL,10,Rorippa aquatica
Nuphar lutea,OBL,6,Nuphar advena
Oligoneuron ohioense,OBL,10,Solidago ohioensis
Oligoneuron riddellii,OBL,7,Solidago riddellii
Osmunda cinnamomea,FACW,9,Osmundastrum cinnamomeum
Osmunda regalis,OBL,8,Osmunda spectabilis
Panicum anceps,FACW,3,Coleataenia anceps
Panicum rigidulum,FACW,6,Coleataenia rigidula
Paspalum fluitans,OBL,5,Paspalum repens
Phragmites australis ssp. americanus,FACW,1,Phragmites australis
Platanthera dilatata,FACW,10,Piperia dilatata
Platanthera peramoena,FACW,7,Platanthera fissa
Polygonum amphibium,OBL,3,Persicaria amphibia
Polygonum arifolium,OBL,10,Persicaria arifolia
Polygonum careyi,FACW,10,Persicaria careyi
Polygonum hydropiperoides,OBL,4,Persicaria hydropiperoides
Polygonum lapathifolium,FACW,0,Persicaria lapathifolia
Polygonum pensylvanicum,FACW,1,Persicaria pensylvanica
Polygonum punctatum,OBL,3,Persicaria punctata
Polygonum sagittatum,OBL,5,Persicaria sagittata
Polygonum setaceum,OBL,7,Persicaria setacea
Potentilla paradoxa,FACW,8,Potentilla supina
Prenanthes racemosa,FACW,8,Nabalus racemosus
Ranunculus cymbalaria,OBL,2,Cyrtorhyncha cymbalaria
Rorippa curvipes,FACW,5,Rorippa truncata
Rumex maritimus,FACW,2,Rumex fueginus
Rumex orbiculatus,OBL,7,Rumex britannica
Rumex salicifolius,FACW,1,Rumex triangulivalvis
Samolus valerandi,OBL,5,Samolus parviflorus
Saxifraga pensylvanica,OBL,10,Micranthes pensylvanica
Trachelospermum difforme,FACW,7,Thyrsanthella difformis
Trichomanes boschianum,FACW,10,Vandenboschia boschiana
Trichophorum cespitosum,OBL,10,Trichophorum caespitosum
