OID_,SITE_ID,VISIT_NO,DEPTH,BD,TC,YEAR,LAT_ANALYS,LON_ANALYS,WETCLS_GRP,WETCLS_EVL,MAP,MAT,Elevation,Slope,Aspect,TWI,NDWI,NDVI
0,NWCA11-1529,1,13.000000000000000,1.29,1.130000000000000,2011,37.063727630000002,-89.244424240000001,PRLW,PFO,1257.0300293,14.5072002,321.5000000,2.0222399,56.8792992,6.3087301,-0.1575090,0.2757200
1,NWCA11-1529,1,21.000000000000000,1.2,1.310000000000000,2011,37.063727630000002,-89.244424240000001,PRLW,PFO,1257.0300293,14.5072002,321.5000000,2.0222399,56.8792992,6.3087301,-0.1575090,0.2757200
2,NWCA11-1529,1,37.000000000000000,1.05,1.770000000000000,2011,37.063727630000002,-89.244424240000001,PRLW,PFO,1257.0300293,14.5072002,321.5000000,2.0222399,56.8792992,6.3087301,-0.1575090,0.2757200
3,NWCA11-1529,1,60.000000000000000,0.84,1.450000000000000,2011,37.063727630000002,-89.244424240000001,PRLW,PFO,1257.0300293,14.5072002,321.5000000,2.0222399,56.8792992,6.3087301,-0.1575090,0.2757200
4,NWCA11-3316,1,15.000000000000000,0.87,4.480000000000000,2011,37.070538999999997,-89.242441999999997,PRLH,PUBPAB,1257.0000000,14.4986000,316.3770142,35.9277992,65.7583008,3.8295600,-0.1409400,0.1815180
5,NWCA11-3316,1,120.000000000000000,4.61,0.880000000000000,2011,37.070538999999997,-89.242441999999997,PRLH,PUBPAB,1257.0000000,14.4986000,316.3770142,35.9277992,65.7583008,3.8295600,-0.1409400,0.1815180
6,NWCA11-1533,1,36.000000000000000,1.23,1.620000000000000,2011,37.031246639999999,-89.197290789999997,PRLH,PEM,1248.0600586,14.5054998,306.6210022,6.7742600,50.4304008,8.4391899,-0.1590110,0.2760180
7,NWCA11-1533,1,60.000000000000000,1.25,1.540000000000000,2011,37.031246639999999,-89.197290789999997,PRLH,PEM,1248.0600586,14.5054998,306.6210022,6.7742600,50.4304008,8.4391899,-0.1590110,0.2760180
8,NWCA11-1533,1,125.000000000000000,NA,1.340000000000000,2011,37.031246639999999,-89.197290789999997,PRLH,PEM,1248.0600586,14.5054998,306.6210022,6.7742600,50.4304008,8.4391899,-0.1590110,0.2760180
9,NWCA16-2340,1,4.500000000000000,0.98,1.860000000000000,2016,37.481319999999997,-88.448759999999993,PRLW,PFO,1272.1099854,13.7629004,352.9939880,5.6322098,125.1660004,5.4201002,-0.2500000,0.3255810
10,NWCA16-2340,1,25.000000000000000,0.81,0.930000000000000,2016,37.481319999999997,-88.448759999999993,PRLW,PFO,1272.1099854,13.7629004,352.9939880,5.6322098,125.1660004,5.4201002,-0.2500000,0.3255810
11,NWCA16-2340,1,70.500000000000000,1.19,0.220000000000000,2016,37.481319999999997,-88.448759999999993,PRLW,PFO,1272.1099854,13.7629004,352.9939880,5.6322098,125.1660004,5.4201002,-0.2500000,0.3255810
12,NWCA16-2360,1,3.500000000000000,NA,2.640000000000000,2016,37.497940000000000,-88.437920000000005,PRLW,PFO,1270.2900391,13.8024998,353.4909973,0.8281600,268.0069885,6.4341898,-0.2627120,0.4411760
13,NWCA16-2360,1,21.500000000000000,1.15,0.480000000000000,2016,37.497940000000000,-88.437920000000005,PRLW,PFO,1270.2900391,13.8024998,353.4909973,0.8281600,268.0069885,6.4341898,-0.2627120,0.4411760
14,NWCA16-2360,1,68.000000000000000,1.02,0.880000000000000,2016,37.497940000000000,-88.437920000000005,PRLW,PFO,1270.2900391,13.8024998,353.4909973,0.8281600,268.0069885,6.4341898,-0.2627120,0.4411760
15,NWCA16-2348,1,2.000000000000000,NA,0.990000000000000,2016,37.682715000000002,-89.126311000000001,PRLW,PFO,1216.9899902,13.5306997,429.2789917,4.4640298,123.9199982,8.9385900,-0.0917031,0.1296300
16,NWCA16-2348,1,8.500000000000000,1.1,0.670000000000000,2016,37.682715000000002,-89.126311000000001,PRLW,PFO,1216.9899902,13.5306997,429.2789917,4.4640298,123.9199982,8.9385900,-0.0917031,0.1296300
17,NWCA16-2348,1,25.000000000000000,NA,0.580000000000000,2016,37.682715000000002,-89.126311000000001,PRLW,PFO,1216.9899902,13.5306997,429.2789917,4.4640298,123.9199982,8.9385900,-0.0917031,0.1296300
18,NWCA16-2348,1,41.000000000000000,NA,0.510000000000000,2016,37.682715000000002,-89.126311000000001,PRLW,PFO,1216.9899902,13.5306997,429.2789917,4.4640298,123.9199982,8.9385900,-0.0917031,0.1296300
19,NWCA16-2348,1,57.500000000000000,NA,0.590000000000000,2016,37.682715000000002,-89.126311000000001,PRLW,PFO,1216.9899902,13.5306997,429.2789917,4.4640298,123.9199982,8.9385900,-0.0917031,0.1296300
20,NWCA16-2284,1,18.000000000000000,0.76,1.770000000000000,2016,37.729230000000001,-89.466290000000001,PRLW,PFO,1142.7199707,13.7537003,358.4240112,0.7522560,164.6710052,9.2717505,-0.1935480,0.2884620
21,NWCA16-2284,1,46.500000000000000,0.87,1.440000000000000,2016,37.729230000000001,-89.466290000000001,PRLW,PFO,1142.7199707,13.7537003,358.4240112,0.7522560,164.6710052,9.2717505,-0.1935480,0.2884620
22,NWCA16-2300,1,13.000000000000000,0.8,2.410000000000000,2016,37.704639999999998,-89.441800000000001,PRLW,PFO,1140.7299805,13.7309999,357.3659973,0.5829330,295.7619934,8.0851402,-0.1515150,0.2643680
23,NWCA16-2300,1,50.500000000000000,0.91,1.090000000000000,2016,37.704639999999998,-89.441800000000001,PRLW,PFO,1140.7299805,13.7309999,357.3659973,0.5829330,295.7619934,8.0851402,-0.1515150,0.2643680
24,NWCA16-2387,1,3.500000000000000,NA,33.640000000000001,2016,37.704383999999997,-89.458594000000005,PRLW,PFO,1128.5000000,13.7500000,358.1650085,2.2426200,346.3389893,6.8231502,-0.2457630,0.3392860
25,NWCA16-2387,1,28.000000000000000,0.73,1.630000000000000,2016,37.704383999999997,-89.458594000000005,PRLW,PFO,1128.5000000,13.7500000,358.1650085,2.2426200,346.3389893,6.8231502,-0.2457630,0.3392860
26,NWCA16-2387,1,58.500000000000000,0.82,0.860000000000000,2016,37.704383999999997,-89.458594000000005,PRLW,PFO,1128.5000000,13.7500000,358.1650085,2.2426200,346.3389893,6.8231502,-0.2457630,0.3392860
27,NWCA16-2387,1,84.000000000000000,NA,0.840000000000000,2016,37.704383999999997,-89.458594000000005,PRLW,PFO,1128.5000000,13.7500000,358.1650085,2.2426200,346.3389893,6.8231502,-0.2457630,0.3392860
28,NWCA11-3317,1,15.000000000000000,1.12,2.120000000000000,2011,37.939610479999999,-89.816085409999999,PRLW,PFO,1112.5500488,13.4625998,422.7080078,1.7953399,114.3450012,8.0606298,-0.1950210,0.2530120
29,NWCA11-3317,1,46.000000000000000,1.33,0.710000000000000,2011,37.939610479999999,-89.816085409999999,PRLW,PFO,1112.5500488,13.4625998,422.7080078,1.7953399,114.3450012,8.0606298,-0.1950210,0.2530120
30,NWCA11-3317,1,60.000000000000000,1.41,0.490000000000000,2011,37.939610479999999,-89.816085409999999,PRLW,PFO,1112.5500488,13.4625998,422.7080078,1.7953399,114.3450012,8.0606298,-0.1950210,0.2530120
31,NWCA16-2327,1,7.000000000000000,0.79,2.870000000000000,2016,37.945402000000001,-89.392559000000006,PRLW,PFO,1161.0899658,13.5277996,383.9440002,0.6643500,53.5038986,8.4351501,-0.2116180,0.2290080
32,NWCA16-2327,1,22.500000000000000,1.13,1.420000000000000,2016,37.945402000000001,-89.392559000000006,PRLW,PFO,1161.0899658,13.5277996,383.9440002,0.6643500,53.5038986,8.4351501,-0.2116180,0.2290080
33,NWCA16-2327,1,36.500000000000000,0.98,0.880000000000000,2016,37.945402000000001,-89.392559000000006,PRLW,PFO,1161.0899658,13.5277996,383.9440002,0.6643500,53.5038986,8.4351501,-0.2116180,0.2290080
34,NWCA16-2327,1,53.500000000000000,NA,0.780000000000000,2016,37.945402000000001,-89.392559000000006,PRLW,PFO,1161.0899658,13.5277996,383.9440002,0.6643500,53.5038986,8.4351501,-0.2116180,0.2290080
35,NWCA16-2343,1,10.000000000000000,0.89,2.540000000000000,2016,37.939090000000000,-89.377409999999998,PRLW,PFO,1163.5500488,13.5007000,377.1669922,2.9740100,160.6069946,5.1134701,-0.1384620,0.1737450
36,NWCA16-2343,1,29.000000000000000,1.07,0.700000000000000,2016,37.939090000000000,-89.377409999999998,PRLW,PFO,1163.5500488,13.5007000,377.1669922,2.9740100,160.6069946,5.1134701,-0.1384620,0.1737450
37,NWCA16-2343,1,49.000000000000000,1.07,0.630000000000000,2016,37.939090000000000,-89.377409999999998,PRLW,PFO,1163.5500488,13.5007000,377.1669922,2.9740100,160.6069946,5.1134701,-0.1384620,0.1737450
38,NWCA16-2343,1,75.000000000000000,NA,0.950000000000000,2016,37.939090000000000,-89.377409999999998,PRLW,PFO,1163.5500488,13.5007000,377.1669922,2.9740100,160.6069946,5.1134701,-0.1384620,0.1737450
39,NWCA16-2381,1,9.500000000000000,0.86,2.160000000000000,2016,38.079880000000003,-89.961730000000003,PRLW,PSS,1088.8599854,13.6647997,371.7680054,1.3316000,163.7019958,5.3748999,-0.2464790,0.4027150
40,NWCA16-2381,1,25.000000000000000,1.05,1.180000000000000,2016,38.079880000000003,-89.961730000000003,PRLW,PSS,1088.8599854,13.6647997,371.7680054,1.3316000,163.7019958,5.3748999,-0.2464790,0.4027150
41,NWCA16-2381,1,40.000000000000000,1.1,0.800000000000000,2016,38.079880000000003,-89.961730000000003,PRLW,PSS,1088.8599854,13.6647997,371.7680054,1.3316000,163.7019958,5.3748999,-0.2464790,0.4027150
42,NWCA16-2381,1,64.500000000000000,1.26,0.460000000000000,2016,38.079880000000003,-89.961730000000003,PRLW,PSS,1088.8599854,13.6647997,371.7680054,1.3316000,163.7019958,5.3748999,-0.2464790,0.4027150
43,NWCA16-2381,1,90.000000000000000,NA,0.400000000000000,2016,38.079880000000003,-89.961730000000003,PRLW,PSS,1088.8599854,13.6647997,371.7680054,1.3316000,163.7019958,5.3748999,-0.2464790,0.4027150
44,NWCA11-R053,1,30.000000000000000,1.12,1.830000000000000,2011,38.906599999999997,-89.100600000000000,PRLW,PFO,1114.5200195,12.6618004,464.5000000,0.0000137,-1.0000000,9.5526505,-0.1906610,0.1906350
45,NWCA11-R053,1,60.000000000000000,1.21,1.620000000000000,2011,38.906599999999997,-89.100600000000000,PRLW,PFO,1114.5200195,12.6618004,464.5000000,0.0000137,-1.0000000,9.5526505,-0.1906610,0.1906350
46,NWCA16-2333,1,22.500000000000000,0.96,2.740000000000000,2016,38.969025999999999,-88.971287000000004,PRLW,PFO,1107.7199707,12.4895000,529.1920166,9.7837801,250.1410065,8.1644096,-0.2647060,0.4318180
47,NWCA16-2333,1,54.500000000000000,0.91,0.860000000000000,2016,38.969025999999999,-88.971287000000004,PRLW,PFO,1107.7199707,12.4895000,529.1920166,9.7837801,250.1410065,8.1644096,-0.2647060,0.4318180
48,NWCA16-2364,1,10.000000000000000,1.01,1.270000000000000,2016,39.030600000000000,-89.576930000000004,PRLW,PFO,1068.6800537,12.5187998,533.8179932,1.6262900,45.7075996,6.3577900,-0.2334800,0.3299490
49,NWCA16-2364,1,26.000000000000000,1.24,0.270000000000000,2016,39.030600000000000,-89.576930000000004,PRLW,PFO,1068.6800537,12.5187998,533.8179932,1.6262900,45.7075996,6.3577900,-0.2334800,0.3299490
50,NWCA16-2364,1,50.000000000000000,1.01,0.180000000000000,2016,39.030600000000000,-89.576930000000004,PRLW,PFO,1068.6800537,12.5187998,533.8179932,1.6262900,45.7075996,6.3577900,-0.2334800,0.3299490
51,NWCA16-2364,1,84.000000000000000,NA,0.430000000000000,2016,39.030600000000000,-89.576930000000004,PRLW,PFO,1068.6800537,12.5187998,533.8179932,1.6262900,45.7075996,6.3577900,-0.2334800,0.3299490
52,NWCA16-2325,1,16.000000000000000,1.02,3.210000000000000,2016,39.813960000000002,-89.077420000000004,PRLW,PFO,999.2280273,11.7397003,585.2069702,2.3152800,203.8979950,16.2551994,-0.1528660,0.2671230
53,NWCA16-2325,1,38.500000000000000,1.05,2.500000000000000,2016,39.813960000000002,-89.077420000000004,PRLW,PFO,999.2280273,11.7397003,585.2069702,2.3152800,203.8979950,16.2551994,-0.1528660,0.2671230
54,NWCA16-2325,1,53.000000000000000,1.09,2.460000000000000,2016,39.813960000000002,-89.077420000000004,PRLW,PFO,999.2280273,11.7397003,585.2069702,2.3152800,203.8979950,16.2551994,-0.1528660,0.2671230
55,NWCA16-2325,1,80.500000000000000,NA,0.900000000000000,2016,39.813960000000002,-89.077420000000004,PRLW,PFO,999.2280273,11.7397003,585.2069702,2.3152800,203.8979950,16.2551994,-0.1528660,0.2671230
56,NWCA11-1528,1,15.000000000000000,0.97,4.120000000000000,2011,40.585319669999997,-87.864887179999997,PRLW,PFO,999.5510254,10.8095999,653.1790161,1.1664701,98.4894028,8.2290401,-0.1622640,0.2191240
57,NWCA11-1528,1,46.000000000000000,1.26,3.080000000000000,2011,40.585319669999997,-87.864887179999997,PRLW,PFO,999.5510254,10.8095999,653.1790161,1.1664701,98.4894028,8.2290401,-0.1622640,0.2191240
58,NWCA11-1528,1,60.000000000000000,1.25,2.450000000000000,2011,40.585319669999997,-87.864887179999997,PRLW,PFO,999.5510254,10.8095999,653.1790161,1.1664701,98.4894028,8.2290401,-0.1622640,0.2191240
59,NWCA11-3315,1,30.000000000000000,1.03,5.040000000000000,2011,41.276949940000002,-87.866505390000000,PRLH,PEM,1022.6199951,10.3126001,662.5449829,26.4596996,140.5549927,3.6978400,-0.2229730,0.2941180
60,NWCA11-3315,1,90.000000000000000,1.14,3.670000000000000,2011,41.276949940000002,-87.866505390000000,PRLH,PEM,1022.6199951,10.3126001,662.5449829,26.4596996,140.5549927,3.6978400,-0.2229730,0.2941180
61,NWCA11-3315,1,114.000000000000000,NA,0.690000000000000,2011,41.276949940000002,-87.866505390000000,PRLH,PEM,1022.6199951,10.3126001,662.5449829,26.4596996,140.5549927,3.6978400,-0.2229730,0.2941180
62,NWCA11-3315,1,125.000000000000000,NA,2.530000000000000,2011,41.276949940000002,-87.866505390000000,PRLH,PEM,1022.6199951,10.3126001,662.5449829,26.4596996,140.5549927,3.6978400,-0.2229730,0.2941180
63,NWCA11-1531,1,15.000000000000000,1.14,5.000000000000000,2011,41.507489430000000,-88.770942030000000,PRLW,PFO,953.6489868,9.9309998,582.0360107,8.2054195,209.7660065,7.7457800,-0.1011240,0.2469140
64,NWCA11-1531,1,30.000000000000000,1.3,3.610000000000000,2011,41.507489430000000,-88.770942030000000,PRLW,PFO,953.6489868,9.9309998,582.0360107,8.2054195,209.7660065,7.7457800,-0.1011240,0.2469140
65,NWCA11-1531,1,51.000000000000000,1.19,3.490000000000000,2011,41.507489430000000,-88.770942030000000,PRLW,PFO,953.6489868,9.9309998,582.0360107,8.2054195,209.7660065,7.7457800,-0.1011240,0.2469140
66,NWCA11-1531,1,76.000000000000000,1.41,3.100000000000000,2011,41.507489430000000,-88.770942030000000,PRLW,PFO,953.6489868,9.9309998,582.0360107,8.2054195,209.7660065,7.7457800,-0.1011240,0.2469140
67,NWCA11-1531,1,90.000000000000000,NA,2.580000000000000,2011,41.507489430000000,-88.770942030000000,PRLW,PFO,953.6489868,9.9309998,582.0360107,8.2054195,209.7660065,7.7457800,-0.1011240,0.2469140
68,NWCA11-1531,1,115.000000000000000,NA,2.340000000000000,2011,41.507489430000000,-88.770942030000000,PRLW,PFO,953.6489868,9.9309998,582.0360107,8.2054195,209.7660065,7.7457800,-0.1011240,0.2469140
69,NWCA16-2290,1,12.500000000000000,0.91,2.650000000000000,2016,41.506160000000001,-88.772379999999998,PRLW,PFO,953.6489868,9.9309998,586.8670044,4.6766901,79.5369034,4.8619599,-0.1545190,0.1893690
70,NWCA16-2290,1,39.000000000000000,1.03,1.250000000000000,2016,41.506160000000001,-88.772379999999998,PRLW,PFO,953.6489868,9.9309998,586.8670044,4.6766901,79.5369034,4.8619599,-0.1545190,0.1893690
71,NWCA16-2362,1,18.000000000000000,0.15,41.399999999999999,2016,41.651739999999997,-88.069519999999997,PRLH,PEM,1005.1400146,10.3051004,587.3750000,5.3625498,108.4639969,10.4509001,-0.1197180,0.2145450
72,NWCA11-1515,1,15.000000000000000,0.91,4.670000000000000,2011,42.415736529999997,-90.411594800000003,PRLH,PEM,979.6859741,8.7934904,601.9819946,0.4233060,342.5910034,6.7867298,-0.2611940,0.3803920
73,NWCA11-1515,1,70.000000000000000,1.38,2.430000000000000,2011,42.415736529999997,-90.411594800000003,PRLH,PEM,979.6859741,8.7934904,601.9819946,0.4233060,342.5910034,6.7867298,-0.2611940,0.3803920
74,NWCA11-1515,1,125.000000000000000,NA,1.930000000000000,2011,42.415736529999997,-90.411594800000003,PRLH,PEM,979.6859741,8.7934904,601.9819946,0.4233060,342.5910034,6.7867298,-0.2611940,0.3803920
75,NWCA11-1515,2,13.000000000000000,0.91,4.570000000000000,2011,42.415736529999997,-90.411594800000003,PRLH,PEM,979.6859741,8.7934904,601.9819946,0.4233060,342.5910034,6.7867298,-0.2611940,0.3803920
76,NWCA11-1515,2,51.000000000000000,1.15,2.580000000000000,2011,42.415736529999997,-90.411594800000003,PRLH,PEM,979.6859741,8.7934904,601.9819946,0.4233060,342.5910034,6.7867298,-0.2611940,0.3803920
77,NWCA11-1515,2,69.000000000000000,1.28,2.170000000000000,2011,42.415736529999997,-90.411594800000003,PRLH,PEM,979.6859741,8.7934904,601.9819946,0.4233060,342.5910034,6.7867298,-0.2611940,0.3803920
78,NWCA11-1515,2,123.000000000000000,NA,2.170000000000000,2011,42.415736529999997,-90.411594800000003,PRLH,PEM,979.6859741,8.7934904,601.9819946,0.4233060,342.5910034,6.7867298,-0.2611940,0.3803920
79,NWCA16-2281,1,18.500000000000000,0.83,3.760000000000000,2016,42.416162999999997,-90.411154999999994,PRLH,PEM,979.6859741,8.7934904,601.6859741,0.4770020,24.0165005,7.7450800,-0.2883440,0.3627760
80,NWCA16-2281,1,54.500000000000000,1.06,2.180000000000000,2016,42.416162999999997,-90.411154999999994,PRLH,PEM,979.6859741,8.7934904,601.6859741,0.4770020,24.0165005,7.7450800,-0.2883440,0.3627760
81,NWCA16-2281,1,86.000000000000000,NA,1.940000000000000,2016,42.416162999999997,-90.411154999999994,PRLH,PEM,979.6859741,8.7934904,601.6859741,0.4770020,24.0165005,7.7450800,-0.2883440,0.3627760
82,NWCA16-2281,2,11.500000000000000,0.85,3.430000000000000,2016,42.416162999999997,-90.411154999999994,PRLH,PEM,979.6859741,8.7934904,601.6859741,0.4770020,24.0165005,7.7450800,-0.2883440,0.3627760
83,NWCA16-2281,2,49.500000000000000,1.04,2.150000000000000,2016,42.416162999999997,-90.411154999999994,PRLH,PEM,979.6859741,8.7934904,601.6859741,0.4770020,24.0165005,7.7450800,-0.2883440,0.3627760
84,NWCA16-2281,2,88.000000000000000,NA,2.140000000000000,2016,42.416162999999997,-90.411154999999994,PRLH,PEM,979.6859741,8.7934904,601.6859741,0.4770020,24.0165005,7.7450800,-0.2883440,0.3627760
85,NWCA11-1535,1,17.000000000000000,0.23,8.130000000000001,2011,42.345209550000000,-87.937415840000000,PRLW,PFO,953.5919800,9.3613195,655.6749878,3.3956599,166.8580017,6.3784900,-0.3937280,0.4765620
86,NWCA11-1535,1,34.000000000000000,0.2,5.780000000000000,2011,42.345209550000000,-87.937415840000000,PRLW,PFO,953.5919800,9.3613195,655.6749878,3.3956599,166.8580017,6.3784900,-0.3937280,0.4765620
87,NWCA11-1535,1,48.000000000000000,1.55,4.580000000000000,2011,42.345209550000000,-87.937415840000000,PRLW,PFO,953.5919800,9.3613195,655.6749878,3.3956599,166.8580017,6.3784900,-0.3937280,0.4765620
88,NWCA11-1535,1,60.000000000000000,1.58,3.140000000000000,2011,42.345209550000000,-87.937415840000000,PRLW,PFO,953.5919800,9.3613195,655.6749878,3.3956599,166.8580017,6.3784900,-0.3937280,0.4765620
89,NWCA11-1535,1,102.000000000000000,NA,1.410000000000000,2011,42.345209550000000,-87.937415840000000,PRLW,PFO,953.5919800,9.3613195,655.6749878,3.3956599,166.8580017,6.3784900,-0.3937280,0.4765620
90,NWCA11-1535,1,125.000000000000000,NA,1.470000000000000,2011,42.345209550000000,-87.937415840000000,PRLW,PFO,953.5919800,9.3613195,655.6749878,3.3956599,166.8580017,6.3784900,-0.3937280,0.4765620
91,NWCA16-2310,1,12.000000000000000,0.55,7.210000000000000,2016,42.348909999999997,-87.935659999999999,PRLH,PEM,953.5919800,9.3613195,656.2490234,2.9100201,24.1396999,9.7008495,-0.2835820,0.4324320
92,NWCA16-2310,1,42.500000000000000,0.79,5.610000000000000,2016,42.348909999999997,-87.935659999999999,PRLH,PEM,953.5919800,9.3613195,656.2490234,2.9100201,24.1396999,9.7008495,-0.2835820,0.4324320
93,NWCA16-2310,1,80.500000000000000,NA,10.520000000000000,2016,42.348909999999997,-87.935659999999999,PRLH,PEM,953.5919800,9.3613195,656.2490234,2.9100201,24.1396999,9.7008495,-0.2835820,0.4324320
94,NWCA16-2346,1,11.500000000000000,0.3,12.369999999999999,2016,42.445250000000001,-88.299728999999999,PRLH,PEM,942.4589844,8.7255201,768.3439941,7.7186399,65.6355972,9.5855904,-0.1314290,0.1661970
95,NWCA16-2346,1,47.500000000000000,0.83,9.039999999999999,2016,42.445250000000001,-88.299728999999999,PRLH,PEM,942.4589844,8.7255201,768.3439941,7.7186399,65.6355972,9.5855904,-0.1314290,0.1661970
96,NWCA16-2346,1,86.000000000000000,NA,3.940000000000000,2016,42.445250000000001,-88.299728999999999,PRLH,PEM,942.4589844,8.7255201,768.3439941,7.7186399,65.6355972,9.5855904,-0.1314290,0.1661970
97,NWCA16-2302,1,12.500000000000000,0.16,47.820000000000000,2016,42.442720000000001,-88.195589999999996,PRLW,PSS,944.2199707,8.7146196,746.6359863,0.5632710,192.4530029,7.9979901,-0.3148790,0.3714290
98,NWCA16-2302,1,36.500000000000000,0.18,47.729999999999997,2016,42.442720000000001,-88.195589999999996,PRLW,PSS,944.2199707,8.7146196,746.6359863,0.5632710,192.4530029,7.9979901,-0.3148790,0.3714290
99,NWCA16-2302,1,74.000000000000000,0.16,50.350000000000001,2016,42.442720000000001,-88.195589999999996,PRLW,PSS,944.2199707,8.7146196,746.6359863,0.5632710,192.4530029,7.9979901,-0.3148790,0.3714290
100,NWCA11-3322,1,10.000000000000000,0.77,7.540000000000000,2011,42.458618659999999,-88.071664409999997,PRLH,PEM,943.4299927,8.7121801,773.0590210,3.5677099,198.5749969,10.1511002,-0.2040820,0.2759860
101,NWCA11-3322,1,18.000000000000000,1.98,5.100000000000000,2011,42.458618659999999,-88.071664409999997,PRLH,PEM,943.4299927,8.7121801,773.0590210,3.5677099,198.5749969,10.1511002,-0.2040820,0.2759860
102,NWCA11-3322,1,78.000000000000000,2.26,4.640000000000000,2011,42.458618659999999,-88.071664409999997,PRLH,PEM,943.4299927,8.7121801,773.0590210,3.5677099,198.5749969,10.1511002,-0.2040820,0.2759860
103,NWCA11-1532,1,25.000000000000000,0.69,30.320000000000000,2011,42.459712949999997,-88.077624279999995,PRLH,PEM,943.4299927,8.7121801,777.2680054,3.6924100,266.1170044,4.0232801,-0.2300470,0.3333330
104,NWCA11-1532,1,84.000000000000000,0.8,41.219999999999999,2011,42.459712949999997,-88.077624279999995,PRLH,PEM,943.4299927,8.7121801,777.2680054,3.6924100,266.1170044,4.0232801,-0.2300470,0.3333330
105,NWCA11-1516,2,12.000000000000000,0.34,18.739999999999998,2011,42.435173900000002,-88.030158819999997,PRLH,PEM,946.8489990,8.7831497,758.4409790,5.3540301,311.0429993,5.8048100,-0.2182410,0.3049650
106,NWCA11-1516,2,20.000000000000000,0.78,6.230000000000000,2011,42.435173900000002,-88.030158819999997,PRLH,PEM,946.8489990,8.7831497,758.4409790,5.3540301,311.0429993,5.8048100,-0.2182410,0.3049650
107,NWCA11-1516,2,125.000000000000000,1.04,4.190000000000000,2011,42.435173900000002,-88.030158819999997,PRLH,PEM,946.8489990,8.7831497,758.4409790,5.3540301,311.0429993,5.8048100,-0.2182410,0.3049650
108,NWCA11-1516,1,15.000000000000000,0.24,21.899999999999999,2011,42.435173900000002,-88.030158819999997,PRLH,PEM,946.8489990,8.7831497,758.4409790,5.3540301,311.0429993,5.8048100,-0.2182410,0.3049650
109,NWCA11-1516,1,125.000000000000000,1.46,4.240000000000000,2011,42.435173900000002,-88.030158819999997,PRLH,PEM,946.8489990,8.7831497,758.4409790,5.3540301,311.0429993,5.8048100,-0.2182410,0.3049650
110,NWCA16-2280,1,7.500000000000000,0.25,19.750000000000000,2016,42.435454000000000,-88.030421000000004,PRLH,PEM,946.8489990,8.7831497,757.5180054,2.0062499,79.5155029,7.9403400,-0.2145210,0.2406780
111,NWCA16-2280,1,28.000000000000000,0.5,8.830000000000000,2016,42.435454000000000,-88.030421000000004,PRLH,PEM,946.8489990,8.7831497,757.5180054,2.0062499,79.5155029,7.9403400,-0.2145210,0.2406780
112,NWCA16-2280,1,51.000000000000000,0.35,12.170000000000000,2016,42.435454000000000,-88.030421000000004,PRLH,PEM,946.8489990,8.7831497,757.5180054,2.0062499,79.5155029,7.9403400,-0.2145210,0.2406780
113,NWCA16-2280,1,80.500000000000000,NA,14.869999999999999,2016,42.435454000000000,-88.030421000000004,PRLH,PEM,946.8489990,8.7831497,757.5180054,2.0062499,79.5155029,7.9403400,-0.2145210,0.2406780
114,NWCA16-2280,2,10.000000000000000,0.31,17.719999999999999,2016,42.435454000000000,-88.030421000000004,PRLH,PEM,946.8489990,8.7831497,757.5180054,2.0062499,79.5155029,7.9403400,-0.2145210,0.2406780
115,NWCA16-2280,2,31.000000000000000,0.4,9.590000000000000,2016,42.435454000000000,-88.030421000000004,PRLH,PEM,946.8489990,8.7831497,757.5180054,2.0062499,79.5155029,7.9403400,-0.2145210,0.2406780
116,NWCA16-2280,2,51.000000000000000,0.27,21.210000000000001,2016,42.435454000000000,-88.030421000000004,PRLH,PEM,946.8489990,8.7831497,757.5180054,2.0062499,79.5155029,7.9403400,-0.2145210,0.2406780
117,NWCA16-2280,2,80.000000000000000,NA,9.090000000000000,2016,42.435454000000000,-88.030421000000004,PRLH,PEM,946.8489990,8.7831497,757.5180054,2.0062499,79.5155029,7.9403400,-0.2145210,0.2406780
118,NWCA16-2318,1,11.000000000000000,0.86,4.550000000000000,2016,42.392052999999997,-87.915789000000004,PRLW,PSS,945.8460083,9.1861601,660.6799927,4.8588500,99.4113998,5.3969002,-0.3230770,0.4297190
119,NWCA16-2318,1,32.000000000000000,0.94,1.990000000000000,2016,42.392052999999997,-87.915789000000004,PRLW,PSS,945.8460083,9.1861601,660.6799927,4.8588500,99.4113998,5.3969002,-0.3230770,0.4297190
120,NWCA16-2318,1,58.000000000000000,1.15,1.100000000000000,2016,42.392052999999997,-87.915789000000004,PRLW,PSS,945.8460083,9.1861601,660.6799927,4.8588500,99.4113998,5.3969002,-0.3230770,0.4297190
121,NWCA16-2318,1,87.000000000000000,NA,0.490000000000000,2016,42.392052999999997,-87.915789000000004,PRLW,PSS,945.8460083,9.1861601,660.6799927,4.8588500,99.4113998,5.3969002,-0.3230770,0.4297190
122,NWCA11-R114,1,13.000000000000000,0.47,8.080000000000000,2011,42.420009999999998,-87.809799999999996,PRLH,PEM,920.3900146,9.0658903,582.9630127,2.0065100,130.7870026,7.3799000,-0.1928570,0.2851710
123,NWCA11-R114,1,24.000000000000000,0.76,1.430000000000000,2011,42.420009999999998,-87.809799999999996,PRLH,PEM,920.3900146,9.0658903,582.9630127,2.0065100,130.7870026,7.3799000,-0.1928570,0.2851710
124,NWCA11-R114,1,76.000000000000000,1.19,0.680000000000000,2011,42.420009999999998,-87.809799999999996,PRLH,PEM,920.3900146,9.0658903,582.9630127,2.0065100,130.7870026,7.3799000,-0.1928570,0.2851710
125,NWCA16-R201,1,9.000000000000000,0.03,48.159999999999997,2016,42.492280000000001,-88.284450000000007,PRLH,PEM,935.0620117,8.6911697,794.8679810,0.9152770,304.3859863,7.5486798,-0.1677850,0.1456310
126,NWCA16-R201,1,27.000000000000000,0.04,49.409999999999997,2016,42.492280000000001,-88.284450000000007,PRLH,PEM,935.0620117,8.6911697,794.8679810,0.9152770,304.3859863,7.5486798,-0.1677850,0.1456310
