"NAME","mean_PF_diff","mean_IE_diff","mean_SPF_diff","mean_SF_diff","min_PF_diff","min_IE_diff","min_SPF_diff","min_SF_diff","max_PF_diff","max_IE_diff","max_SPF_diff","max_SF_diff"
"Adams",-0.16135431716256,-5.67840432925861,-5.85331122056862,-6.25428724552647,-0.16135431716256,-5.57756844103213,-5.72561541765143,-6.01785376335923,-0.16135431716256,-5.78447638263889,-5.98849485344398,-6.46542717755389
"Alexander",0,-0.366168702373918,-0.415997738296008,-2.9612548451245,0,-0.36525836195868,-0.406409900119711,-4.5526342002473,0,-0.367079758477302,-0.425586292160447,-1.3923448332841
"Bond",0.010910265211808,-5.49111969077258,-5.75959312442121,-6.127584341117,0.010910265211808,-5.32493331278945,-5.58272893983271,-5.82255525320954,0.010910265211808,-5.64889745434086,-5.92804869459491,-6.42420481460967
"Boone",-0.684102898841754,-0.943070563236752,-1.22928250873009,-5.5974683143773,-0.725050015269118,-0.988488067350691,-1.25458084320015,-5.4958625967699,-0.596161161542476,-0.850658438250909,-1.15698955338811,-6.0398038253664
"Brown",-0.000609114751453976,-10.3521684031969,-10.8917444461992,-11.0705717326326,-0.000609114751453976,-9.99250942612292,-10.4389208884061,-10.6733162168392,-0.000609114751453976,-10.7271495042006,-11.3598901279217,-11.4831454282364
"Bureau",-0.0014096683209458,-0.84721165477985,-1.34678909548637,-2.2655425949415,-0.0014096683209458,-0.74542525130868,-1.30808468494681,-1.9218565051657,-0.0014096683209458,-0.94838549683818,-1.38274690553651,-2.89497319144
"Calhoun",-0.00440552834921958,-2.0265217911572,-2.38320737651725,-5.0423149723649,-0.00440552834921958,-1.99755782674837,-2.30011802534479,-4.9466912035269,-0.00440552834921958,-2.05722019170217,-2.46803116382585,-5.1970414389535
"Carroll",-0.265845951922664,-2.03452522590743,-2.76611609776832,-5.1641395608156,-0.265845951922664,-2.01465265300239,-2.72100947829412,-4.9730103157428,-0.265845951922664,-1.9792541428814,-2.73607906131146,-5.3125295059619
"Cass",-0.0490192663257342,-0.95231751144431,-1.51904652479719,-1.8535477148179,-0.0490192663257342,-0.8571745738589,-1.35779103333996,-1.5967872589579,-0.0490192663257342,-1.04584286587136,-1.67675936259742,-2.0862068384125
"Champaign",-0.10830733967926,-1.79321894723269,-2.06951073477012,-3.4545880881129,-0.10830733967926,-1.77518371236245,-1.79397727111115,-2.6486621456807,-0.10830733967926,-1.81125418210295,-2.34372817529038,-3.857957747209
"Christian",0,-2.59959859340928,-2.69290070837914,-3.35976158793041,0,-2.45065420115482,-2.49162428290177,-2.73939475610711,0,-2.74102394772503,-2.8866580959178,-3.9558979173554
"Clark",-4.14496241299966e-05,-7.11143215223524,-7.35966884377857,-7.50888621785208,-4.14496241299966e-05,-6.96971033706527,-7.20444179714275,-7.36514391594265,-4.14496241299966e-05,-7.25386088855677,-7.51560346903139,-7.62913510517901
"Clay",-0.00675739094336714,-2.44014105833217,-2.67369309283893,-2.93918961863696,-0.00675739094336714,-2.32876490726639,-2.43872082988986,-2.46347902136448,-0.00675739094336714,-2.55179404342147,-2.91385483560609,-3.42008969572751
"Clinton",-0.000195333266176743,-0.943586423728845,-1.47948603738433,-2.58890793957593,-0.000195333266176743,-0.920259943160076,-1.35707081647677,-2.48332387517848,-0.000195333266176743,-0.952860539677647,-1.59210051007146,-2.55543295705612
"Coles",0,-3.69086684459302,-3.85794458975819,-4.05002367339188,0,-3.66508578228409,-3.81047992756644,-3.91608010572415,0,-3.72239602598723,-3.9111573710352,-4.19107560421777
"Cook",0,0,0,0,0,0,0,0,0,0,0,0
"Crawford",-0.006421982171854,-3.52178219702368,-3.66653516207692,-4.10091206949474,-0.006421982171854,-3.47532110312475,-3.5761416404836,-3.79312598544423,-0.006421982171854,-3.56617692874173,-3.75486232148936,-4.40809921736353
"Cumberland",0,-11.1285310436432,-11.3502295190809,-11.7671155128244,0,-11.0974331295461,-11.3211792495743,-11.7137107070304,0,-11.1596289577402,-11.3751844994064,-11.8164250294375
"De Witt",-0.0301768311113702,-5.11893829415396,-5.25296389728442,-6.3833739966732,-0.0301768311113702,-4.77512357805621,-4.86785829468707,-5.8283290390074,-0.0301768311113702,-5.4627530102518,-5.64121425375647,-6.9453700883939
"DeKalb",0,0,0,0,0,0,0,0,0,0,0,0
"Douglas",0,-1.1178931473387,-1.50620547320772,-2.47230149306119,0,-1.11866139217859,-1.48859942498067,-2.41613888503718,0,-1.11712490249881,-1.52381152143479,-2.47748129576138
"DuPage",0,0,0,0,0,0,0,0,0,0,0,0
"Edgar",-0.265544502898985,-5.99373896345293,-6.12961133997156,-6.35493309659373,-0.265544502898985,-5.8938561287316,-6.02614342978057,-6.21714978090995,-0.265544502898985,-6.09362179817424,-6.23307925016256,-6.49271641227755
"Edwards",0,-5.67434970364175,-6.03302534632666,-6.2440530808774,0,-5.37335509013324,-5.70927869082753,-5.81748716913702,0,-5.98983285502743,-6.37126053970297,-6.67933855720789
"Effingham",0,-9.73666136033614,-9.82162113844949,-9.89138004958399,0,-9.67788429252048,-9.75914891870376,-9.80515866602658,0,-9.79224032924803,-9.87416951136682,-9.96766736214011
"Fayette",0,-2.29178072123439,-2.92162858640549,-3.6579366335029,0,-2.20707794576998,-2.79165017994041,-3.4234685635167,0,-2.37809287753124,-3.05186002044273,-3.891497441016
"Ford",0,-9.96739900979399,-11.4364078287911,-12.7879886458283,0,-9.96739900979399,-10.3578367308355,-10.7024677764323,0,-9.96739900979399,-12.5149789267469,-14.8184935413449
"Franklin",0,-2.51803821922314,-4.13292781470177,-5.8726175534504,0,-2.44824789206273,-3.92920158612755,-5.7866304281522,0,-2.58295969026964,-4.32645774278061,-5.8902048515953
"Fulton",-0.057421051135991,-5.09282456402752,-5.45617722370844,-6.32429417020339,-0.057421051135991,-4.65418769626816,-4.97229979297405,-5.70270474719407,-0.057421051135991,-5.55838788143038,-5.9678871757266,-6.99305006757427
"Gallatin",0,-0.500370491323358,-1.5421817084722,-2.9372843942621,0,-0.489475011195561,-1.50744118803844,-2.4696688502698,0,-0.511266083110806,-1.5769223405656,-3.3441170896191
"Greene",-0.00149525343777096,-5.16507773172078,-5.52678299106537,-7.9880537925804,-0.00149525343777096,-4.86316617145483,-5.13357127333684,-6.2014176863416,-0.00149525343777096,-5.43497836765203,-5.89016638651865,-9.74694893766
"Grundy",0,0,0,0,0,0,0,0,0,0,0,0
"Hamilton",0,-4.99855957844848,-5.34782528184936,-6.90394301791456,0,-4.488502322495,-4.81512806661715,-6.25595870385265,0,-5.51231847700321,-5.88812896474245,-7.56686552999252
"Hancock",0.00392811342424498,-4.5334039283487,-4.66483007173585,-5.25060258508116,0.00392811342424498,-4.23480018898499,-4.3364581657993,-4.76447494277462,0.00392811342424498,-4.79701939295536,-4.95911373312651,-5.69549988897047
"Hardin",-1.96627417003583,-4.57375334091452,-6.78614438324347,-7.10283123723139,-1.96135664131755,-4.55374859530459,-6.76613963763354,-7.0285735526418,-1.97119169875411,-4.59375808652446,-6.80614912885341,-7.17708892182088
"Henderson",-0.037046962138532,-1.61378129940058,-1.88700172096619,-3.0755050739046,-0.037046962138532,-1.47248773542914,-1.66069678573044,-2.7830797928832,-0.037046962138532,-1.75507486337203,-2.11743569786259,-3.3684617806568
"Henry",-0.413756352821736,-4.12015847711374,-4.55187669043714,-8.5607037584308,-0.413756352821736,-4.11575397536363,-4.42490698559076,-8.171583113893,-0.413756352821736,-4.12456297886395,-4.67884639528352,-8.9765581257258
"Iroquois",-0.453803967033199,-0.713571241203229,-1.11378143852401,-2.7170676977151,-0.436450038766037,-0.692365988378651,-1.04316154298881,-2.4146504868005,-0.471157895300361,-0.734776494027796,-1.18122243441154,-2.9798387899873
"Jackson",-2.9120109657603e-05,-2.67854192198658,-3.14975259122651,-3.8493624654112,-2.9120109657603e-05,-2.60681330756824,-3.09425154308245,-3.80065690859408,-2.9120109657603e-05,-2.75413698667139,-3.20706837843416,-3.8146603240573
"Jasper",-0.111993808690553,-6.39973071771084,-6.64124174730874,-6.89136008778038,-0.111993808690553,-6.3923795881213,-6.59573545483725,-6.72822071640481,-0.111993808690553,-6.40334403018947,-6.65595762452938,-7.02697466565806
"Jefferson",-0.08704134450393,-4.62621050721914,-5.04386845868191,-5.7758041614465,-0.17504482136804,-4.54553388945042,-4.9441830206488,-5.6293018110153,-0.0559065185982299,-4.76462202902494,-5.20428166470398,-5.9655501909211
"Jersey",-0.167076903584277,-8.17687270134484,-8.6635871699185,-9.7902817981278,-0.167076903584277,-8.01416582635534,-8.4843187991427,-9.7501844945135,-0.167076903584277,-8.35111318840658,-8.8589362874841,-9.8482625929269
"Jo Daviess",-0.0016509632814824,-1.19399644702764,-1.2829547829435,-1.8087145017856,-0.0016509632814824,-0.893753047770434,-0.965455154245481,-1.1667113920349,-0.0016509632814824,-1.51595235469695,-1.60948273047033,-2.4410441596696
"Johnson",0,-3.41785468157791,-3.99405885403631,-4.45654381639529,0,-3.31814469353802,-4.01821216427018,-4.46421644263086,0,-3.5158953283569,-3.96823620254154,-4.4492772846328
"Kane",0,0,0,0,0,0,0,0,0,0,0,0
"Kankakee",-0.466287985142704,-0.980333346118669,-1.76197441687582,-3.6857439028066,-0.4369081142454,-0.932838004026299,-1.49649025285597,-2.7118913094565,-0.495667856040008,-1.02782868821105,-2.06564706167952,-4.6503018852253
"Kendall",0,-3.16712223883989,-3.95156166791624,-7.7943137239562,0,-3.08790725823557,-3.79529736609482,-6.3541259617357,0,-3.24633721944421,-4.10782596973767,-9.2359979721032
"Knox",-0.142383892576175,-7.1889121217187,-7.6383545114405,-8.2787571886866,-0.142383892576175,-6.9701527042057,-7.3537212748619,-7.6056496508924,-0.142383892576175,-7.3928112471527,-7.9158402978367,-8.9869118126624
"Lake",0,0,0,0,0,0,0,0,0,0,0,0
"LaSalle",-0.0238478133851751,-2.16894083474704,-3.60919264595889,-7.1655798939444,-0.0238478133851751,-1.99244698017925,-3.45031624680697,-6.4474388587365,-0.0238478133851751,-2.34625841601591,-3.77352964941542,-7.770560422006
"Lawrence",0,-1.14294025049186,-1.34997203045747,-1.80651488515871,0,-1.02993744950254,-1.17437659068454,-1.39089805268582,0,-1.24386635118804,-1.50514028511114,-2.20330822089335
"Lee",-0.836948037859105,-4.26352434275444,-5.04847152340285,-7.6838951646971,-0.836922801823584,-4.2209557044384,-4.78382119848385,-6.4741447726288,-0.83697327389463,-4.30610420407018,-5.31173260527385,-8.9190820981827
"Livingston",-0.0636021185450087,-2.47999408730085,-2.82822504090457,-3.4281034622916,-0.0636021185450087,-2.32521438439064,-2.66071030889448,-3.2063648366246,-0.0636021185450087,-2.63695801777557,-2.99792400047913,-3.64926749532494
"Logan",0,-1.48801884512031,-1.64188112469577,-2.5122420967804,0,-1.25455929805553,-1.40841876341347,-1.93585974589071,0,-1.7214783921851,-1.87534348597806,-2.9284173848216
"Macon",0,-2.61019432906007,-2.71566188553481,-3.95016849469864,0,-2.56998250642563,-2.66243026977059,-3.65361265383153,0,-2.65852554305882,-2.77570943683328,-4.2535402711
"Macoupin",-0.295038154775461,-13.6265535325948,-14.5229011177668,-14.8336447159322,-0.295005941209272,-12.8862943881794,-13.7242083417035,-13.9205058332346,-0.295134795474029,-14.360340423248,-15.3187437717284,-15.7859125660077
"Madison",-0.024776851564732,-3.84726021805677,-4.05830166531045,-4.51504787347969,-0.024776851564732,-3.75057664232083,-3.9465411006723,-4.3904701091998,-0.024776851564732,-3.94274445304819,-4.16959880096825,-4.64740207409684
"Marion",-0.000823343387503103,-4.60778911731914,-4.94974103712175,-5.18284892624969,-0.000823343387503103,-4.41540844570785,-4.74747109310482,-4.941458282673,-0.000823343387503103,-4.8105871905582,-5.16081501691172,-5.4364487156699
"Marshall",0.003490662497111,-1.72489072902731,-2.17110425391742,-7.2668051512489,0.003490662497111,-1.67185770036589,-2.118071225256,-6.9585044533697,0.003490662497111,-1.77792375768873,-2.22413728257884,-7.3301458440268
"Mason",0,-0.621092044325747,-5.2986715122458,-10.3787616974915,0,-0.567620463880559,-5.0510307254705,-9.9150538104292,0,-0.674563624770935,-5.4829306465961,-10.7317868640637
"Massac",-0.00156476719032033,-4.40733909283587,-4.91003255865769,-5.7149086812146,-0.00156476719032033,-4.34421749488924,-4.87937740132248,-5.27470766748969,-0.00156476719032033,-4.47466272036349,-4.88251312210685,-6.0955234669774
"McDonough",-0.0226121945302528,-4.96331288611722,-5.08574246627807,-5.7153045263394,-0.000825849908914801,-3.94152571272845,-4.02164721874436,-4.26827797667429,-0.0443985391515907,-6.0117739666205,-6.17651210880967,-7.167085879294
"McHenry",0,0,0,0,0,0,0,0,0,0,0,0
"McLean",0,-5.62702155131707,-5.74914090104541,-6.10036404377329,0,-5.53673472468977,-5.62217922652794,-5.85101475763656,0,-5.7312963129744,-5.87659571411805,-6.35020646846509
"Menard",0,-4.94633397372061,-5.20131056315679,-5.58023158884864,0,-4.5300135969158,-4.71766721188682,-4.97588131132305,0,-5.36266054384428,-5.68742405834246,-6.18053414825956
"Mercer",0,-2.67858477663522,-2.91715890142175,-4.25498966836563,0,-2.66692225512156,-2.86580369784423,-3.73148357477702,0,-2.68907162270047,-2.96563417757038,-4.65208725727771
"Monroe",0.00072044041122199,-4.46951052444458,-4.57571382359045,-6.3512554002069,0.00072044041122199,-4.37707828628605,-4.45065976121196,-5.812590966819,0.00072044041122199,-4.55685959002418,-4.69631845192468,-6.9334607499801
"Montgomery",0,-8.37472499573763,-8.57099346075899,-8.8506970097876,0,-7.75407538435584,-7.87681597871563,-7.9917906823271,0,-9.00826131792729,-9.27805861955,-9.725120755774
"Morgan",-0.15195594476291,-2.745371540786,-3.2371183852865,-5.0935228375991,-0.0244900914890098,-1.5289113847561,-1.9262084784205,-3.5080214867613,-0.27942179803682,-3.9467190508367,-4.5190818524006,-6.6300087042008
"Moultrie",-0.0411235077389211,-1.56315085523982,-1.730665755929,-2.7636297829754,-0.0411235077389211,-1.56315085523982,-1.6149044562391,-2.4769520553708,-0.0411235077389211,-1.56315085523982,-1.7559037046034,-2.9290839239275
"Ogle",-0.171043877735284,-1.3150223627741,-1.78430337955623,-5.0588601222586,-0.041357403425447,-1.09157473825838,-1.51067679294149,-3.1782143248983,-0.300730352045121,-1.55014986395814,-2.06960984283928,-6.2104580588086
"Peoria",0,-6.67171600693874,-7.31678863147052,-8.5215363127833,0,-6.52907034531768,-7.0285243437188,-8.2860734769424,0,-6.82024929284741,-7.61336260244195,-8.7727297331728
"Perry",-0.000550142900902703,-3.79656295325941,-4.29677483384105,-5.9887534599565,-0.000550142900902703,-3.69362811716926,-4.15690443932109,-5.8062819018258,-0.000550142900902703,-3.90454256422095,-4.41204421515497,-5.8535515559626
"Piatt",0,-1.32727891758199,-1.43918431285143,-2.3372804926929,0,-1.15811584215221,-1.2608447964067,-2.1727003758966,0,-1.49644199301177,-1.61938326103872,-2.5037200412318
"Pike",-0.0013604536719459,-3.01145128840142,-3.57305046801608,-5.22527170706214,-0.0013604536719459,-2.84258947342236,-3.33663085739956,-5.25288652505702,-0.0013604536719459,-3.18420257050023,-3.81014716415727,-5.19195759952408
"Pope",-0.0205588264700943,-3.01266689708311,-3.82556673438674,-5.7740179319179,-0.0205588264700943,-2.92589122549573,-3.68514251306268,-5.356964963117,-0.0205588264700943,-3.10813656596262,-3.97468495300294,-6.1839655089647
"Pulaski",-0.00231224608428492,-2.62614762031751,-3.37159217162827,-4.3906299437442,-0.00231224608428492,-2.56624507503033,-3.8979676248493,-4.5963082928646,-0.00231224608428492,-2.68976654181165,-2.84262107005769,-4.2103600881745
"Putnam",-2.1964306980999e-06,-0.9989544053474,-1.57531046544416,-3.91099586278949,-2.1964306980999e-06,-0.997860603252568,-1.59169528882495,-4.15109823149089,-2.1964306980999e-06,-1.00004854053069,-1.55892597515183,-3.6708938271766
"Randolph",-0.000728685334977722,-2.63409761850006,-2.69188162939365,-2.9983336903369,-0.000728685334977722,-2.43111262946145,-2.48385562217819,-2.73812290901515,-0.000728685334977722,-2.84155375207063,-2.90965612794074,-3.2637908259025
"Richland",0,-4.27663222087344,-4.43362513162549,-4.52883366805092,0,-4.2665102554853,-4.40487791230671,-4.48471723478043,0,-4.28680296700602,-4.45960441594576,-4.57018216632284
"Rock Island",-0.281641208561581,-1.75734841870761,-2.46292686195091,-5.4448964090205,-0.281641208561581,-1.79412906219911,-2.22528073599708,-5.2230366750472,-0.281641208561581,-1.72493005874375,-2.70387273404233,-5.6885717831811
"Saline",-0.00219636922637003,-2.15007393213057,-2.46729146220673,-3.9328973812432,-0.00219636922637003,-1.93021783070124,-2.23452121514708,-3.8887324458465,-0.00219636922637003,-2.3800017287395,-2.71584192934597,-4.0256083612668
"Sangamon",-8.1798595291201e-05,-5.94967399323122,-6.16199493245776,-6.87876690658123,0,-5.76862884863538,-5.93053612434835,-6.52114530262464,-0.000163597190582402,-6.12225785333463,-6.38704839888244,-7.25889887463978
"Schuyler",0,-4.49259390590693,-4.93626525677578,-5.64035774411583,0,-4.13880173244389,-4.48328012064031,-4.99276612024879,0,-4.89057020653712,-5.43343452007841,-6.26708396267604
"Scott",-0.00747562148396197,-4.3614930442164,-8.3047604949208,-14.6898162861778,-0.00747562148396197,-3.55313808077284,-7.30524469643127,-13.1813239764736,-0.00747562148396197,-5.1456571240513,-9.2652629898938,-16.1527461375315
"Shelby",0,-5.07672635793034,-5.2045318342861,-5.3730591534921,0,-5.05849050714016,-5.1589690592361,-5.2664984780556,0,-5.10689786949156,-5.2620302701072,-5.4903404753758
"St. Clair",-0.244077919796744,-3.81128128323901,-4.69329442159013,-5.88466691811112,-0.244077919796744,-3.80824668782725,-4.63624762255164,-5.62368851287545,-0.244077919796744,-3.80899402621903,-4.74530136779009,-6.18913219886932
"Stark",0.0365158943826657,-2.66282558307045,-2.84610312984115,-3.14852137658,0.0365158943826657,-2.2110983993932,-2.33672364367136,-2.1651988601797,0.0365158943826657,-3.11455276674772,-3.35548261601091,-4.1316902302095
"Stephenson",-0.00446263064400324,-2.1506491661592,-2.66291126642512,-5.5997660861492,-0.00446263064400324,-1.90001851273366,-2.27442212475474,-3.8407387375028,-0.00446263064400324,-2.40055396574784,-3.05067455425858,-7.294179564034
"Tazewell",0,-5.00089928905195,-5.1374582715382,-5.7220983719309,0,-4.98735252059607,-5.12386491096658,-5.600885375288,0,-5.01184348372579,-5.14844905832778,-5.7760151137331
"Union",-0.0129800416649241,-4.68947771288881,-5.05401564621811,-5.1860098002227,-0.0129800416649241,-4.62767167652183,-4.99221481850225,-4.9873276104186,-0.0129800416649241,-4.75286389278291,-5.11739322336332,-5.3419039570155
"Vermilion",-2.46445707152571,-3.11678781960592,-3.37649635522127,-4.5785315225432,-2.32613111779144,-2.93919111982011,-3.14992687460438,-3.7387216740287,-2.59744044982066,-3.29160273765104,-3.60028405409747,-5.3779640502223
"Wabash",-0.002397226819678,-1.66913352886673,-1.7216005660082,-2.24723758165964,-0.002397226819678,-1.66274336255947,-1.71307434284754,-1.8460286377962,-0.002397226819678,-1.67730091614573,-1.73617612384736,-3.05454010653336
"Warren",-0.00659164296610404,-8.2547214256963,-8.8374101314484,-10.4931021707148,-0.00659164296610404,-7.8858911786908,-8.2791878285621,-9.4484056950418,-0.00659164296610404,-8.6281506268993,-9.4003947668818,-11.4949711313023
"Washington",-0.17965060608565,-2.41662206506181,-2.85665029557921,-3.36875465883068,-0.179281634800451,-2.36669002990294,-2.73597581237189,-3.00392124244745,-0.180019577370847,-2.45999321290994,-2.97494630498013,-3.56073221492321
"Wayne",-0.0022351407888901,-2.41060206786794,-2.87203335126421,-3.13310841607139,-0.0022351407888901,-2.24889219642297,-2.63959683276069,-2.86465134712222,-0.0022351407888901,-2.5342254587989,-3.06144190161922,-3.32012599789063
"White",0,-2.38845252753236,-3.45727596548743,-4.6558837669853,0,-2.23981148055461,-3.30370519428329,-4.14969763947584,0,-2.53875793613449,-3.61650229201212,-5.103802778012
"Whiteside",-0.466871709792105,-0.92920866930544,-1.26836663477804,-3.001995218443,-0.466871709792105,-0.88778071022686,-1.18261164969563,-2.9399248180375,-0.466871709792105,-0.95907823138341,-1.33959740679601,-2.9178501383689
"Will",0,0,0,0,0,0,0,0,0,0,0,0
"Williamson",0,-4.18606141780146,-4.81383990212088,-5.69501641392118,0,-3.99961195446777,-4.57102437759869,-5.41345734478637,0,-4.35850118320604,-5.04497570043712,-5.91863998485473
"Winnebago",-0.212656099877145,-2.11274153555918,-2.85764968479628,-7.1861425218643,-0.212656099877145,-2.00563842175551,-2.6076022401213,-6.0607817603381,-0.212656099877145,-2.21984464936285,-3.12743974794847,-8.0078689731765
"Woodford",0,-7.61355474861966,-7.71521708423698,-9.9301666278952,0,-7.05921251264196,-7.09925031381568,-8.9525837389694,0,-8.1551356051605,-8.31842247522142,-10.7644599849706
