"service","cutoff","scope","slope_mean","slope_5","slope_95","slope_25","slope_75","label"
"Plant species richness","Permanently Flooded","Entire state",-0.569694818555145,-0.70371571471653,-0.430508316702871,-0.634324030329062,-0.523718450942453,"Unprotected wetland percent"
"Plant species richness","Intermittently Exposed","Entire state",-0.554515513834639,-0.703576056830207,-0.419741850234854,-0.611782488807957,-0.496839422387491,"Unprotected wetland percent"
"Plant species richness","Semipermanently Flooded","Entire state",-0.53211706889243,-0.663027145533259,-0.377523842997602,-0.59188060009344,-0.476214901075674,"Unprotected wetland percent"
"Plant species richness","Seasonally Flooded","Entire state",-0.566699399366999,-0.697395303622113,-0.427815269328346,-0.621488127655367,-0.510603036947028,"Unprotected wetland percent"
"Herpetofauna species richness","Permanently Flooded","Entire state",-0.258209379563687,-0.41751585834591,-0.0935642023638774,-0.324755167307383,-0.19274405694753,"Unprotected wetland percent"
"Herpetofauna species richness","Intermittently Exposed","Entire state",-0.247401586857842,-0.410263574414564,-0.0770700741279908,-0.317357151646335,-0.177536211411881,"Unprotected wetland percent"
"Herpetofauna species richness","Semipermanently Flooded","Entire state",-0.245973429642759,-0.39820235145169,-0.0836211077007795,-0.314987755083969,-0.184045250151797,"Unprotected wetland percent"
"Herpetofauna species richness","Seasonally Flooded","Entire state",-0.198887174622087,-0.360144338068988,-0.0390896704878544,-0.267480316717197,-0.139353371165317,"Unprotected wetland percent"
"Carbon storage","Permanently Flooded","Entire state",-0.508248603769287,-0.64236129318728,-0.364338873631517,-0.567433145678384,-0.450798974113937,"Unprotected wetland percent"
"Carbon storage","Intermittently Exposed","Entire state",-0.487731738441884,-0.637285602503449,-0.343182870659066,-0.5538228938672,-0.432188501712064,"Unprotected wetland percent"
"Carbon storage","Semipermanently Flooded","Entire state",-0.475725868560939,-0.61532713742761,-0.323303013346278,-0.536261733837479,-0.417374062020014,"Unprotected wetland percent"
"Carbon storage","Seasonally Flooded","Entire state",-0.398653019710811,-0.540294406819674,-0.242571800465264,-0.459883602447219,-0.338765388629007,"Unprotected wetland percent"
"Floodwater storage capacity","Permanently Flooded","Entire state",-0.397463543501281,-0.552287668838913,-0.239187098089816,-0.458021094692162,-0.333099180955961,"Unprotected wetland percent"
"Floodwater storage capacity","Intermittently Exposed","Entire state",-0.411159202813565,-0.551936264467352,-0.255040959131627,-0.471134261326255,-0.351136369053869,"Unprotected wetland percent"
"Floodwater storage capacity","Semipermanently Flooded","Entire state",-0.396473566306012,-0.550656243254098,-0.254175619623158,-0.455915245262281,-0.327860763199944,"Unprotected wetland percent"
"Floodwater storage capacity","Seasonally Flooded","Entire state",-0.311815773560737,-0.478825332168618,-0.151518261495725,-0.378392313772731,-0.249260400911833,"Unprotected wetland percent"
