"service","cutoff","metric","rhat","slope_mean","slope_5","slope_95","slope_25","slope_75","type"
"Plant species richness","Permanently Flooded",NA,1.00000895477736,-0.570567519130078,-0.708261844078024,-0.435340055206263,-0.625621684772173,-0.513159029118827,"Unprotected wetland percentage"
"Plant species richness","Permanently Flooded",NA,1.00006818405212,-0.131033120557218,-0.293812754769884,0.0384873824457688,-0.199464933054919,-0.0643554958885447,"Unprotected wetland area"
"Plant species richness","Intermittently Exposed",NA,1.00012588870605,-0.554064859712591,-0.690561518318949,-0.411762647469291,-0.61450672278504,-0.499997650455989,"Unprotected wetland percentage"
"Plant species richness","Intermittently Exposed",NA,1.00011473054142,-0.124814100267262,-0.291469384159698,0.0398113998271159,-0.186922079114901,-0.0526904399982423,"Unprotected wetland area"
"Plant species richness","Semipermanently Flooded",NA,1.00012299097064,-0.533307519553105,-0.677668156876814,-0.396264804381005,-0.58945378433292,-0.47542421028428,"Unprotected wetland percentage"
"Plant species richness","Semipermanently Flooded",NA,1.00010696391862,-0.124833803352271,-0.284662275241808,0.0453624356933129,-0.188511788770619,-0.0542427632491338,"Unprotected wetland area"
"Plant species richness","Seasonally Flooded",NA,1.00015151379612,-0.568255253988671,-0.703686123144015,-0.429354030195877,-0.626741978238627,-0.51423126018703,"Unprotected wetland percentage"
"Plant species richness","Seasonally Flooded",NA,1.00027024529363,-0.165912354684155,-0.330542380505497,-0.00399213816829164,-0.232640065129266,-0.100009470455416,"Unprotected wetland area"
"Herpetofauna species richness","Permanently Flooded",NA,1.00028152651585,-0.260606368378871,-0.423523377162577,-0.102210491415774,-0.327906426775939,-0.196608295704643,"Unprotected wetland percentage"
"Herpetofauna species richness","Permanently Flooded",NA,1.0001080791792,0.289039825143814,0.132741126912552,0.449958636733575,0.228080829361753,0.35723857996367,"Unprotected wetland area"
"Herpetofauna species richness","Intermittently Exposed",NA,1.00027706252347,-0.248990278223013,-0.407653051440908,-0.0861167818363465,-0.313389587193441,-0.183775646730174,"Unprotected wetland percentage"
"Herpetofauna species richness","Intermittently Exposed",NA,1.00014908853354,0.286464307395351,0.125418048027626,0.443841383144961,0.225818066265695,0.355056307020147,"Unprotected wetland area"
"Herpetofauna species richness","Semipermanently Flooded",NA,1.00026372453999,-0.242979783931436,-0.403649592466379,-0.0811520047037273,-0.311053853913262,-0.180449499469264,"Unprotected wetland percentage"
"Herpetofauna species richness","Semipermanently Flooded",NA,1.00031626179969,0.285851309690985,0.130588502751281,0.449719289199093,0.213022579917708,0.343450650244227,"Unprotected wetland area"
"Herpetofauna species richness","Seasonally Flooded",NA,1.00008275715799,-0.201014546726757,-0.367637544473108,-0.0403542575677756,-0.269475839719916,-0.136373830520766,"Unprotected wetland percentage"
"Herpetofauna species richness","Seasonally Flooded",NA,1.00014799818807,0.252000202176004,0.0937383419433801,0.41630487653262,0.190343171556502,0.322124283474214,"Unprotected wetland area"
"Carbon storage","Permanently Flooded",NA,1.00009315898162,-0.508027617643495,-0.649501193402719,-0.363188174528024,-0.568412370849739,-0.451449745667854,"Unprotected wetland percentage"
"Carbon storage","Permanently Flooded",NA,1.00015139935677,0.219584341881451,0.0606199620531383,0.384460979449029,0.156413185351825,0.287303921731017,"Unprotected wetland area"
"Carbon storage","Intermittently Exposed",NA,1.00002379727527,-0.488759074059476,-0.633682499552967,-0.342212861371952,-0.54849495992603,-0.42983976052698,"Unprotected wetland percentage"
"Carbon storage","Intermittently Exposed",NA,1.00007298220444,0.224585787086774,0.0631624851432769,0.389403829018059,0.158987111767989,0.291915081084331,"Unprotected wetland area"
"Carbon storage","Semipermanently Flooded",NA,1.00020869813756,-0.476336241547854,-0.625449072156983,-0.331575598094483,-0.538372381900991,-0.418366498257481,"Unprotected wetland percentage"
"Carbon storage","Semipermanently Flooded",NA,1.00011722110544,0.224049663353946,0.0599924774574831,0.383189509118624,0.155959595059718,0.288671872251043,"Unprotected wetland area"
"Carbon storage","Seasonally Flooded",NA,1.00030829445069,-0.399562359013437,-0.552099030388336,-0.249056894799622,-0.459773003287423,-0.336308874506868,"Unprotected wetland percentage"
"Carbon storage","Seasonally Flooded",NA,1.00001526105852,0.214344862708089,0.0487328486302646,0.374176497506553,0.147577854617596,0.280282439785981,"Unprotected wetland area"
"Floodwater storage capacity","Permanently Flooded",NA,1.00016954525964,-0.400005421532362,-0.556323863505846,-0.24984663096135,-0.46168985543064,-0.336489134357944,"Unprotected wetland percentage"
"Floodwater storage capacity","Permanently Flooded",NA,1.00014410836746,0.0332873621707607,-0.132419501023502,0.200047148364739,-0.0329552405394131,0.102858156600317,"Unprotected wetland area"
"Floodwater storage capacity","Intermittently Exposed",NA,1.00023569759253,-0.41152265966122,-0.567149156440923,-0.262876646239255,-0.473093973536712,-0.350321867272896,"Unprotected wetland percentage"
"Floodwater storage capacity","Intermittently Exposed",NA,1.00004280650376,0.0281415697387669,-0.136188449374906,0.197565890079622,-0.0444583528835883,0.090481625261745,"Unprotected wetland area"
"Floodwater storage capacity","Semipermanently Flooded",NA,1.00018096112961,-0.39643001220237,-0.55170614820345,-0.243264687267773,-0.457819900046887,-0.332586295096375,"Unprotected wetland percentage"
"Floodwater storage capacity","Semipermanently Flooded",NA,1.00019102721108,0.0310613043591776,-0.1366149886784,0.196067213758777,-0.0348834185308628,0.101934551986042,"Unprotected wetland area"
"Floodwater storage capacity","Seasonally Flooded",NA,1.00032655497652,-0.315919804437396,-0.474697730189868,-0.154598717612873,-0.382367073973433,-0.252898614868355,"Unprotected wetland percentage"
"Floodwater storage capacity","Seasonally Flooded",NA,1.00015596963271,0.0263040923756596,-0.142478765975107,0.189865546202633,-0.0367413826230702,0.0988638059336803,"Unprotected wetland area"
