"","PC","extreme","ssp_time","scope","int_mean","int_5","int_95","int_25","int_75"
"1","PC1","-&Delta;(Frost days)","SSP2-4.5 &times; 2041-2070","Entire state",-1.6768118093558,-2.82654957162745,-0.546448967290756,-2.12730054792062,-1.19159949609609
"2","PC1","-&Delta;(Frost days)","SSP2-4.5 &times; 2071-2100","Entire state",-0.849092628720269,-1.58515629144063,-0.123644525314026,-1.14685775693021,-0.544322525221402
"3","PC1","-&Delta;(Frost days)","SSP3-7.0 &times; 2041-2070","Entire state",-0.915591191963214,-1.74463233442403,0.0114617437893309,-1.27764719230354,-0.575990656991149
"4","PC1","-&Delta;(Frost days)","SSP3-7.0 &times; 2071-2100","Entire state",-0.474967079194556,-0.900881187370608,-0.0916068621491278,-0.641013206462197,-0.313879874909687
"5","PC1","&Delta;(Days with max. temp. over
100&deg;F [38&deg;C])","SSP2-4.5 &times; 2041-2070","Entire state",0.0835928698927361,-0.568283602379982,0.710503948288235,-0.160813911417618,0.350096564114907
"6","PC1","&Delta;(Days with max. temp. over
100&deg;F [38&deg;C])","SSP2-4.5 &times; 2071-2100","Entire state",0.0582614339593153,-0.342679514718204,0.444438681805967,-0.0929775680513318,0.228723729135486
"7","PC1","&Delta;(Days with max. temp. over
100&deg;F [38&deg;C])","SSP3-7.0 &times; 2041-2070","Entire state",0.069429846194085,-0.40337196494587,0.528660853221388,-0.113272859165032,0.264656919651693
"8","PC1","&Delta;(Days with max. temp. over
100&deg;F [38&deg;C])","SSP3-7.0 &times; 2071-2100","Entire state",0.0854959933060188,-0.11757829201673,0.321495356848596,0.010408302495758,0.190513078032781
"9","PC1","&Delta;(Max. length dry spell)","SSP2-4.5 &times; 2041-2070","Entire state",-0.452736711540278,-0.912168357891497,-0.00976845772963859,-0.656146710342078,-0.284542198462514
"10","PC1","&Delta;(Max. length dry spell)","SSP2-4.5 &times; 2071-2100","Entire state",-0.317271172225061,-0.537144386664533,-0.0950952906959363,-0.409922518622596,-0.227309556286337
"11","PC1","&Delta;(Max. length dry spell)","SSP3-7.0 &times; 2041-2070","Entire state",-0.439830449123241,-0.729613534649189,-0.150149731038761,-0.577574582487431,-0.342475755620337
"12","PC1","&Delta;(Max. length dry spell)","SSP3-7.0 &times; 2071-2100","Entire state",-0.254442154485498,-0.439185856884839,-0.0770994148598422,-0.337424413028146,-0.191836561912487
"13","PC1","&Delta;(Max. length wet spell)","SSP2-4.5 &times; 2041-2070","Entire state",-0.0185006511124198,-0.388716918889572,0.339212743547558,-0.182708932158916,0.108648085448765
"14","PC1","&Delta;(Max. length wet spell)","SSP2-4.5 &times; 2071-2100","Entire state",0.604351819360735,0.130385396564817,1.14515816161274,0.413957196360817,0.821664769751192
"15","PC1","&Delta;(Max. length wet spell)","SSP3-7.0 &times; 2041-2070","Entire state",0.050181005803523,-0.172617975951178,0.2585757794188,-0.0413418272220672,0.13433908036445
"16","PC1","&Delta;(Max. length wet spell)","SSP3-7.0 &times; 2071-2100","Entire state",0.0388661993102236,-0.14466349033483,0.206775593465712,-0.0459883007809288,0.0987064344020198
