"PC","extreme","ssp_time","scope","slope_mean","slope_5","slope_95","slope_25","slope_75","service"
"PC1","-&Delta;(Frost days)","SSP2-4.5 &times; 2041-2070","Entire state",-0.225856036244157,-1.80035678035464,1.38968305541682,-0.821696921677068,0.433042417577094,"PC1"
"PC1","-&Delta;(Frost days)","SSP2-4.5 &times; 2071-2100","Entire state",-0.323132924926026,-1.2165642215671,0.723825304243085,-0.678071062240804,0.106889608042806,"PC1"
"PC1","-&Delta;(Frost days)","SSP3-7.0 &times; 2041-2070","Entire state",-0.68219750267814,-1.77315716298785,0.355171590841764,-1.13961684678621,-0.250964442957661,"PC1"
"PC1","-&Delta;(Frost days)","SSP3-7.0 &times; 2071-2100","Entire state",-0.0407981020801651,-0.615820651714953,0.495488830695166,-0.262257455816293,0.200660781102991,"PC1"
"PC1","&Delta;(Days with max. temp. over
100&deg;F [38&deg;C])","SSP2-4.5 &times; 2041-2070","Entire state",0.792707977283075,0.102902319765062,1.59618530778078,0.502117885028167,1.08837362781706,"PC1"
"PC1","&Delta;(Days with max. temp. over
100&deg;F [38&deg;C])","SSP2-4.5 &times; 2071-2100","Entire state",0.422863356767458,-0.0400512998024908,0.946115666580147,0.199109837775219,0.600318297312672,"PC1"
"PC1","&Delta;(Days with max. temp. over
100&deg;F [38&deg;C])","SSP3-7.0 &times; 2041-2070","Entire state",0.650818874881164,0.0774795808413386,1.20690405417055,0.416754400239196,0.861940227240047,"PC1"
"PC1","&Delta;(Days with max. temp. over
100&deg;F [38&deg;C])","SSP3-7.0 &times; 2071-2100","Entire state",0.162857724742847,-0.134497252908342,0.440192785385701,0.0716791400060141,0.296397318165411,"PC1"
"PC1","&Delta;(Max. length dry spell)","SSP2-4.5 &times; 2041-2070","Entire state",-0.260108552636405,-0.674819819185686,0.157261077241769,-0.437733004507163,-0.107931972447879,"PC1"
"PC1","&Delta;(Max. length dry spell)","SSP2-4.5 &times; 2071-2100","Entire state",0.0820384525736148,-0.149022507093014,0.295078797921184,-0.0170196242233926,0.160802412066126,"PC1"
"PC1","&Delta;(Max. length dry spell)","SSP3-7.0 &times; 2041-2070","Entire state",0.163501739928331,-0.105673506363404,0.443987924334444,0.050099251545358,0.2799462928556,"PC1"
"PC1","&Delta;(Max. length dry spell)","SSP3-7.0 &times; 2071-2100","Entire state",0.0480012921404511,-0.136165740562371,0.216101277611811,-0.0289589812192764,0.109709797014369,"PC1"
"PC1","&Delta;(Max. length wet spell)","SSP2-4.5 &times; 2041-2070","Entire state",-0.217196475341202,-0.626306106597212,0.237675256966727,-0.390740134214374,-0.0412231169858663,"PC1"
"PC1","&Delta;(Max. length wet spell)","SSP2-4.5 &times; 2071-2100","Entire state",0.142893978754307,-0.389776368293238,0.685059177755512,-0.0809752620502282,0.352057826863889,"PC1"
"PC1","&Delta;(Max. length wet spell)","SSP3-7.0 &times; 2041-2070","Entire state",-0.178099384312487,-0.447662525855763,0.115352713348957,-0.279839361378285,-0.0560982604929303,"PC1"
"PC1","&Delta;(Max. length wet spell)","SSP3-7.0 &times; 2071-2100","Entire state",0.0982156351459336,-0.0820418216276579,0.28562846678345,0.013602904222217,0.163539081287975,"PC1"
