"NAME","mean_PF_diff","mean_IE_diff","mean_SPF_diff","mean_SFS_diff","mean_SF_diff","min_PF_diff","min_IE_diff","min_SPF_diff","min_SFS_diff","min_SF_diff","max_PF_diff","max_IE_diff","max_SPF_diff","max_SFS_diff","max_SF_diff"
"Adams",0,0,0,0,0,0,0,0,0,0,0,0,0,0,0
"Alexander",0,-2.9206405677872,-2.9206405677872,-2.9206405677872,-4.02829812439299,0,-2.9206405677872,-2.9206405677872,-2.9206405677872,-2.99494450693899,0,-2.9206405677872,-2.9206405677872,-2.9206405677872,-7.128358976757
"Bond",0,0,0,0,0,0,0,0,0,0,0,0,0,0,0
"Boone",0,0,0,0,0.0530539640944501,0,0,0,0,0.0530539640944501,0,0,0,0,0.0530539640944501
"Brown",0,0,0,0,0,0,0,0,0,0,0,0,0,0,0
"Bureau",0,0,0,0,0,0,0,0,0,0,0,0,0,0,0
"Calhoun",0,0,0,0,0,0,0,0,0,0,0,0,0,0,0
"Carroll",0,0,0,0,0,0,0,0,0,0,0,0,0,0,0
"Cass",0,0,0,0,0,0,0,0,0,0,0,0,0,0,0
"Champaign",0,0,0,0,0,0,0,0,0,0,0,0,0,0,0
"Christian",0,0,0,0,0,0,0,0,0,0,0,0,0,0,0
"Clark",0,0,0,0,0,0,0,0,0,0,0,0,0,0,0
"Clay",0,0,0,0,0,0,0,0,0,0,0,0,0,0,0
"Clinton",0,0,0,0,0,0,0,0,0,0,0,0,0,0,0
"Coles",0,0,0,0,0,0,0,0,0,0,0,0,0,0,0
"Cook",0,0,0,0,0,0,0,0,0,0,0,0,0,0,0
"Crawford",0,0,0,0,0,0,0,0,0,0,0,0,0,0,0
"Cumberland",0,0,0,0,0,0,0,0,0,0,0,0,0,0,0
"De Witt",0,0,0,0,0,0,0,0,0,0,0,0,0,0,0
"DeKalb",0,0,0,0,0,0,0,0,0,0,0,0,0,0,0
"Douglas",0,0,0,0,0,0,0,0,0,0,0,0,0,0,0
"DuPage",0,0,0,0,0,0,0,0,0,0,0,0,0,0,0
"Edgar",0,0,0,0,0,0,0,0,0,0,0,0,0,0,0
"Edwards",0,0,0,0,0,0,0,0,0,0,0,0,0,0,0
"Effingham",0,0,0,0,0,0,0,0,0,0,0,0,0,0,0
"Fayette",0,0,0,0,0,0,0,0,0,0,0,0,0,0,0
"Ford",0,0,0,0,0,0,0,0,0,0,0,0,0,0,0
"Franklin",0,0,0,0,0,0,0,0,0,0,0,0,0,0,0
"Fulton",0,0,0,0,0,0,0,0,0,0,0,0,0,0,0
"Gallatin",0,-0.068252799688234,-0.068252799688234,-0.068252799688234,-1.8679305158534,0,-0.068252799688234,-0.068252799688234,-0.068252799688234,-0.0450507895942991,0,-0.068252799688234,-0.068252799688234,-0.068252799688234,-3.6102352659367
"Greene",0,0,0,0,0,0,0,0,0,0,0,0,0,0,0
"Grundy",0,0,0,0,0,0,0,0,0,0,0,0,0,0,0
"Hamilton",0,0,0,0,0,0,0,0,0,0,0,0,0,0,0
"Hancock",0,0,0,0,0,0,0,0,0,0,0,0,0,0,0
"Hardin",-0.284045395041782,-1.42958262316968,-1.42958262731432,-1.42958262731432,-2.18832801420995,-0.284045395041782,-1.35959924790514,-1.35959925204979,-1.35959925204979,-2.11834463893771,-0.284045395041782,-1.49956599843422,-1.49956600257886,-1.49956600257886,-2.25831138948223
"Henderson",0,0,0,0,0,0,0,0,0,0,0,0,0,0,0
"Henry",0,0,0,0,0,0,0,0,0,0,0,0,0,0,0
"Iroquois",0,0,0,0,0,0,0,0,0,0,0,0,0,0,0
"Jackson",0,-12.1147076631984,-12.7728340480392,-12.7728340480392,-18.323991967025,0,-14.0298832629219,-14.6880096794606,-14.6880096794606,-16.3294676507643,0,-10.1995320634749,-10.8576584166178,-10.8576584166178,-12.543386222575
"Jasper",0,0,0,0,0,0,0,0,0,0,0,0,0,0,0
"Jefferson",0,0,0,0,0,0,0,0,0,0,0,0,0,0,0
"Jersey",0,0,0,0,0,0,0,0,0,0,0,0,0,0,0
"Jo Daviess",0,0,0,0,0,0,0,0,0,0,0,0,0,0,0
"Johnson",0,-6.24973902169028,-6.5523704653884,-6.5523704653884,-6.02184661557499,0,-7.51071555292451,-7.80569681900459,-7.80569681900459,-7.18899605406,0,-4.98876249045605,-5.2990441117721,-5.2990441117721,-4.85469717708997
"Kane",0,0,0,0,0,0,0,0,0,0,0,0,0,0,0
"Kankakee",0,0,0,0,0,0,0,0,0,0,0,0,0,0,0
"Kendall",0,0,0,0,-0.00560076965866951,0,0,0,0,-1.42533719937887e-07,0,0,0,0,-0.0112013967836093
"Knox",0,0,0,0,0,0,0,0,0,0,0,0,0,0,0
"Lake",0,0,0,0,0,0,0,0,0,0,0,0,0,0,0
"LaSalle",0,0,0,0,0,0,0,0,0,0,0,0,0,0,0
"Lawrence",0,0,0,0,0,0,0,0,0,0,0,0,0,0,0
"Lee",0,0,0,0,0,0,0,0,0,0,0,0,0,0,0
"Livingston",0,0,0,0,0,0,0,0,0,0,0,0,0,0,0
"Logan",0,0,0,0,0,0,0,0,0,0,0,0,0,0,0
"Macon",0,0,0,0,0,0,0,0,0,0,0,0,0,0,0
"Macoupin",0,0,0,0,0,0,0,0,0,0,0,0,0,0,0
"Madison",0,0,0,0,0,0,0,0,0,0,0,0,0,0,0
"Marion",0,0,0,0,0,0,0,0,0,0,0,0,0,0,0
"Marshall",0,0,0,0,0,0,0,0,0,0,0,0,0,0,0
"Mason",0,0,0,0,0,0,0,0,0,0,0,0,0,0,0
"Massac",0,-0.128832105798351,-0.128832105798351,-0.128832105798351,-0.128832105798351,0,-0.128832105798351,-0.128832105798351,-0.128832105798351,-0.128832105798351,0,-0.128832105798351,-0.128832105798351,-0.128832105798351,-0.128832105798351
"McDonough",0,0,0,0,0,0,0,0,0,0,0,0,0,0,0
"McHenry",0,0,0,0,0,0,0,0,0,0,0,0,0,0,0
"McLean",0,0,0,0,0,0,0,0,0,0,0,0,0,0,0
"Menard",0,0,0,0,0,0,0,0,0,0,0,0,0,0,0
"Mercer",0,0,0,0,0,0,0,0,0,0,0,0,0,0,0
"Monroe",0,0,0,0,0,0,0,0,0,0,0,0,0,0,0
"Montgomery",0,0,0,0,0,0,0,0,0,0,0,0,0,0,0
"Morgan",0,0,0,0,0,0,0,0,0,0,0,0,0,0,0
"Moultrie",0,0,0,0,0,0,0,0,0,0,0,0,0,0,0
"Ogle",0,0,0,0,0,0,0,0,0,0,0,0,0,0,0
"Peoria",0,0,0,0,0,0,0,0,0,0,0,0,0,0,0
"Perry",0,0,0,0,0,0,0,0,0,0,0,0,0,0,0
"Piatt",0,0,0,0,0,0,0,0,0,0,0,0,0,0,0
"Pike",0,0,0,0,0,0,0,0,0,0,0,0,0,0,0
"Pope",0,-24.4521778054625,-24.9802573183057,-24.9802573183057,-27.6349657614784,0,-24.4521778039023,-24.9802573167456,-24.9802573167456,-25.0367404138979,0,-24.4521778070226,-24.9802573198659,-24.9802573198659,-30.23319110906
"Pulaski",0,0,0,0,0,0,0,0,0,0,0,0,0,0,0
"Putnam",0,0,0,0,0,0,0,0,0,0,0,0,0,0,0
"Randolph",0,0,0,0,0,0,0,0,0,0,0,0,0,0,0
"Richland",0,0,0,0,0,0,0,0,0,0,0,0,0,0,0
"Rock Island",0,0,0,0,0,0,0,0,0,0,0,0,0,0,0
"Saline",0,-11.1024814212669,-11.1027159061578,-11.1027159061578,-13.9015671470127,0,-12.991684626473,-12.9919191113639,-12.9919191113639,-17.3611137633265,0,-9.21327821606081,-9.2135127009517,-9.2135127009517,-10.4420205306988
"Sangamon",0,0,0,0,0,0,0,0,0,0,0,0,0,0,0
"Schuyler",0,0,0,0,0,0,0,0,0,0,0,0,0,0,0
"Scott",0,0,0,0,0,0,0,0,0,0,0,0,0,0,0
"Shelby",0,-1.35581498092046,-1.35581498092046,-1.35581498092046,-1.35581500069265,0,-1.35581498092046,-1.35581498092046,-1.35581498092046,-1.35581500069265,0,-1.35581498092046,-1.35581498092046,-1.35581498092046,-1.35581500069265
"St. Clair",0,0,0,0,0,0,0,0,0,0,0,0,0,0,0
"Stark",0,0,0,0,0,0,0,0,0,0,0,0,0,0,0
"Stephenson",0,0,0,0,0,0,0,0,0,0,0,0,0,0,0
"Tazewell",0,0,0,0,0,0,0,0,0,0,0,0,0,0,0
"Union",0,-2.13093137123262,-6.646485184087,-6.646485184087,-13.705467172342,0,-1.83952254251723,-19.5187413887102,-19.5187413887102,-19.626063331466,0,-2.45476042993732,-2.5824258983455,-2.5824258983455,-4.10963504842198
"Vermilion",0,0,0,0,0,0,0,0,0,0,0,0,0,0,0
"Wabash",0,0,0,0,0,0,0,0,0,0,0,0,0,0,0
"Warren",0,0,0,0,0,0,0,0,0,0,0,0,0,0,0
"Washington",0,0,0,0,0,0,0,0,0,0,0,0,0,0,0
"Wayne",0,0,0,0,0,0,0,0,0,0,0,0,0,0,0
"White",0,0,0,0,0,0,0,0,0,0,0,0,0,0,0
"Whiteside",0,0,0,0,0,0,0,0,0,0,0,0,0,0,0
"Will",0,0,0,0,0,0,0,0,0,0,0,0,0,0,0
"Williamson",0,0,0,0,-9.43085030069568e-08,0,0,0,0,-9.43085030069568e-08,0,0,0,0,-9.43085030069568e-08
"Winnebago",0,0,0,0,0,0,0,0,0,0,0,0,0,0,0
"Woodford",0,0,0,0,0,0,0,0,0,0,0,0,0,0,0
