"Spp.","WV","IL_CC"
"Anagallis minima","FACW","5"
"Argentina anserina","FACW","6"
"Aristolochia tomentosa","FAC","6"
"Athyrium filix-femina","FAC","6"
"Azolla microphylla","OBL","8"
"Bidens coronata","OBL","7"
"Bolboschoenus fluviatilis","OBL","3"
"Bolboschoenus maritimus","OBL","4"
"Botrychium biternatum","FAC","7"
"Botrychium dissectum","FAC","6"
"Botrychium oneidense","FAC","10"
"Chamaesyce humistrata","FACW","1"
"Chamaesyce serpens","FACW","2"
"Chamerion angustifolium","FAC","3"
"Cornus sericea","FACW","4"
"Dactylorhiza viridis","FAC","8"
"Deschampsia cespitosa","FACW","8"
"Dryopteris goldieana","FAC","10"
"Echinodorus tenellus","OBL","10"
"Elatine triandra","OBL","10"
"Hibiscus lasiocarpos","OBL","5"
"Hierochloe hirta","FACW","7"
"Ilex mucronata","OBL","10"
"Iliamna rivularis","FAC","10"
"Juncus arcticus","OBL","6"
"Leptochloa fusca","OBL","0"
"Leptochloa panicea","FACW","5"
"Leptochloa panicoides","FACW","9"
"Lycopodium dendroideum","FAC","10"
"Matelea gonocarpos","FACW","8"
"Nekemias arborea","FACW","6"
"Neobeckia aquatica","OBL","10"
"Nuphar lutea","OBL","6"
"Oligoneuron ohioense","OBL","10"
"Oligoneuron riddellii","OBL","7"
"Osmunda cinnamomea","FACW","9"
"Osmunda regalis","OBL","8"
"Panicum anceps","FACW","3"
"Panicum gattingeri","FAC","5"
"Panicum rigidulum","FACW","6"
"Paspalum fluitans","OBL","5"
"Phragmites australis ssp. americanus","FACW","1"
"Platanthera dilatata","FACW","10"
"Platanthera peramoena","FACW","7"
"Polygonum amphibium","OBL","3"
"Polygonum arifolium","OBL","10"
"Polygonum careyi","FACW","10"
"Polygonum hydropiperoides","OBL","4"
"Polygonum lapathifolium","FACW","0"
"Polygonum pensylvanicum","FACW","1"
"Polygonum punctatum","OBL","3"
"Polygonum sagittatum","OBL","5"
"Polygonum scandens","FAC","2"
"Polygonum setaceum","OBL","7"
"Polygonum virginianum","FAC","3"
"Potentilla paradoxa","FACW","8"
"Prenanthes crepidinea","FAC","9"
"Prenanthes racemosa","FACW","8"
"Ranunculus cymbalaria","OBL","2"
"Rhododendron periclymenoides","FAC","10"
"Rorippa curvipes","FACW","5"
"Rumex maritimus","FACW","2"
"Rumex orbiculatus","OBL","7"
"Rumex salicifolius","FACW","1"
"Samolus valerandi","OBL","5"
"Saxifraga pensylvanica","OBL","10"
"Smilax tamnoides","FAC","3"
"Thelypteris noveboracensis","FAC","10"
"Trachelospermum difforme","FACW","7"
"Trichomanes boschianum","FACW","10"
"Trichophorum cespitosum","OBL","10"
"Trientalis borealis","FAC","10"
"Zigadenus elegans","FAC","10"
