"NAME","mean_PF_nhd","min_PF_nhd","max_PF_nhd","mean_IE_nhd","min_IE_nhd","max_IE_nhd","mean_SPF_nhd","min_SPF_nhd","max_SPF_nhd","mean_SF_nhd","min_SF_nhd","max_SF_nhd","mean_PF_brinkerhoff","min_PF_brinkerhoff","max_PF_brinkerhoff","mean_IE_brinkerhoff","min_IE_brinkerhoff","max_IE_brinkerhoff","mean_SPF_brinkerhoff","min_SPF_brinkerhoff","max_SPF_brinkerhoff","mean_SF_brinkerhoff","min_SF_brinkerhoff","max_SF_brinkerhoff"
"Adams",3330.42589530439,3330.42589530439,3330.42589530439,3303.53040199301,3301.91139420607,3305.14940977995,3284.02249236159,3280.26397381049,3287.78101091268,2166.56114749881,2133.79059012277,2199.41170291969,3330.42589530439,3330.42589530439,3330.42589530439,3325.0793965661,3324.49456624564,3325.66422688656,3313.6193050841,3312.40331655589,3314.83529361232,2285.68675400879,2240.41489075133,2330.95861726625
"Alexander",2564.23651672457,2564.23651672457,2564.23651672457,2564.23651672457,2564.23651672457,2564.23651672457,2492.94318541533,2472.88540231883,2513.00096851183,1012.67189954932,911.903806833029,1116.18915900897,2564.23651672457,2564.23651672457,2564.23651672457,2564.23651672457,2564.23651672457,2564.23651672457,2501.95686908856,2482.70815621066,2521.20558196646,1160.43913789017,998.214268493916,1325.34726789446
"Bond",42.7781115405332,42.7781115405332,42.7781115405332,42.2036888555295,42.2036888555295,42.2036888555295,42.2036888555295,42.2036888555295,42.2036888555295,42.1833402720573,42.1833402720573,42.1833402720573,42.7781115405332,42.7781115405332,42.7781115405332,42.7781115405332,42.7781115405332,42.7781115405332,42.7781115405332,42.7781115405332,42.7781115405332,42.757762957061,42.757762957061,42.757762957061
"Boone",207.53475424092,207.440442014721,207.629066467119,207.070783224331,206.927762379374,207.213804069288,206.380831616942,205.870483217572,206.891180016312,128.369165822887,120.447966959933,136.461861956189,209.592605021015,209.498292794815,209.686917247214,209.128634004426,208.985613159469,209.271654849383,208.686133861949,208.175785462579,209.196482261319,139.999620426508,136.579575862665,145.142118532051
"Brown",125.122326494742,125.122326494742,125.122326494742,125.040074384629,125.040074384629,125.040074384629,124.936700456493,124.902242480448,125.040074384629,124.637426585636,124.548096667572,124.905416339827,125.122326494742,125.122326494742,125.122326494742,125.122326494742,125.122326494742,125.122326494742,125.053410542652,124.984494590561,125.122326494742,124.809008613813,124.630348777686,124.987668449941
"Bureau",578.381688162003,578.381688162003,578.381688162003,578.095262500047,578.095262500047,578.095262500047,471.636607602523,470.443747290806,475.215188537674,101.31033488931,91.0062587124665,114.000131689588,578.381688162003,578.381688162003,578.381688162003,578.381688162003,578.381688162003,578.381688162003,514.863197853811,512.477477230378,517.248918477245,167.142101069461,163.535514528489,170.748687610434
"Calhoun",1216.39180729154,1216.39180729154,1216.39180729154,1163.0429374721,1162.31082316583,1163.77505177838,1148.74226398373,1145.12169476936,1152.36283319811,919.428893831822,910.08351124086,928.774276422783,1216.39180729154,1216.39180729154,1216.39180729154,1200.78395939447,1199.76673109666,1201.80118769227,1200.05810799862,1198.31502830497,1201.80118769227,1036.3073974664,1013.03780773534,1059.57698719745
"Carroll",994.081539060022,994.081539060022,994.081539060022,993.469847787946,993.469847787946,993.469847787946,942.036247107102,938.954471854825,945.118022359379,288.795341869698,285.590165478459,292.000518260938,997.179141238766,997.179141238766,997.179141238766,997.179141238766,997.179141238766,997.179141238766,951.3599154674,951.3599154674,951.3599154674,309.628670958205,307.182589219136,312.074752697274
"Cass",3328.87680883078,3328.87680883078,3328.87680883078,3265.7625680975,3264.51258217605,3267.01255401894,2515.3837533242,2497.99824407741,2536.05416618624,1672.17062535796,1570.56526950767,1761.15068306907,3328.87680883078,3328.87680883078,3328.87680883078,3292.2840879383,3291.82961927392,3292.73855660267,2599.82330435319,2592.86064172284,2607.39351770597,1777.73478026793,1700.59885690576,1841.20370537588
"Champaign",128.024942735642,128.024942735642,128.024942735642,127.82089449444,127.82089449444,127.82089449444,127.569885110698,127.508012595511,127.631757625886,69.0446013099575,60.0826908003031,78.0065118196119,128.024942735642,128.024942735642,128.024942735642,128.024942735642,128.024942735642,128.024942735642,127.773933351901,127.712060836713,127.835805867088,69.2486495511597,60.2867390415053,78.2105600608141
"Christian",419.396927695362,419.396927695362,419.396927695362,415.152871612973,415.152566995335,415.153176230611,414.455265765591,414.454961147953,414.455570383229,403.419328231219,400.808866764092,406.665133973055,419.396927695362,419.396927695362,419.396927695362,415.153176230611,415.153176230611,415.153176230611,414.455570383229,414.455570383229,414.455570383229,404.429648969586,402.194163966117,406.665133973055
"Clark",194.903196965258,194.903196965258,194.903196965258,194.903196965258,194.903196965258,194.903196965258,193.303337042042,193.303337042042,193.303337042042,185.128271881498,184.863729227626,185.39281453537,194.903196965258,194.903196965258,194.903196965258,194.903196965258,194.903196965258,194.903196965258,193.303337042042,193.303337042042,193.303337042042,185.128271881498,184.863729227626,185.39281453537
"Clay",126.934373052426,126.934373052426,126.934373052426,126.816369562105,126.816369562105,126.816369562105,121.072806451065,115.329243340025,126.816369562105,118.226952217373,109.637534872641,126.816369562105,126.934373052426,126.934373052426,126.934373052426,126.934373052426,126.934373052426,126.934373052426,126.882481107028,126.830589161629,126.934373052426,126.882481107028,126.830589161629,126.934373052426
"Clinton",212.541040305158,212.541040305158,212.541040305158,211.038707828452,211.038707828452,211.038707828452,185.813208390742,185.813208390742,185.813208390742,137.409285495564,137.277902340197,137.458722847626,212.541040305158,212.541040305158,212.541040305158,211.682816370315,211.682816370315,211.682816370315,200.014435196463,200.014435196463,200.014435196463,152.381335188548,152.371808106485,152.390862270611
"Coles",80.5254208034085,80.5254208034085,80.5254208034085,79.8593130963039,79.770396509132,79.9482296834758,79.8593130963039,79.770396509132,79.9482296834758,76.5356563804575,76.4445454403685,76.6267673205464,80.5254208034085,80.5254208034085,80.5254208034085,80.3434517604171,80.3434517604171,80.3434517604171,80.3434517604171,80.3434517604171,80.3434517604171,77.0197950445706,77.0176006916536,77.0219893974876
"Cook",1088.99470911338,1088.99470911338,1088.99470911338,1063.16243773443,1062.91103826294,1063.41383720592,911.614687974403,884.973925732615,928.18633609025,592.13864927117,505.316931190755,679.133782690185,1100.87178994078,1100.87178994078,1100.87178994078,1088.01986909212,1087.76846962063,1088.27126856361,1001.830454855,992.338719912613,1007.79480209492,742.00155031574,674.801015674049,805.298940290908
"Crawford",329.773572025507,329.773572025507,329.773572025507,315.520353517615,315.520353517615,315.520353517615,307.887239286573,306.437012527197,309.337466045948,278.12292305653,275.980671280978,280.265174832082,329.773572025507,329.773572025507,329.773572025507,318.793770670756,318.793770670756,318.793770670756,313.919165038351,312.468938278976,315.369391797727,289.13084965533,287.680622895955,290.581076414706
"Cumberland",0,0,0,0,0,0,0,0,0,0,0,0,0,0,0,0,0,0,0,0,0,0,0,0
"De Witt",29.8682809394189,29.8682809394189,29.8682809394189,29.8682809394189,29.8682809394189,29.8682809394189,29.8682809394189,29.8682809394189,29.8682809394189,22.0082650868935,22.0082650868935,22.0082650868935,29.8682809394189,29.8682809394189,29.8682809394189,29.8682809394189,29.8682809394189,29.8682809394189,29.8682809394189,29.8682809394189,29.8682809394189,22.3001303793039,22.3001303793039,22.3001303793039
"DeKalb",148.061595555494,148.061595555494,148.061595555494,147.958480125521,147.958480125521,147.958480125521,147.909815811375,147.909815811375,147.909815811375,78.9318422792078,77.6066185886181,80.2570659697976,148.061595555494,148.061595555494,148.061595555494,148.061595555494,148.061595555494,148.061595555494,148.061595555494,148.061595555494,148.061595555494,79.3674942756578,78.042270585068,80.6927179662475
"Douglas",36.9570868148255,36.9570868148255,36.9570868148255,36.7677529258834,36.7677529258834,36.7677529258834,36.5047115619755,36.5047115619755,36.5047115619755,32.9723918961552,32.2813982923118,33.6633854999985,36.9570868148255,36.9570868148255,36.9570868148255,36.7677529258834,36.7677529258834,36.7677529258834,36.509240907229,36.509240907229,36.509240907229,33.667914845252,33.667914845252,33.667914845252
"DuPage",1216.46121215991,1216.46121215991,1216.46121215991,1161.38698838449,1160.03369068379,1162.7402860852,991.782540860047,976.505909438078,1007.05917228202,480.448213663752,421.673125477567,537.71155395928,1216.46121215991,1216.46121215991,1216.46121215991,1185.83405424912,1182.99395203094,1188.67415646729,1072.04112463052,1057.96435057283,1086.1178986882,657.016304533126,596.155289296073,715.760658018911
"Edgar",0,0,0,0,0,0,0,0,0,0,0,0,0,0,0,0,0,0,0,0,0,0,0,0
"Edwards",14.5034530394072,14.5034530394072,14.5034530394072,14.5034530394072,14.5034530394072,14.5034530394072,14.5034530394072,14.5034530394072,14.5034530394072,14.5034530394072,14.5034530394072,14.5034530394072,14.5034530394072,14.5034530394072,14.5034530394072,14.5034530394072,14.5034530394072,14.5034530394072,14.5034530394072,14.5034530394072,14.5034530394072,14.5034530394072,14.5034530394072,14.5034530394072
"Effingham",28.0912105659754,28.0912105659754,28.0912105659754,27.3255018638452,27.3255018638452,27.3255018638452,27.3255018638452,27.3255018638452,27.3255018638452,27.3255018638452,27.3255018638452,27.3255018638452,28.0912105659754,28.0912105659754,28.0912105659754,28.0912105659754,28.0912105659754,28.0912105659754,28.0912105659754,28.0912105659754,28.0912105659754,28.0912105659754,28.0912105659754,28.0912105659754
"Fayette",663.175778822795,663.175778822795,663.175778822795,657.631668831742,657.136972872304,658.12636479118,657.226426350197,656.326487909213,658.12636479118,648.034925602462,646.048641596237,649.539740508708,663.175778822795,663.175778822795,663.175778822795,663.038748220223,663.038748220223,663.038748220223,662.634693217614,662.230638215004,663.038748220223,653.770193255718,653.096848039668,654.452123937751
"Ford",0.516724336019528,0.516724336019528,0.516724336019528,0,0,0,0,0,0,0,0,0,0.516724336019528,0.516724336019528,0.516724336019528,0,0,0,0,0,0,0,0,0
"Franklin",300.494474856401,300.494474856401,300.494474856401,300.494474856401,300.494474856401,300.494474856401,291.997671427841,287.907219413595,295.977712910723,197.696087040625,187.069976984056,207.18860975727,300.494474856401,300.494474856401,300.494474856401,300.494474856401,300.494474856401,300.494474856401,294.179893390344,291.793836160128,296.455540089196,204.402611909507,195.867201083081,211.804435396008
"Fulton",1636.78570898601,1636.78570898601,1636.78570898601,1631.26675501216,1629.77011968795,1632.76339033638,1553.0640593537,1531.26837249332,1575.5876767117,901.419777866159,865.164354915219,935.981440754281,1636.78570898601,1636.78570898601,1636.78570898601,1632.94669079719,1631.50808122299,1634.38530037138,1590.04418423862,1584.87820516675,1596.05414530812,971.666650907934,951.339409475734,990.891499707209
"Gallatin",87.3206934219319,87.3206934219319,87.3206934219319,86.9891411374542,86.9891411374542,86.9891411374542,86.7432551029109,86.7432551029109,86.7432551029109,36.8843398474723,32.8516312744748,40.1970932570027,87.3206934219319,87.3206934219319,87.3206934219319,86.9891411374542,86.9891411374542,86.9891411374542,86.7432551029109,86.7432551029109,86.7432551029109,40.1970932570027,40.1970932570027,40.1970932570027
"Greene",186.032207748119,186.032207748119,186.032207748119,182.824852565605,182.824852565605,182.824852565605,182.114648080738,181.634353073128,182.594943088348,164.925237004888,157.766242029752,172.084231980024,186.032207748119,186.032207748119,186.032207748119,185.624869329437,185.624869329437,185.624869329437,185.144574321827,184.664279314217,185.624869329437,177.827065362517,176.936924570742,178.717206154292
"Grundy",495.175798269839,495.175798269839,495.175798269839,460.119586957311,460.119586957311,460.119586957311,391.192607304459,391.192607304459,391.192607304459,61.5122240274718,58.4995186378128,64.5249294171308,495.175798269839,495.175798269839,495.175798269839,484.488156437487,481.920469695384,485.344052018188,429.033124048485,424.381193815609,433.469403020784,102.974180489741,92.7921429062246,112.940566812679
"Hamilton",82.9871298861324,82.9871298861324,82.9871298861324,81.5403002998521,81.5403002998521,81.5403002998521,81.2467087326251,81.2467087326251,81.2467087326251,80.5253655627932,80.5253655627932,80.5253655627932,82.9871298861324,82.9871298861324,82.9871298861324,82.9871298861324,82.9871298861324,82.9871298861324,82.836634156276,82.836634156276,82.836634156276,82.1152909864441,82.1152909864441,82.1152909864441
"Hancock",718.103500170537,718.103500170537,718.103500170537,707.568676640019,707.344225001536,707.793128278503,703.377628832444,702.633868728733,704.121388936155,684.125342839448,680.280766925166,688.104671807786,718.103500170537,718.103500170537,718.103500170537,711.764894046244,711.540442407761,711.989345684728,707.983845835157,707.440834359772,708.526857310542,690.790547232145,688.799145441227,693.010559169054
"Hardin",79.325053148532,79.325053148532,79.325053148532,79.2843121430209,79.2843121430209,79.2843121430209,78.8981189885285,78.5331650925311,79.2630728845259,46.3887327160772,45.5237962423413,47.2536691898132,79.325053148532,79.325053148532,79.325053148532,79.2843121430209,79.2843121430209,79.2843121430209,79.2630728845259,79.2630728845259,79.2630728845259,51.8399359855901,51.3399534078516,52.3399185633287
"Henderson",809.343094535915,809.343094535915,809.343094535915,799.496409461586,799.496409461586,799.496409461586,784.822608112449,783.882836656045,785.762379568852,475.1838216049,472.878112033785,477.489531176015,809.343094535915,809.343094535915,809.343094535915,801.745625820382,801.745625820382,801.745625820382,788.078597286369,787.076993037595,789.080201535144,487.34101438112,482.246272907547,492.435755854692
"Henry",17.4294466944085,17.4294466944085,17.4294466944085,17.4294466944085,17.4294466944085,17.4294466944085,17.4294466944085,17.4294466944085,17.4294466944085,17.2928395766645,17.1696108419006,17.4160683114284,17.4294466944085,17.4294466944085,17.4294466944085,17.4294466944085,17.4294466944085,17.4294466944085,17.4294466944085,17.4294466944085,17.4294466944085,17.2928395766645,17.1696108419006,17.4160683114284
"Iroquois",537.82257839141,537.82257839141,537.82257839141,536.476293773622,536.476293773622,536.476293773622,536.476293773622,536.476293773622,536.476293773622,166.541930765475,146.549488360544,174.784875796913,537.82257839141,537.82257839141,537.82257839141,536.476293773622,536.476293773622,536.476293773622,536.476293773622,536.476293773622,536.476293773622,166.590118057535,146.597675652605,174.833063088974
"Jackson",755.90032413647,755.90032413647,755.90032413647,748.279199408284,748.279199408284,748.279199408284,733.400943071005,732.938012780075,733.863873361936,582.98570575628,579.124561294801,587.658814630882,755.90032413647,755.90032413647,755.90032413647,753.467494142263,753.233340527665,753.701647756861,738.756518984326,738.142442081981,739.370595886671,589.652839581807,584.575051830543,594.730627333071
"Jasper",90.9211118825238,90.9211118825238,90.9211118825238,80.2761111272428,80.2761111272428,80.2761111272428,76.2851051868092,76.2851051868092,76.2851051868092,67.9508025650945,66.6651238191783,69.2364813110107,90.9211118825238,90.9211118825238,90.9211118825238,89.5973532805043,89.5973532805043,89.5973532805043,87.5627346178322,87.5627346178322,87.5627346178322,79.2284319961176,77.9427532502014,80.5141107420338
"Jefferson",74.535216861164,74.535216861164,74.535216861164,72.0565450809154,70.3125669003668,73.8005232614639,72.0565450809154,70.3125669003668,73.8005232614639,67.7034715916944,63.999163045992,71.4077801373967,74.535216861164,74.535216861164,74.535216861164,72.5584589569945,70.814480776446,74.302437137543,72.5584589569945,70.814480776446,74.302437137543,68.9263071834135,65.2219986377111,72.6306157291159
"Jersey",549.894478956515,549.744252849826,550.044705063204,543.929811457965,543.779585351276,544.080037564654,517.425087384443,517.274861277754,517.575313491132,385.644086602867,385.493860496178,385.794312709555,549.894478956515,549.744252849826,550.044705063204,549.894478956515,549.744252849826,550.044705063204,524.996840794457,524.846614687768,525.147066901145,413.858497319723,413.385752799165,414.331241840281
"Jo Daviess",2432.27771801082,2432.27771801082,2432.27771801082,2379.94026847592,2377.26707990144,2382.6134570504,2349.50062092283,2345.64441568127,2353.35682616439,74.4747354248877,67.3373963822407,81.6907999365546,2432.27771801082,2432.27771801082,2432.27771801082,2429.05633523604,2428.6476971156,2429.46497335648,2400.98101085651,2399.51131346354,2402.45070824948,132.076038873026,123.630058302143,140.522019443909
"Johnson",2951.92350810431,2951.92350810431,2951.92350810431,2822.31297888171,2820.94283841523,2823.65150587319,2298.05507785975,2204.44913012758,2391.30998328185,1986.28042939113,1797.34939707316,2172.48696374796,2952.22580825452,2952.22580825452,2952.22580825452,2929.5588303865,2929.36294013925,2929.72310715875,2512.90488460176,2317.45589027859,2708.00283661486,2210.7281032869,1917.68386750595,2501.04784110671
"Kane",591.660729456531,591.660729456531,591.660729456531,573.249581260734,573.249581260734,573.249581260734,511.67907883184,511.645319264651,511.71283839903,288.620245845846,262.147866237301,314.963948080756,601.737571422443,601.737571422443,601.737571422443,596.60052067534,596.60040033467,596.600641016011,575.152127760579,575.152007419909,575.15224810125,391.965803959726,377.053197291393,406.775726210894
"Kankakee",280.964604623896,280.964604623896,280.964604623896,278.495111187414,278.369191612445,278.621030762383,277.609465184592,277.483545609623,277.73538475956,65.9254593941141,64.3481505703691,67.502768217859,281.080915094155,281.080915094155,281.080915094155,278.737341232642,278.737341232642,278.737341232642,278.132335154912,278.132335154912,278.132335154912,66.622093534782,65.343010443349,67.8997186132102
"Kendall",49.5779033489246,49.5779033489246,49.5779033489246,45.7073872470686,45.7073872470686,45.7073872470686,45.7073872470686,45.7073872470686,45.7073872470686,43.1753863143589,41.2602397245805,45.1477769444224,49.5779033489246,49.5779033489246,49.5779033489246,46.6071113937969,46.6071113937969,46.6071113937969,46.6071113937969,46.6071113937969,46.6071113937969,45.2730984959599,44.4986959007692,46.0475010911507
"Knox",99.9783680510515,99.9783680510515,99.9783680510515,99.161980264302,99.161980264302,99.161980264302,85.7336220612332,85.6597210814044,85.7637964610946,81.6502761612515,80.3124967138338,82.7855905495673,99.9783680510515,99.9783680510515,99.9783680510515,99.4936574322803,99.4936574322803,99.4936574322803,86.1649292621016,86.0910282822728,86.195103661963,82.2194988015447,80.988360068698,83.2168977504357
"Lake",3127.0268613142,3127.0268613142,3127.0268613142,3116.46548119117,3116.34151475746,3116.55504534408,1991.40285798796,1980.16774005752,2007.69601231484,890.599384489065,829.207843597649,956.030784876864,3135.53857850455,3135.28401897708,3135.79313803203,3129.89156098992,3129.58539804125,3130.16332165779,2380.42943969441,2348.49025733705,2417.4266584482,1503.03630100099,1385.75109179578,1643.469883733
"LaSalle",217.13661821317,217.13661821317,217.13661821317,215.859439956389,215.82954289271,215.889337020069,213.447658434501,213.417761370822,213.47755549818,48.7794711631997,48.7495740995205,48.809368226879,217.13661821317,217.13661821317,217.13661821317,217.13661821317,217.13661821317,217.13661821317,216.96702411641,216.96702411641,216.96702411641,57.7656204380443,57.7656204380443,57.7656204380443
"Lawrence",1062.43873092473,1062.43873092473,1062.43873092473,1061.97883318489,1061.32519940884,1062.19671111024,1051.61770090182,1047.56086313617,1055.46703107526,1006.99779164697,997.304233080976,1016.23012172335,1062.43873092473,1062.43873092473,1062.43873092473,1062.22085299938,1061.56721922333,1062.43873092473,1056.38953388572,1054.23801264496,1058.26019101467,1015.8814549917,1011.89186299246,1019.33646198174
"Lee",252.533120031074,252.533120031074,252.533120031074,245.682092537085,245.176006233045,246.188178841125,231.247727638253,229.933882475961,234.036838688368,90.3506777295488,81.2088489859578,100.967772360964,261.977631540147,261.977631540147,261.977631540147,255.696575529721,255.376782508357,256.016368551085,243.10336659959,241.975814719975,245.70618436703,108.90543288509,102.486273173926,116.799858484078
"Livingston",45.8204975713971,45.8204975713971,45.8204975713971,45.8125166390643,45.8125166390643,45.8125166390643,45.7501530394647,45.687789439865,45.8125166390643,45.6398530222302,45.5774894226305,45.7022166218298,45.8204975713971,45.8204975713971,45.8204975713971,45.8204975713971,45.8204975713971,45.8204975713971,45.8204975713971,45.8204975713971,45.8204975713971,45.7101975541626,45.7101975541626,45.7101975541626
"Logan",180.175433125257,180.175433125257,180.175433125257,179.843871623263,179.843871623263,179.843871623263,178.385255367683,178.385255367683,178.385255367683,173.669646703571,172.005835618047,175.31859479955,180.175433125257,180.175433125257,180.175433125257,179.926907043615,179.926907043615,179.926907043615,178.524960123911,178.524960123911,178.524960123911,176.708133171655,176.611033025613,176.805233317696
"Macon",430.044208637464,430.044208637464,430.044208637464,425.950859683502,425.922855367248,426.034872632264,422.662686074976,422.634681758722,422.746699023737,346.1504160193,343.727950829999,348.628889841109,430.044208637464,430.044208637464,430.044208637464,429.522621812738,429.466613180231,429.578630445246,429.419498333322,429.363489700814,429.47550696583,372.818737706992,366.981332268206,378.656143145777
"Macoupin",137.200659603622,137.200659603622,137.200659603622,135.30502143229,134.40917135507,136.20087150951,135.30502143229,134.40917135507,136.20087150951,134.865487655173,133.530103800837,136.20087150951,137.200659603622,137.200659603622,137.200659603622,136.272561781289,136.272561781289,136.272561781289,136.272561781289,136.272561781289,136.272561781289,136.129442790585,135.986323799881,136.272561781289
"Madison",663.764771892763,663.764771892763,663.764771892763,663.470472489589,663.470472489589,663.470472489589,661.876993304968,661.876993304968,661.876993304968,646.638409158732,644.579018628204,648.697799689259,663.764771892763,663.764771892763,663.764771892763,663.669061961793,663.669061961793,663.669061961793,662.789958169303,662.132433317215,663.447483021392,655.427973019608,652.711057636991,658.144888402224
"Marion",57.8454366619506,57.8454366619506,57.8454366619506,55.9314230624624,55.9314230624624,55.9314230624624,55.8329654173158,55.8329654173158,55.8329654173158,55.3349011178289,55.3095499180989,55.3602523175588,57.8454366619506,57.8454366619506,57.8454366619506,56.7119379922045,56.7119379922045,56.7119379922045,56.7119379922045,56.7119379922045,56.7119379922045,56.2138736927176,56.1885224929876,56.2392248924475
"Marshall",979.114737597897,979.114737597897,979.114737597897,968.478537518385,968.279356610376,968.677718426395,938.415008444291,938.215827536282,938.6141893523,269.282577032589,257.34225515586,283.018599720421,979.114737597897,979.114737597897,979.114737597897,970.974249542289,970.775068634279,971.173430450298,940.910720468195,940.711539560185,941.109901376204,325.286495080721,313.350307924761,339.018383047785
"Mason",1743.62409204678,1743.62409204678,1743.62409204678,1711.65669396183,1711.14989793363,1712.16348999002,1330.25121011058,1321.47007444389,1338.86548787833,820.078166653281,786.068174737271,855.062722760812,1743.62409204678,1743.62409204678,1743.62409204678,1739.73188063967,1739.73188063967,1739.73188063967,1412.29175342759,1408.66586578269,1415.40917835782,1019.70479378817,993.680532196382,1044.86100872042
"Massac",993.292177981991,993.292177981991,993.292177981991,991.765664450748,991.765664450748,991.765664450748,991.765664450748,991.765664450748,991.765664450748,969.752460496268,962.791112512597,976.713808479939,993.292177981991,993.292177981991,993.292177981991,992.371399597447,992.371399597447,992.371399597447,992.371399597447,992.371399597447,992.371399597447,970.60011848865,963.880693350663,977.319543626637
"McDonough",291.183506728043,291.183506728043,291.183506728043,283.997016609395,283.419517821176,284.574515397613,283.095595434952,281.961968089643,284.22922278026,266.731856223982,260.806908296211,272.656804151753,291.183506728043,291.183506728043,291.183506728043,288.068598219708,288.068598219708,288.068598219708,287.828491213112,287.779645773261,287.877336652963,277.079860884159,273.983311036279,280.17641073204
"McHenry",1651.27272626561,1650.9864701516,1651.55898237962,1644.08149310024,1643.79523698623,1644.36774921425,1413.15327285191,1410.38195940544,1415.92458629838,545.610560717314,511.92818685075,581.500208598739,1653.94203843256,1651.7634373799,1656.12063948523,1647.84917898119,1645.67057792852,1650.02778003385,1445.27208155737,1441.74492729817,1448.79923581657,655.204617472375,621.590444755844,689.709729947773
"McLean",152.080201775224,152.080201775224,152.080201775224,150.443624450343,150.443624450343,150.443624450343,150.389152714993,150.389152714993,150.389152714993,149.142874328548,148.864245504185,149.421503152911,152.080201775224,152.080201775224,152.080201775224,151.477780666237,151.477780666237,151.477780666237,151.423308930886,151.423308930886,151.423308930886,150.626226702839,150.347597878477,150.904855527202
"Menard",299.343471459855,299.343471459855,299.343471459855,296.263015478735,296.263015478735,296.263015478735,294.539065457084,294.134187645559,294.94394326861,289.151434194316,286.520579817824,291.782288570807,299.343471459855,299.343471459855,299.343471459855,297.23322211459,297.23322211459,297.23322211459,296.437261722407,296.437261722407,296.437261722407,291.985463020867,290.038001871318,293.932924170416
"Mercer",1287.29572964075,1287.29572964075,1287.29572964075,1259.22654104708,1258.36783498956,1260.0852471046,1165.52624268107,1145.23153501498,1191.78338051547,628.639309570419,588.122470460706,676.2819372533,1287.29572964075,1287.29572964075,1287.29572964075,1283.05665711586,1283.05665711586,1283.05665711586,1194.54493422746,1175.80045556956,1218.92424142496,661.658027528549,623.938948347006,706.175293654566
"Monroe",799.625835840077,799.625835840077,799.625835840077,785.983616955583,785.983492155495,785.983741755671,711.868353223625,710.72266806732,713.01403837993,386.947460620332,380.54061516539,393.354306075274,799.625835840077,799.625835840077,799.625835840077,799.085804202588,799.085804202588,799.085804202588,743.705212504124,743.705212504124,743.705212504124,454.748482194341,450.808063604593,458.688900784088
"Montgomery",17.2450930711319,17.2450930711319,17.2450930711319,16.8593646391346,16.8593646391346,16.8593646391346,16.8593646391346,16.8593646391346,16.8593646391346,16.8593646391346,16.8593646391346,16.8593646391346,17.2450930711319,17.2450930711319,17.2450930711319,17.1535166972534,17.1535166972534,17.1535166972534,17.1535166972534,17.1535166972534,17.1535166972534,17.1535166972534,17.1535166972534,17.1535166972534
"Morgan",543.239794987977,543.239794987977,543.239794987977,512.981378978191,512.689750201865,513.273007754517,437.495480155529,435.168565953389,439.82239435767,293.396814337049,287.590027445306,300.539526701368,543.239794987977,543.239794987977,543.239794987977,520.312462921163,519.723917128495,520.901008713831,446.232911011673,444.327015975634,448.138806047712,307.055257689087,305.044921948235,309.06559342994
"Moultrie",15.4250462318719,15.4250462318719,15.4250462318719,15.4250462318719,15.4250462318719,15.4250462318719,14.7618960859355,14.7618960859355,14.7618960859355,14.6758023059142,14.5897085258928,14.7618960859355,15.4250462318719,15.4250462318719,15.4250462318719,15.4250462318719,15.4250462318719,15.4250462318719,14.7618960859355,14.7618960859355,14.7618960859355,14.6758023059142,14.5897085258928,14.7618960859355
"Ogle",138.012700507864,138.012700507864,138.012700507864,136.831016535775,136.720661120782,136.941371950767,134.785956940575,133.456495739905,135.642798735806,69.4828470620679,67.0569179391757,71.436156779522,138.012700507864,138.012700507864,138.012700507864,137.068062801621,137.068062801621,137.068062801621,136.547928043229,136.461220424589,136.808050899152,72.3412860869454,72.2545784683046,72.601408942868
"Peoria",601.035927487851,601.035927487851,601.035927487851,596.80313308625,596.4589933012,597.147272871301,590.668281297264,590.324141512214,591.012421082314,452.06297883002,450.259760373015,453.703179597822,601.035927487851,601.035927487851,601.035927487851,598.970627247096,598.970627247096,598.970627247096,592.83577545811,592.83577545811,592.83577545811,455.563887482171,454.377833805965,456.586923469173
"Perry",59.2998818846704,59.2998818846704,59.2998818846704,59.2998818846704,59.2998818846704,59.2998818846704,29.6507089847245,29.6507089847245,29.6507089847245,22.232385642664,21.6843895613254,22.7803817240027,59.2998818846704,59.2998818846704,59.2998818846704,59.2998818846704,59.2998818846704,59.2998818846704,29.6507089847245,29.6507089847245,29.6507089847245,22.232385642664,21.6843895613254,22.7803817240027
"Piatt",369.065671228626,369.065671228626,369.065671228626,367.562190105999,367.562190105999,367.562190105999,367.562190105999,367.562190105999,367.562190105999,131.247738997697,131.247738997697,131.247738997697,369.065671228626,369.065671228626,369.065671228626,368.348030857002,368.348030857002,368.348030857002,368.348030857002,368.348030857002,368.348030857002,132.126486734888,132.126486734888,132.126486734888
"Pike",1037.01448214347,1037.01448214347,1037.01448214347,1018.68050189572,1018.68050189572,1018.68050189572,1003.71716019449,1002.60199293288,1005.98782557585,657.576575491197,653.765160097336,662.543489004806,1037.01448214347,1037.01448214347,1037.01448214347,1036.08525006569,1035.66724869297,1036.5032514384,1033.57164312665,1033.15364175393,1033.98964449936,704.368708311881,693.949637240266,714.787779383497
"Pope",291.93941013962,291.93941013962,291.93941013962,290.083319151013,290.079110407882,290.08472206539,282.357513766587,282.353305023456,282.358916680964,203.002095000943,188.217445285201,217.783938887932,291.93941013962,291.93941013962,291.93941013962,291.93941013962,291.93941013962,291.93941013962,284.213604755195,284.213604755195,284.213604755195,224.703024931757,224.703024931757,224.703024931757
"Pulaski",1872.38268051424,1872.38268051424,1872.38268051424,1860.25428926705,1860.04963113736,1860.36918547472,1531.46466842615,1520.01660326352,1542.82297166675,608.636078773483,576.785884183381,640.372241422943,1872.38268051424,1872.38268051424,1872.38268051424,1870.21321231659,1870.21321231659,1870.21321231659,1548.23667289315,1531.83806897426,1564.63527681204,637.879898413206,605.500141799084,671.716514722595
"Putnam",161.912418949513,161.912418949513,161.912418949513,157.809675488078,157.809675488078,157.809675488078,148.951861436197,148.951861436197,148.951861436197,20.3961305288586,20.0880283203512,20.704232737366,161.912418949513,161.912418949513,161.912418949513,159.921859520841,159.921859520841,159.921859520841,151.1595758648,151.1595758648,151.1595758648,24.5362260525459,24.2281238440385,24.8443282610534
"Randolph",3047.48350584944,3047.48350584944,3047.48350584944,3008.04880599196,3004.89006265988,3010.60293233311,2922.10987533184,2918.95113199976,2924.66400167299,775.134218295802,713.428550675662,851.056313502938,3047.48350584944,3047.48350584944,3047.48350584944,3036.5425539278,3033.40059471751,3039.07989614717,2962.32255315842,2959.18059394813,2964.85989537779,957.369964392786,887.342750836815,1043.50190617294
"Richland",154.032305804473,154.032305804473,154.032305804473,149.324711177571,149.324711177571,149.324711177571,149.186136237618,149.186136237618,149.186136237618,148.955328692684,148.955328692684,148.955328692684,154.032305804473,154.032305804473,154.032305804473,152.012413486266,152.012413486266,152.012413486266,152.012413486266,152.012413486266,152.012413486266,151.781605941332,151.781605941332,151.781605941332
"Rock Island",1919.63065397134,1919.63065397134,1919.63065397134,1877.66989869641,1874.55388087227,1880.78591652056,1833.20534494538,1816.70863636741,1848.61076205529,899.705432458704,829.849263173393,964.669461980737,1926.02738912194,1926.02738912194,1926.02738912194,1907.29647980383,1904.66289761539,1909.93006199227,1886.58181470146,1880.37513956008,1891.69719837478,1006.42181153521,959.428479246259,1052.3238523561
"Saline",1026.63048797029,1026.63048797029,1026.63048797029,1011.01534358425,1010.77607413185,1011.25461303665,862.354099878085,862.114830425684,862.593369330485,787.313368339242,780.081645216728,794.545091461757,1026.63048797029,1026.63048797029,1026.63048797029,1024.95252683712,1024.95252683712,1024.95252683712,898.160925192767,898.160925192767,898.160925192767,825.675672017329,818.683218347215,832.668125687443
"Sangamon",889.101865715256,889.101865715256,889.101865715256,877.906806402682,877.906806402682,877.906806402682,869.756857217702,868.187346410784,871.290429082208,838.730669337359,819.99480277995,857.345934468051,889.101865715256,889.101865715256,889.101865715256,885.144111586913,885.144111586913,885.144111586913,881.331126062133,881.331126062133,881.331126062133,864.350817653892,858.936590923905,869.680381899573
"Schuyler",1035.37944961855,1035.37944961855,1035.37944961855,1027.59873321013,1026.71702728033,1028.48043913993,943.264713753509,933.445198389203,953.084229117815,857.504053147649,829.767203926145,897.408720467691,1035.37944961855,1035.37944961855,1035.37944961855,1033.38595376447,1033.38595376447,1033.38595376447,980.232537389523,971.741702896318,988.723371882729,906.367785016762,877.417149303577,935.318420729946
"Scott",0.787835171544413,0.787835171544413,0.787835171544413,0.787835171544413,0.787835171544413,0.787835171544413,0.787835171544413,0.787835171544413,0.787835171544413,0.787835171544413,0.787835171544413,0.787835171544413,0.787835171544413,0.787835171544413,0.787835171544413,0.787835171544413,0.787835171544413,0.787835171544413,0.787835171544413,0.787835171544413,0.787835171544413,0.787835171544413,0.787835171544413,0.787835171544413
"Shelby",55.6199167497321,55.6199167497321,55.6199167497321,55.6199167497321,55.6199167497321,55.6199167497321,55.6199167497321,55.6199167497321,55.6199167497321,55.6199167497321,55.6199167497321,55.6199167497321,55.6199167497321,55.6199167497321,55.6199167497321,55.6199167497321,55.6199167497321,55.6199167497321,55.6199167497321,55.6199167497321,55.6199167497321,55.6199167497321,55.6199167497321,55.6199167497321
"St. Clair",1738.23925396253,1738.23925396253,1738.23925396253,1682.4326684467,1682.4326684467,1682.4326684467,1635.1539877341,1634.52757482384,1635.75573412754,1031.35370162397,1024.99929505962,1037.68344167149,1738.23925396253,1738.23925396253,1738.23925396253,1716.89180908157,1714.84135250523,1718.9422656579,1699.23705642114,1681.90283668405,1716.57127615824,1139.11287374811,1117.05171195311,1161.1740355431
"Stark",1.61942621930544,1.61942621930544,1.61942621930544,1.61942621930544,1.61942621930544,1.61942621930544,1.61942621930544,1.61942621930544,1.61942621930544,1.61942621930544,1.61942621930544,1.61942621930544,1.61942621930544,1.61942621930544,1.61942621930544,1.61942621930544,1.61942621930544,1.61942621930544,1.61942621930544,1.61942621930544,1.61942621930544,1.61942621930544,1.61942621930544,1.61942621930544
"Stephenson",54.883402129445,54.883402129445,54.883402129445,49.8521326696585,48.7026104033796,51.0016549359373,49.7101487395375,48.4186425431376,51.0016549359373,16.6624539378094,15.367632993311,17.9572748823078,55.6363521726043,55.6363521726043,55.6363521726043,55.6363521726043,55.6363521726043,55.6363521726043,55.6363521726043,55.6363521726043,55.6363521726043,41.0842937906214,41.0842937906214,41.0842937906214
"Tazewell",222.885801817506,222.885801817506,222.885801817506,217.97076187579,217.97076187579,217.97076187579,211.757360021125,211.757360021125,211.757360021125,175.493422152404,172.331140564226,178.655703740581,222.885801817506,222.885801817506,222.885801817506,222.885801817506,222.885801817506,222.885801817506,218.498400735946,218.498400735946,218.498400735946,184.488816893261,182.159351794598,186.818281991923
"Union",1685.54951375256,1685.54951375256,1685.54951375256,1672.62297073293,1672.43083377718,1672.81510768867,1515.36350655383,1504.86122943301,1524.16180735931,1084.58807787168,1038.2343908377,1129.23778859032,1685.54951375256,1685.54951375256,1685.54951375256,1676.93296156496,1676.87372346766,1676.99219966226,1521.15166488468,1512.03327220093,1528.56608125309,1095.01967514446,1052.50936508882,1135.82600888476
"Vermilion",271.438089401145,271.438089401145,271.438089401145,269.471004863072,269.471004863072,269.471004863072,267.957699446118,267.957699446118,267.957699446118,139.918319783911,138.924842138303,140.911797429518,272.23020409714,272.23020409714,272.23020409714,272.169530896711,272.169530896711,272.169530896711,271.074051341161,271.074051341161,271.074051341161,144.500652755899,143.941264659197,145.060040852601
"Wabash",114.767892692677,114.767892692677,114.767892692677,114.767892692677,114.767892692677,114.767892692677,114.767892692677,114.767892692677,114.767892692677,114.767892692677,114.767892692677,114.767892692677,114.767892692677,114.767892692677,114.767892692677,114.767892692677,114.767892692677,114.767892692677,114.767892692677,114.767892692677,114.767892692677,114.767892692677,114.767892692677,114.767892692677
"Warren",1.73742428388907,1.73742428388907,1.73742428388907,1.73742428388907,1.73742428388907,1.73742428388907,1.73742428388907,1.73742428388907,1.73742428388907,1.68286900096816,1.68059004871348,1.68514795322285,1.73742428388907,1.73742428388907,1.73742428388907,1.73742428388907,1.73742428388907,1.73742428388907,1.73742428388907,1.73742428388907,1.73742428388907,1.68514795322285,1.68514795322285,1.68514795322285
"Washington",159.331228715541,159.331228715541,159.331228715541,156.185384509016,156.025780080331,156.344988937702,148.101352187584,147.889773253914,148.312931121255,132.568489107941,131.827336498029,133.309641717854,159.331228715541,159.331228715541,159.331228715541,157.076637124346,157.076637124346,157.076637124346,155.693118164151,155.693118164151,155.693118164151,145.80927223218,145.362931451625,146.255613012735
"Wayne",232.005105918088,232.005105918088,232.005105918088,228.106838356476,228.106838356476,228.106838356476,223.665821479325,220.648692699254,226.682950259397,220.855292081709,215.058569778989,226.652014384429,232.005105918088,232.005105918088,232.005105918088,232.005105918088,232.005105918088,232.005105918088,230.735438352948,230.735438352948,230.735438352948,228.702294495884,226.291888109915,230.70450247798
"White",408.209587750102,408.209587750102,408.209587750102,407.191397387604,407.191397387604,407.191397387604,406.876363235191,406.561329082778,407.191397387604,356.005988278918,352.835090564119,360.633579857936,408.209587750102,408.209587750102,408.209587750102,407.941263171372,407.941263171372,407.941263171372,407.941263171372,407.941263171372,407.941263171372,357.236546184766,354.489669029443,361.432380074302
"Whiteside",529.925566883386,529.925566883386,529.925566883386,526.410751731731,526.410751731731,526.410751731731,522.227838968863,522.227838968863,522.227838968863,410.940922346126,402.089041586532,419.792803105721,529.925566883386,529.925566883386,529.925566883386,529.925566883386,529.925566883386,529.925566883386,525.742654120518,525.742654120518,525.742654120518,422.636002081006,417.242281818209,427.482266615393
"Will",1493.61174342749,1493.6009076692,1493.62257918578,1475.60952242635,1475.46225231377,1475.66583630273,1362.40082712204,1357.67343836068,1366.63047911708,831.760009701515,813.376269197659,849.405469985522,1494.1840456001,1494.1840456001,1494.1840456001,1479.57463736572,1479.40554726639,1479.74372746504,1379.67315757976,1376.12547059696,1383.22084456256,900.749323832115,891.615962166309,909.642142044405
"Williamson",2291.60338244897,2291.60338244897,2291.60338244897,2084.01999914771,2083.76266067485,2084.35625314146,1964.19073072581,1962.58342244004,1965.87695453247,1491.76478732843,1485.20745171151,1499.65572270501,2291.60338244897,2291.60338244897,2291.60338244897,2219.38997607832,2218.77131553765,2219.80034267598,2114.9676810732,2106.29622550385,2123.43084269955,1650.89150156627,1637.27001866576,1665.55937476253
"Winnebago",1439.41579602333,1439.41579602333,1439.41579602333,1390.03377861626,1387.63050610516,1392.43705112736,1357.71075171607,1350.96153107082,1364.45997236131,397.530579433381,357.751317340836,451.966068071125,1441.67629070672,1441.67629070672,1441.67629070672,1409.38848606938,1406.55737219163,1412.21959994713,1396.00491894513,1390.23955654843,1401.77028134183,531.206652726363,492.348074292767,570.523947111569
"Woodford",273.144325212042,273.144325212042,273.144325212042,271.40202673978,271.40202673978,271.40202673978,258.824681129713,258.824681129713,258.824681129713,168.437846015636,167.683650273094,169.192041758178,273.144325212042,273.144325212042,273.144325212042,272.339526754769,272.339526754769,272.339526754769,260.082535950987,260.082535950987,260.082535950987,176.238673556226,175.868910640944,176.608436471507
