"SITE_ID","VISIT_NO","DEPTH","BD","TC","YEAR","LAT_ANALYS","LON_ANALYS","WETCLS_GRP","WETCLS_EVL"
"NWCA11-1515",1,15,0.91,4.67,2011,42.41573653,-90.4115948,"PRLH","PEM"
"NWCA11-1515",1,70,1.38,2.43,2011,42.41573653,-90.4115948,"PRLH","PEM"
"NWCA11-1515",1,125,NA,1.93,2011,42.41573653,-90.4115948,"PRLH","PEM"
"NWCA11-3322",1,10,0.77,7.54,2011,42.45861866,-88.07166441,"PRLH","PEM"
"NWCA11-3322",1,18,1.98,5.1,2011,42.45861866,-88.07166441,"PRLH","PEM"
"NWCA11-3322",1,78,2.26,4.64,2011,42.45861866,-88.07166441,"PRLH","PEM"
"NWCA11-3315",1,30,1.03,5.04,2011,41.27694994,-87.86650539,"PRLH","PEM"
"NWCA11-3315",1,90,1.14,3.67,2011,41.27694994,-87.86650539,"PRLH","PEM"
"NWCA11-3315",1,114,NA,0.69,2011,41.27694994,-87.86650539,"PRLH","PEM"
"NWCA11-3315",1,125,NA,2.53,2011,41.27694994,-87.86650539,"PRLH","PEM"
"NWCA11-1515",2,13,0.91,4.57,2011,42.41573653,-90.4115948,"PRLH","PEM"
"NWCA11-1515",2,51,1.15,2.58,2011,42.41573653,-90.4115948,"PRLH","PEM"
"NWCA11-1515",2,69,1.28,2.17,2011,42.41573653,-90.4115948,"PRLH","PEM"
"NWCA11-1515",2,123,NA,2.17,2011,42.41573653,-90.4115948,"PRLH","PEM"
"NWCA11-3317",1,15,1.12,2.12,2011,37.93961048,-89.81608541,"PRLW","PFO"
"NWCA11-3317",1,46,1.33,0.71,2011,37.93961048,-89.81608541,"PRLW","PFO"
"NWCA11-3317",1,60,1.41,0.49,2011,37.93961048,-89.81608541,"PRLW","PFO"
"NWCA11-1533",1,36,1.23,1.62,2011,37.03124664,-89.19729079,"PRLH","PEM"
"NWCA11-1533",1,60,1.25,1.54,2011,37.03124664,-89.19729079,"PRLH","PEM"
"NWCA11-1533",1,125,NA,1.34,2011,37.03124664,-89.19729079,"PRLH","PEM"
"NWCA11-1529",1,13,1.29,1.13,2011,37.06372763,-89.24442424,"PRLW","PFO"
"NWCA11-1529",1,21,1.2,1.31,2011,37.06372763,-89.24442424,"PRLW","PFO"
"NWCA11-1529",1,37,1.05,1.77,2011,37.06372763,-89.24442424,"PRLW","PFO"
"NWCA11-1529",1,60,0.84,1.45,2011,37.06372763,-89.24442424,"PRLW","PFO"
"NWCA11-1516",2,12,0.34,18.74,2011,42.4351739,-88.03015882,"PRLH","PEM"
"NWCA11-1516",2,20,0.78,6.23,2011,42.4351739,-88.03015882,"PRLH","PEM"
"NWCA11-1516",2,125,1.04,4.19,2011,42.4351739,-88.03015882,"PRLH","PEM"
"NWCA11-3316",1,15,0.87,4.48,2011,37.070539,-89.242442,"PRLH","PUBPAB"
"NWCA11-3316",1,120,4.61,0.88,2011,37.070539,-89.242442,"PRLH","PUBPAB"
"NWCA11-1528",1,15,0.97,4.12,2011,40.58531967,-87.86488718,"PRLW","PFO"
"NWCA11-1528",1,46,1.26,3.08,2011,40.58531967,-87.86488718,"PRLW","PFO"
"NWCA11-1528",1,60,1.25,2.45,2011,40.58531967,-87.86488718,"PRLW","PFO"
"NWCA11-R114",1,13,0.47,8.08,2011,42.42001,-87.8098,"PRLH","PEM"
"NWCA11-R114",1,24,0.76,1.43,2011,42.42001,-87.8098,"PRLH","PEM"
"NWCA11-R114",1,76,1.19,0.68,2011,42.42001,-87.8098,"PRLH","PEM"
"NWCA11-1516",1,15,0.24,21.9,2011,42.4351739,-88.03015882,"PRLH","PEM"
"NWCA11-1516",1,125,1.46,4.24,2011,42.4351739,-88.03015882,"PRLH","PEM"
"NWCA11-1531",1,15,1.14,5,2011,41.50748943,-88.77094203,"PRLW","PFO"
"NWCA11-1531",1,30,1.3,3.61,2011,41.50748943,-88.77094203,"PRLW","PFO"
"NWCA11-1531",1,51,1.19,3.49,2011,41.50748943,-88.77094203,"PRLW","PFO"
"NWCA11-1531",1,76,1.41,3.1,2011,41.50748943,-88.77094203,"PRLW","PFO"
"NWCA11-1531",1,90,NA,2.58,2011,41.50748943,-88.77094203,"PRLW","PFO"
"NWCA11-1531",1,115,NA,2.34,2011,41.50748943,-88.77094203,"PRLW","PFO"
"NWCA11-1532",1,25,0.69,30.32,2011,42.45971295,-88.07762428,"PRLH","PEM"
"NWCA11-1532",1,84,0.8,41.22,2011,42.45971295,-88.07762428,"PRLH","PEM"
"NWCA11-1535",1,17,0.23,8.13,2011,42.34520955,-87.93741584,"PRLW","PFO"
"NWCA11-1535",1,34,0.2,5.78,2011,42.34520955,-87.93741584,"PRLW","PFO"
"NWCA11-1535",1,48,1.55,4.58,2011,42.34520955,-87.93741584,"PRLW","PFO"
"NWCA11-1535",1,60,1.58,3.14,2011,42.34520955,-87.93741584,"PRLW","PFO"
"NWCA11-1535",1,102,NA,1.41,2011,42.34520955,-87.93741584,"PRLW","PFO"
"NWCA11-1535",1,125,NA,1.47,2011,42.34520955,-87.93741584,"PRLW","PFO"
"NWCA11-R053",1,30,1.12,1.83,2011,38.9066,-89.1006,"PRLW","PFO"
"NWCA11-R053",1,60,1.21,1.62,2011,38.9066,-89.1006,"PRLW","PFO"
"NWCA16-2280",1,7.5,0.25,19.75,2016,42.435454,-88.030421,"PRLH","PEM"
"NWCA16-2280",1,28,0.5,8.83,2016,42.435454,-88.030421,"PRLH","PEM"
"NWCA16-2280",1,51,0.35,12.17,2016,42.435454,-88.030421,"PRLH","PEM"
"NWCA16-2280",1,80.5,NA,14.87,2016,42.435454,-88.030421,"PRLH","PEM"
"NWCA16-2280",2,10,0.31,17.72,2016,42.435454,-88.030421,"PRLH","PEM"
"NWCA16-2280",2,31,0.4,9.59,2016,42.435454,-88.030421,"PRLH","PEM"
"NWCA16-2280",2,51,0.27,21.21,2016,42.435454,-88.030421,"PRLH","PEM"
"NWCA16-2280",2,80,NA,9.09,2016,42.435454,-88.030421,"PRLH","PEM"
"NWCA16-2281",1,18.5,0.83,3.76,2016,42.416163,-90.411155,"PRLH","PEM"
"NWCA16-2281",1,54.5,1.06,2.18,2016,42.416163,-90.411155,"PRLH","PEM"
"NWCA16-2281",1,86,NA,1.94,2016,42.416163,-90.411155,"PRLH","PEM"
"NWCA16-2281",2,11.5,0.85,3.43,2016,42.416163,-90.411155,"PRLH","PEM"
"NWCA16-2281",2,49.5,1.04,2.15,2016,42.416163,-90.411155,"PRLH","PEM"
"NWCA16-2281",2,88,NA,2.14,2016,42.416163,-90.411155,"PRLH","PEM"
"NWCA16-2284",1,18,0.76,1.77,2016,37.72923,-89.46629,"PRLW","PFO"
"NWCA16-2284",1,46.5,0.87,1.44,2016,37.72923,-89.46629,"PRLW","PFO"
"NWCA16-2290",1,12.5,0.91,2.65,2016,41.50616,-88.77238,"PRLW","PFO"
"NWCA16-2290",1,39,1.03,1.25,2016,41.50616,-88.77238,"PRLW","PFO"
"NWCA16-2300",1,13,0.8,2.41,2016,37.70464,-89.4418,"PRLW","PFO"
"NWCA16-2300",1,50.5,0.91,1.09,2016,37.70464,-89.4418,"PRLW","PFO"
"NWCA16-2302",1,12.5,0.16,47.82,2016,42.44272,-88.19559,"PRLW","PSS"
"NWCA16-2302",1,36.5,0.18,47.73,2016,42.44272,-88.19559,"PRLW","PSS"
"NWCA16-2302",1,74,0.16,50.35,2016,42.44272,-88.19559,"PRLW","PSS"
"NWCA16-2310",1,12,0.55,7.21,2016,42.34891,-87.93566,"PRLH","PEM"
"NWCA16-2310",1,42.5,0.79,5.61,2016,42.34891,-87.93566,"PRLH","PEM"
"NWCA16-2310",1,80.5,NA,10.52,2016,42.34891,-87.93566,"PRLH","PEM"
"NWCA16-2318",1,11,0.86,4.55,2016,42.392053,-87.915789,"PRLW","PSS"
"NWCA16-2318",1,32,0.94,1.99,2016,42.392053,-87.915789,"PRLW","PSS"
"NWCA16-2318",1,58,1.15,1.1,2016,42.392053,-87.915789,"PRLW","PSS"
"NWCA16-2318",1,87,NA,0.49,2016,42.392053,-87.915789,"PRLW","PSS"
"NWCA16-2325",1,16,1.02,3.21,2016,39.81396,-89.07742,"PRLW","PFO"
"NWCA16-2325",1,38.5,1.05,2.5,2016,39.81396,-89.07742,"PRLW","PFO"
"NWCA16-2325",1,53,1.09,2.46,2016,39.81396,-89.07742,"PRLW","PFO"
"NWCA16-2325",1,80.5,NA,0.9,2016,39.81396,-89.07742,"PRLW","PFO"
"NWCA16-2327",1,7,0.79,2.87,2016,37.945402,-89.392559,"PRLW","PFO"
"NWCA16-2327",1,22.5,1.13,1.42,2016,37.945402,-89.392559,"PRLW","PFO"
"NWCA16-2327",1,36.5,0.98,0.88,2016,37.945402,-89.392559,"PRLW","PFO"
"NWCA16-2327",1,53.5,NA,0.78,2016,37.945402,-89.392559,"PRLW","PFO"
"NWCA16-2333",1,22.5,0.96,2.74,2016,38.969026,-88.971287,"PRLW","PFO"
"NWCA16-2333",1,54.5,0.91,0.86,2016,38.969026,-88.971287,"PRLW","PFO"
"NWCA16-2340",1,4.5,0.98,1.86,2016,37.48132,-88.44876,"PRLW","PFO"
"NWCA16-2340",1,25,0.81,0.93,2016,37.48132,-88.44876,"PRLW","PFO"
"NWCA16-2340",1,70.5,1.19,0.22,2016,37.48132,-88.44876,"PRLW","PFO"
"NWCA16-2343",1,10,0.89,2.54,2016,37.93909,-89.37741,"PRLW","PFO"
"NWCA16-2343",1,29,1.07,0.7,2016,37.93909,-89.37741,"PRLW","PFO"
"NWCA16-2343",1,49,1.07,0.63,2016,37.93909,-89.37741,"PRLW","PFO"
"NWCA16-2343",1,75,NA,0.95,2016,37.93909,-89.37741,"PRLW","PFO"
"NWCA16-2346",1,11.5,0.3,12.37,2016,42.44525,-88.299729,"PRLH","PEM"
"NWCA16-2346",1,47.5,0.83,9.04,2016,42.44525,-88.299729,"PRLH","PEM"
"NWCA16-2346",1,86,NA,3.94,2016,42.44525,-88.299729,"PRLH","PEM"
"NWCA16-2348",1,2,NA,0.99,2016,37.682715,-89.126311,"PRLW","PFO"
"NWCA16-2348",1,8.5,1.1,0.67,2016,37.682715,-89.126311,"PRLW","PFO"
"NWCA16-2348",1,25,NA,0.58,2016,37.682715,-89.126311,"PRLW","PFO"
"NWCA16-2348",1,41,NA,0.51,2016,37.682715,-89.126311,"PRLW","PFO"
"NWCA16-2348",1,57.5,NA,0.59,2016,37.682715,-89.126311,"PRLW","PFO"
"NWCA16-2360",1,3.5,NA,2.64,2016,37.49794,-88.43792,"PRLW","PFO"
"NWCA16-2360",1,21.5,1.15,0.48,2016,37.49794,-88.43792,"PRLW","PFO"
"NWCA16-2360",1,68,1.02,0.88,2016,37.49794,-88.43792,"PRLW","PFO"
"NWCA16-2362",1,18,0.15,41.4,2016,41.65174,-88.06952,"PRLH","PEM"
"NWCA16-2364",1,10,1.01,1.27,2016,39.0306,-89.57693,"PRLW","PFO"
"NWCA16-2364",1,26,1.24,0.27,2016,39.0306,-89.57693,"PRLW","PFO"
"NWCA16-2364",1,50,1.01,0.18,2016,39.0306,-89.57693,"PRLW","PFO"
"NWCA16-2364",1,84,NA,0.43,2016,39.0306,-89.57693,"PRLW","PFO"
"NWCA16-2381",1,9.5,0.86,2.16,2016,38.07988,-89.96173,"PRLW","PSS"
"NWCA16-2381",1,25,1.05,1.18,2016,38.07988,-89.96173,"PRLW","PSS"
"NWCA16-2381",1,40,1.1,0.8,2016,38.07988,-89.96173,"PRLW","PSS"
"NWCA16-2381",1,64.5,1.26,0.46,2016,38.07988,-89.96173,"PRLW","PSS"
"NWCA16-2381",1,90,NA,0.4,2016,38.07988,-89.96173,"PRLW","PSS"
"NWCA16-2387",1,3.5,NA,33.64,2016,37.704384,-89.458594,"PRLW","PFO"
"NWCA16-2387",1,28,0.73,1.63,2016,37.704384,-89.458594,"PRLW","PFO"
"NWCA16-2387",1,58.5,0.82,0.86,2016,37.704384,-89.458594,"PRLW","PFO"
"NWCA16-2387",1,84,NA,0.84,2016,37.704384,-89.458594,"PRLW","PFO"
"NWCA16-R201",1,9,0.03,48.16,2016,42.49228,-88.28445,"PRLH","PEM"
"NWCA16-R201",1,27,0.04,49.41,2016,42.49228,-88.28445,"PRLH","PEM"
