"County","Tot_wetland_dependent","Tot_wetland_threatened_endangered","Wetland_frog_toad","Wetland_salamander","Wetland_turtle","Wetland_liz_snake","Wetland_amphibian","Wetland_reptile","Wetland_frog_toad_te","Wetland_salamander_te","Wetland_turtle_te","Wetland_liz_snake_te","Wetland_amphibian_te","Wetland_reptile_te"
"Adams",35,5,11,4,7,13,15,20,0,1,1,3,1,4
"Alexander",50,5,16,8,7,19,24,26,2,0,1,2,2,3
"Bond",28,2,8,3,6,11,11,17,0,1,0,1,1,1
"Boone",11,0,5,1,1,4,6,5,0,0,0,0,0,0
"Brown",11,0,5,1,1,4,6,5,0,0,0,0,0,0
"Bureau",14,0,5,1,3,5,6,8,0,0,0,0,0,0
"Calhoun",33,2,10,2,7,14,12,21,0,0,1,1,0,2
"Carroll",21,2,7,2,4,8,9,12,0,0,1,1,0,2
"Cass",26,2,11,2,6,7,13,13,0,0,2,0,0,2
"Champaign",32,4,12,4,6,10,16,16,0,1,1,2,1,3
"Christian",13,1,6,1,1,5,7,6,0,0,0,1,0,1
"Clark",25,2,8,5,4,8,13,12,0,1,0,1,1,1
"Clay",13,0,5,2,3,3,7,6,0,0,0,0,0,0
"Clinton",26,2,9,3,5,9,12,14,0,0,0,2,0,2
"Coles",36,4,11,6,7,12,17,19,0,1,1,2,1,3
"Cook",40,6,11,6,8,15,17,23,0,2,2,2,2,4
"Crawford",17,0,5,3,4,5,8,9,0,0,0,0,0,0
"Cumberland",35,4,10,4,7,14,14,21,0,1,1,2,1,3
"DeKalb",22,2,7,2,5,8,9,13,0,0,1,1,0,2
"De Witt",18,2,6,0,3,9,6,12,0,0,0,2,0,2
"Douglas",23,2,7,3,5,8,10,13,0,1,0,1,1,1
"DuPage",31,4,8,5,6,12,13,18,0,1,1,2,1,3
"Edgar",21,2,11,3,3,4,14,7,0,1,0,1,1,1
"Edwards",18,1,6,3,4,5,9,9,0,0,0,1,0,1
"Effingham",28,2,9,2,5,12,11,17,0,0,0,2,0,2
"Fayette",32,2,10,5,5,12,15,17,0,0,0,2,0,2
"Ford",9,0,3,1,0,5,4,5,0,0,0,0,0,0
"Franklin",24,0,6,4,3,11,10,14,0,0,0,0,0,0
"Fulton",25,2,7,2,5,11,9,16,0,0,0,2,0,2
"Gallatin",26,2,6,5,6,9,11,15,0,1,0,1,1,1
"Greene",31,1,11,4,6,10,15,16,0,0,0,1,0,1
"Grundy",16,1,6,1,4,5,7,9,0,0,1,0,0,1
"Hamilton",15,0,7,0,4,4,7,8,0,0,0,0,0,0
"Hancock",18,1,7,0,3,8,7,11,0,0,0,1,0,1
"Hardin",33,3,11,7,4,11,18,15,1,1,0,1,2,1
"Henderson",20,2,8,1,5,6,9,11,0,0,2,0,0,2
"Henry",20,2,5,2,6,7,7,13,0,0,2,0,0,2
"Iroquois",23,2,9,2,5,7,11,12,0,1,1,0,1,1
"Jackson",51,5,16,10,7,18,26,25,2,1,1,1,3,2
"Jasper",24,2,9,1,5,9,10,14,0,0,1,1,0,2
"Jefferson",24,1,8,4,3,9,12,12,0,0,0,1,0,1
"Jersey",41,4,11,5,8,17,16,25,0,2,1,1,2,2
"Jo Daviess",19,2,10,0,3,6,10,9,0,0,1,1,0,2
"Johnson",44,3,12,10,5,17,22,22,1,0,0,2,1,2
"Kane",22,2,7,2,6,7,9,13,0,1,1,0,1,1
"Kankakee",25,1,9,2,7,7,11,14,0,0,1,0,0,1
"Kendall",16,1,6,2,3,5,8,8,0,1,0,0,1,0
"Knox",11,2,3,1,0,7,4,7,0,1,0,1,1,1
"LaSalle",24,3,10,2,3,9,12,12,0,1,1,1,1,2
"Lake",35,6,10,6,7,12,16,19,0,2,2,2,2,4
"Lawrence",11,2,4,2,2,3,6,5,0,1,0,1,1,1
"Lee",22,2,8,2,5,7,10,12,0,0,2,0,0,2
"Livingston",9,0,4,0,1,4,4,5,0,0,0,0,0,0
"Logan",12,1,6,0,1,5,6,6,0,0,0,1,0,1
"Macon",18,2,8,2,3,5,10,8,0,1,0,1,1,1
"Macoupin",26,0,9,3,6,8,12,14,0,0,0,0,0,0
"Madison",39,2,13,4,6,16,17,22,0,0,0,2,0,2
"Marion",24,1,8,3,4,9,11,13,0,0,0,1,0,1
"Marshall",13,0,6,0,3,4,6,7,0,0,0,0,0,0
"Mason",27,3,10,3,8,6,13,14,0,0,3,0,0,3
"Massac",34,3,9,7,6,12,16,18,0,1,1,1,1,2
"McDonough",18,3,8,3,1,6,11,7,0,1,0,2,1,2
"McHenry",23,2,8,3,4,8,11,12,0,1,1,0,1,1
"McLean",25,2,8,3,4,10,11,14,0,0,1,1,0,2
"Menard",12,0,5,1,0,6,6,6,0,0,0,0,0,0
"Mercer",10,1,4,0,1,5,4,6,0,0,0,1,0,1
"Monroe",42,2,15,7,4,16,22,20,1,0,0,1,1,1
"Montgomery",18,0,9,1,2,6,10,8,0,0,0,0,0,0
"Morgan",28,3,11,3,8,6,14,14,0,1,2,0,1,2
"Moultrie",21,1,9,2,4,6,11,10,0,0,0,1,0,1
"Ogle",17,2,7,2,3,5,9,8,0,1,1,0,1,1
"Peoria",22,4,8,1,7,6,9,13,0,0,3,1,0,4
"Perry",31,2,10,4,6,11,14,17,0,1,0,1,1,1
"Piatt",21,3,8,2,2,9,10,11,0,1,0,2,1,2
"Pike",34,1,11,4,4,15,15,19,0,0,0,1,0,1
"Pope",46,4,15,8,7,16,23,23,2,0,0,2,2,2
"Pulaski",31,3,10,4,6,11,14,17,1,0,0,2,1,2
"Putnam",11,0,3,0,4,4,3,8,0,0,0,0,0,0
"Randolph",39,3,13,5,6,15,18,21,1,0,1,1,1,2
"Richland",27,1,10,3,3,11,13,14,0,0,0,1,0,1
"Rock Island",27,4,7,4,4,12,11,16,0,2,1,1,2,2
"Saline",30,1,11,5,5,9,16,14,0,0,0,1,0,1
"Sangamon",30,1,11,5,5,9,16,14,0,0,0,1,0,1
"Schuyler",12,1,6,0,2,4,6,6,0,0,0,1,0,1
"Scott",17,0,8,1,4,4,9,8,0,0,0,0,0,0
"Shelby",17,2,8,2,2,5,10,7,0,1,0,1,1,1
"St. Clair",40,2,10,8,5,17,18,22,0,1,0,1,1,1
"Stark",6,1,2,1,0,3,3,3,0,0,0,1,0,1
"Stephenson",10,0,6,0,2,2,6,4,0,0,0,0,0,0
"Tazewell",18,2,9,2,4,3,11,7,0,0,1,1,0,2
"Union",52,5,16,9,7,20,25,27,2,0,1,2,2,3
"Vermilion",36,5,12,8,7,9,20,16,0,3,1,1,3,2
"Wabash",34,4,8,6,6,14,14,20,0,1,1,2,1,3
"Warren",12,1,7,1,1,3,8,4,0,0,0,1,0,1
"Washington",32,0,10,5,5,12,15,17,0,0,0,0,0,0
"Wayne",11,0,5,0,4,2,5,6,0,0,0,0,0,0
"White",17,1,7,2,6,2,9,8,0,0,1,0,0,1
"Whiteside",10,2,4,0,3,3,4,6,0,0,2,0,0,2
"Will",38,6,10,7,8,13,17,21,0,2,2,2,2,4
"Williamson",36,1,11,5,7,13,16,20,0,0,0,1,0,1
"Winnebago",26,2,8,4,6,8,12,14,0,1,1,0,1,1
"Woodford",17,1,7,0,1,9,7,10,0,0,0,1,0,1
