"county","region","PC1","PC2","PC3","PC4","PC5","PC6"
"Carroll","Wisconsin Driftless/Rock R. Hill Country",-2.5206321259991,1.2874704841743,-0.0147491996952893,-0.630683193363501,-0.551311036122477,-0.738458268179269
"DuPage","Northeastern Morainal",-3.7855909535043,0.454736416873331,1.4611496269949,0.461153517329096,0.477324848473386,0.261546546575111
"Monroe","Southern Till Plain/Wabash River Border",3.29937485421944,-0.0272159200033504,0.318181036957559,1.94082610473239,-0.81612950599298,0.402927168787676
"Randolph","Southern Till Plain/Wabash River Border",1.7321210228911,1.1909140114573,0.915859544826135,0.74459880957695,-0.0809969944629139,1.0177521862524
"Pike","Western Forest-Prairie",0.940307008658139,0.802312059075409,-0.0968709464476705,-0.091029137883169,0.321111038105757,0.289713756723269
"Woodford","Grand Prairie",-1.00248457018174,-0.538704199596996,-0.62372990953442,0.302155657901658,0.235269489694395,0.412541526324638
"Adams","Western Forest-Prairie",-0.162690775928602,0.443918582070402,1.0550219110591,-0.201454088926295,0.521034560398168,0.443454756735738
"Iroquois","Grand Prairie",-0.799009686756999,-1.12634580671542,-0.860547883835864,0.305661499340699,1.05189293686078,-0.132287740416907
"Ford","Grand Prairie",-0.942367735843066,-1.19759664627801,-0.926562326015115,-0.157824080851431,-0.206703008918359,0.246924696890704
"Piatt","Grand Prairie",-0.611134990314859,-0.782953729989284,0.261362152019257,-0.219827274224148,-0.177240282536599,0.12832021402187
"Jackson","Shawnee Hills/Coastal Plain",1.92335664029562,1.57453144734452,0.680512007511664,1.06829833981626,0.034100842242921,-0.220369973925772
"Greene","Western Forest-Prairie",-0.0797107520274617,0.598252241676103,-1.07725503290463,0.915464955460152,-0.428598472878939,0.581254285840323
"Lawrence","Southern Till Plain/Wabash River Border",1.24129385770665,0.292965111473458,0.823779170953547,-1.27126528939037,-0.225145757240358,-0.40930103697045
"Hancock","Western Forest-Prairie",-0.041736683075401,0.956307456792108,0.355589610245213,-1.59736711064461,0.0410301176423014,0.793477064374177
"Clay","Southern Till Plain/Wabash River Border",2.32256192963875,0.0668620372229721,-0.316987117846754,-0.0566805297119607,0.262735352430355,-0.836345921060627
"Henderson","Western Forest-Prairie",-0.928419565037762,1.29350730730233,-0.130884214625625,-1.16660576494954,-0.100384888710802,0.394907412364992
"Douglas","Grand Prairie",0.882255840352146,-1.34796725858828,0.357685610947714,-1.29825016679247,-0.587929572010871,-0.210571317695455
"Union","Shawnee Hills/Coastal Plain",1.09988066565813,1.2767093519442,0.839760892732684,0.00488059495750198,-0.356233796417293,0.629988565045407
"Kankakee","Grand Prairie",-1.11207603228967,-0.70025281554664,-0.699904693357846,-0.125289575039938,0.014383928584358,-0.515424319022423
"Massac","Shawnee Hills/Coastal Plain",2.53274806873474,0.731875120079194,0.767232254020294,0.239064660410849,-2.1490521700426,-1.83236646343909
"Will","Northeastern Morainal",-3.16256573707436,-0.523457337812496,1.85302875160679,0.601744526259509,0.747097123625476,0.0324531992963364
"Shelby","Southern Till Plain/Wabash River Border",0.7778710289402,-1.62502228122972,0.3579636670096,-0.26834077583807,0.0407992320835798,-0.232103095503704
"Fayette","Southern Till Plain/Wabash River Border",1.51668348230963,-0.209695507668932,0.132713007937117,-0.254095713596391,1.23511708137826,-0.152779871526456
"Macoupin","Western Forest-Prairie",-0.234320585156435,1.28056975709528,-0.609804690016248,0.196168086477968,-0.859677920560069,0.310683752628857
"Whiteside","Wisconsin Driftless/Rock R. Hill Country",-1.0937159278334,0.201021874176851,-0.812182668684162,-0.119546560876803,-0.210468190819354,-0.751802253660222
"Logan","Grand Prairie",0.105794879951049,-1.47251774749061,-0.976828195040327,1.22141605484781,0.151374040688814,-0.0911762217893894
"Coles","Grand Prairie",0.813605546181374,-0.883061649846986,0.220536691506904,-0.892419034544517,-0.624285399508899,-0.33990968299975
"Mercer","Western Forest-Prairie",-1.11994794923734,1.10606999198079,0.0728658106850134,-0.513291498165636,-0.407340584084403,-0.179770661269637
"Bureau","Grand Prairie",-0.340470652325803,-0.34235937155159,-0.64231825479501,-0.0730699063552243,0.58586761848006,-0.552387031873359
"Sangamon","Grand Prairie",0.451948725706124,0.158203243195223,-0.477434555230232,0.612236076612868,0.323927496212191,-0.0306096603561262
"McLean","Grand Prairie",-0.532324800879588,-1.31223241706051,-0.695343982162052,0.712360450344566,0.147266710358325,0.137879925668946
"Bond","Southern Till Plain/Wabash River Border",0.919228416344896,-0.968009927423657,-0.421947344311068,0.19849256914769,0.13064213909723,0.120575960312008
"Brown","Western Forest-Prairie",-0.580124398401052,0.0792816616148597,-0.87619215522661,0.595368437600876,-0.696972991750314,0.488433939549137
"Knox","Western Forest-Prairie",-0.864144835682848,-0.310062753076219,-0.926179516048491,0.199126386410888,-0.48723842078282,-0.778574552013185
"Champaign","Grand Prairie",0.00358716732974136,-0.880449491497732,-0.206056099845716,-0.867181232653814,-0.087308549742767,0.0945952421714079
"Edgar","Grand Prairie",0.268202550536591,-1.55913648629543,0.121459310343233,-1.34995427921219,0.0423266884138383,0.201480703947731
"Effingham","Southern Till Plain/Wabash River Border",1.16878426689949,-2.23257002236496,0.210562194830476,-0.0829685108355181,0.19171339832489,0.113360491524368
"Cumberland","Southern Till Plain/Wabash River Border",0.614139617600839,-1.36780391402251,0.462398985406649,-1.39568721138598,-0.262028678642956,0.538576576856078
"Crawford","Southern Till Plain/Wabash River Border",0.612485925557463,-0.408597656973607,0.113506026311937,-1.01628637977433,0.884067651341548,0.811892630872452
"Tazewell","Grand Prairie",0.606803265785598,-0.720037657810262,-0.693830590362173,0.52091976289625,0.0944981653121564,-0.43020678393109
"Pope","Shawnee Hills/Coastal Plain",1.30691688613278,-0.20603494411606,1.37203704704959,-0.529066582659953,-0.603370108695341,-0.266983016512787
"Menard","Grand Prairie",-0.437452481695515,-0.339237869274293,-0.557161402475994,1.05604306438031,-0.554106301407984,0.151731505107199
"Marshall","Grand Prairie",-1.68749118179831,0.524911682254222,-0.372854648520925,0.509069032167869,-0.170232594379713,0.0395887562066654
"Cook","Northeastern Morainal",-3.24728502934901,-1.04174154183358,1.18218941114923,1.75808503623794,0.964016029132337,-0.602158521571672
"Gallatin","Shawnee Hills/Coastal Plain",2.70760233023449,-0.531132446474473,0.453897191335817,-0.229374240231292,0.405225796098598,-0.469513892824897
"White","Southern Till Plain/Wabash River Border",2.76205096752027,-0.597985104689781,1.32188660663678,-1.60549330094768,0.14999994087529,-0.375359415235537
"De Witt","Grand Prairie",0.148531753746203,-2.58430331470799,-0.404491009216327,0.715696135551038,0.353365368748322,-0.166516104157334
"Edwards","Southern Till Plain/Wabash River Border",1.58780741095121,-0.680260302081901,0.160012837566891,-0.232525029598457,-0.75855700004011,0.826229006391243
"Mason","Grand Prairie",0.262493940960605,0.963469475299441,-0.558853458869235,1.54780908457577,0.348534090035269,0.124836165897618
"Calhoun","Western Forest-Prairie",0.785507496443203,0.972148413775284,-0.904755744002545,1.38241384596308,0.625807494836438,0.632267115480744
"Marion","Southern Till Plain/Wabash River Border",1.50761229696961,0.547923130960105,-0.489241118293566,-0.392264262369514,0.154277105302926,-0.231064708519748
"Warren","Western Forest-Prairie",-0.460416747368554,-0.114086135444561,-0.494689447892712,-0.66208954778672,-0.999212208427694,-0.285532302249475
"Clark","Southern Till Plain/Wabash River Border",0.685081347758425,-1.68079139954271,0.739012692637959,-1.17940628906365,0.418415713101395,0.216335946976044
"Wayne","Southern Till Plain/Wabash River Border",2.79195706990003,1.42842519341054,0.166955059847818,-1.15126168062455,1.36788961333283,0.0659201586312825
"Kane","Northeastern Morainal",-3.25200055835301,-0.0203549456124498,1.74213804074943,0.328142275266823,0.363056395252757,-0.456560415550033
"Livingston","Grand Prairie",-0.614121920082509,-1.47739504893555,-0.916518547440315,0.0536941829899051,0.117282729063878,-0.219730619954722
"Jo Daviess","Wisconsin Driftless/Rock R. Hill Country",-3.40557626103246,2.02167908673358,0.322646139510457,-0.347823163974023,-0.588820662924237,-0.692263528797516
"Williamson","Shawnee Hills/Coastal Plain",1.98297879782876,-0.297022384215916,0.795694126937443,0.968163085619623,0.235611996953575,-0.27267986961029
"Alexander","Shawnee Hills/Coastal Plain",1.9753925056286,1.08728321230776,1.35699427836217,-0.0886694707748855,-0.346752186338194,0.672568886467092
"Grundy","Grand Prairie",-2.91811558456757,0.2227562062982,2.13107885532347,0.087173520557973,0.161654183583149,0.147605216930348
"Jasper","Southern Till Plain/Wabash River Border",0.674289884744526,-0.566786118373078,-0.388730352270278,-0.245646839428391,-0.290601373220867,-0.0760845258875951
"Saline","Shawnee Hills/Coastal Plain",2.31945349656747,0.130950607107563,0.64152656618467,1.03670113899247,0.0840195750323219,1.40379467399994
"St. Clair","Southern Till Plain/Wabash River Border",3.56453356372849,1.35146161596098,0.13411339729359,0.805974032652415,0.900560343212621,-0.578032295448214
"Washington","Southern Till Plain/Wabash River Border",1.97351373566659,0.813492123965319,-0.360269407532824,-0.448661135150409,0.575763415965221,-0.430105922454921
"Richland","Southern Till Plain/Wabash River Border",1.19926790267529,0.615131372424394,0.209337558390379,-1.78146438125683,-0.714945494422713,-0.319131260560775
"Perry","Southern Till Plain/Wabash River Border",1.99405534919322,1.33433611425416,-0.645820071836918,0.222397962051167,0.0927446174872178,0.213290380335339
"Johnson","Shawnee Hills/Coastal Plain",0.730654932362921,0.418437062350451,1.81455954061858,0.347295813449922,-0.769881052015154,-0.166256125198729
"Pulaski","Shawnee Hills/Coastal Plain",0.899705732992685,0.985751894622933,1.22724800033443,0.203896846766568,-1.06860861704765,0.67819337937374
"Madison","Southern Till Plain/Wabash River Border",2.23399121679013,0.802424901101731,-0.208523522719736,0.426094473990783,0.204602619580964,-0.571831433248433
"Moultrie","Grand Prairie",-0.395166383455374,-0.842592624059106,1.29828669499839,-0.31211262162068,-0.315178476013245,-0.306416990253202
"Ogle","Wisconsin Driftless/Rock R. Hill Country",-1.74100953249243,0.225439368956204,-1.27137045490281,-0.836557498448055,-0.073528553400786,-0.172974353849864
"Clinton","Southern Till Plain/Wabash River Border",3.05344110162168,1.17395299566189,-0.843313784626371,0.237269611951517,2.55960072281311,-1.12125500468009
"LaSalle","Grand Prairie",-0.963215280918336,0.290770212208872,-0.73650108725381,-0.713540243500869,-0.00208658757895461,0.0508989458468719
"Peoria","Western Forest-Prairie",-0.459098818451362,0.299972526660172,-1.01178849117942,0.764684880066485,-0.198559158393223,-0.748350991173715
"Hardin","Shawnee Hills/Coastal Plain",1.32441251124656,-2.29474450425989,0.849026371659177,0.426497676863077,-0.398920173355987,-0.72274452838615
"Kendall","Grand Prairie",-1.9912438251328,-0.764617973038764,-0.755356152117046,-1.03638613368499,0.530344894997076,0.903189426219373
"Stephenson","Wisconsin Driftless/Rock R. Hill Country",-2.1231015405954,0.871848739209539,-1.65206190069123,-1.39176672242871,-0.161389047917827,-0.142370055689307
"Fulton","Western Forest-Prairie",-0.415165809483946,0.598128671651454,-0.325096884022092,1.29167185325395,-0.338088580686813,-0.405070138827165
"Montgomery","Southern Till Plain/Wabash River Border",0.654313569884468,-1.07382522239894,-0.255164814311323,0.400268799125231,0.0379854114319633,0.638209076362148
"Macon","Grand Prairie",0.138349581140516,-1.01750807072684,-0.0513228251044038,0.651565779727649,-0.312510550753471,-0.312280551797295
"Putnam","Grand Prairie",-0.401827575625333,-0.0687756888961445,-0.461427953060098,-0.506805533160201,-0.420900172247773,-0.173326176793577
"Schuyler","Western Forest-Prairie",-0.818184755389631,0.47112781303101,-0.540241774214309,1.17726357782161,-0.136144156959256,0.493812335016662
"Lee","Wisconsin Driftless/Rock R. Hill Country",-1.94140411546559,0.0920122464335399,-0.543812803017833,-0.803842531107621,-0.0213018111520052,-0.0858411675067327
"Stark","Grand Prairie",-1.58542447242292,-0.253660068059419,-1.73719345530881,0.335251889485367,-0.550952288798824,-0.170217039556608
"Cass","Grand Prairie",-0.631769042675252,0.217921353759264,0.492501455276845,1.26872852066171,0.278916771369296,0.0726435073308898
"Winnebago","Wisconsin Driftless/Rock R. Hill Country",-2.01951221287417,1.62260811496999,-0.903655280066876,-0.731671905490492,0.331659671756958,-0.164495707673936
"Wabash","Southern Till Plain/Wabash River Border",1.49372423161897,-0.534899431870387,-0.0796596528384696,-0.0265286069735983,-0.681388402558044,0.096560282124535
"Henry","Grand Prairie",-0.959629162056078,-0.450288042691302,-1.24126473729621,0.212530380589262,-0.133687080646065,0.181191979096652
"McDonough","Western Forest-Prairie",-0.437798509548375,0.942811682401663,-1.09525289729026,0.35882659709658,-0.865696380519944,-0.0803699955651557
"Hamilton","Southern Till Plain/Wabash River Border",1.61325623003977,-0.68527553085973,0.228841378473002,-0.142055556532704,-0.523359222081732,0.750395195519822
"Christian","Grand Prairie",0.41741134816561,-1.10827268024536,-0.192395542291643,0.228871689378347,0.651274670869681,0.401934486613645
"Scott","Western Forest-Prairie",-0.0448371595060325,-0.701793834482199,-0.409125785602601,-0.0148061395749157,-0.515352904909832,0.638144105194192
"Jefferson","Southern Till Plain/Wabash River Border",1.87522641845224,0.99512992149366,-0.0130864283338773,-1.21503502540898,0.63572591426522,-0.660384305559314
"Lake","Northeastern Morainal",-4.04211753414762,-0.0302756948361053,1.01256957862215,0.929196441342146,0.761324592175553,-0.485069690329046
"Franklin","Southern Till Plain/Wabash River Border",2.28673448397387,1.76522212668558,-0.24048436371421,-0.213181134807489,0.932044486789324,0.531718161342019
"Jersey","Western Forest-Prairie",0.185117598254841,0.370986804497787,-0.0546466339186844,1.4210217799681,-0.979696987070201,0.583293361910574
"Vermilion","Grand Prairie",-1.12716440872964,-0.619549491630144,-0.383317217850594,-0.744662413017262,0.51520909223317,0.696710479758643
"Boone","Northeastern Morainal",-2.5753365424522,0.806789202042272,-1.10283565451337,-1.25928710158048,0.0214120773571327,0.62744075004786
"Morgan","Western Forest-Prairie",-0.882548413420876,-0.238250514548146,0.253811482064343,0.898884928455109,-0.315239795194006,-0.0823184950737201
"Rock Island","Western Forest-Prairie",-2.14905474285423,1.68439212860275,-0.412984288396291,-0.262720380220394,0.118225758164595,0.403913446659054
"McHenry","Northeastern Morainal",-3.72321007366089,0.180683111424511,1.9332734142791,-0.366184046268943,0.628618715117535,0.141985537079711
"DeKalb","Northeastern Morainal",-3.60467202133652,0.731624258682586,1.48007297977183,0.228886405584867,0.065363883698899,-0.389408864553065
