"county","region","fd","mxt100","cdd","cwd"
"Carroll","Wisconsin Driftless/Rock R. Hill Country",1,0,0,1
"DuPage","Northeastern Morainal",1,0,0,0
"Monroe","Southern Till Plain/Wabash River Border",0,1,1,1
"Randolph","Southern Till Plain/Wabash River Border",0,1,1,1
"Pike","Western Forest-Prairie",0,1,1,0
"Woodford","Grand Prairie",1,0,0,0
"Adams","Western Forest-Prairie",0,1,1,0
"Iroquois","Grand Prairie",1,0,1,0
"Ford","Grand Prairie",1,0,1,0
"Piatt","Grand Prairie",1,0,0,0
"Jackson","Shawnee Hills/Coastal Plain",0,1,1,1
"Greene","Western Forest-Prairie",1,1,0,1
"Lawrence","Southern Till Plain/Wabash River Border",0,1,1,1
"Hancock","Western Forest-Prairie",0,1,0,0
"Clay","Southern Till Plain/Wabash River Border",0,1,1,1
"Henderson","Western Forest-Prairie",0,0,0,0
"Douglas","Grand Prairie",0,0,1,0
"Union","Shawnee Hills/Coastal Plain",0,1,1,0
"Kankakee","Grand Prairie",1,0,0,0
"Massac","Shawnee Hills/Coastal Plain",0,1,1,1
"Will","Northeastern Morainal",1,0,0,0
"Shelby","Southern Till Plain/Wabash River Border",0,0,1,1
"Fayette","Southern Till Plain/Wabash River Border",0,1,1,1
"Macoupin","Western Forest-Prairie",0,1,0,0
"Whiteside","Wisconsin Driftless/Rock R. Hill Country",1,0,0,1
"Logan","Grand Prairie",1,0,0,1
"Coles","Grand Prairie",0,0,1,1
"Mercer","Western Forest-Prairie",0,0,0,0
"Bureau","Grand Prairie",1,0,0,0
"Sangamon","Grand Prairie",0,1,0,1
"McLean","Grand Prairie",1,0,0,0
"Bond","Southern Till Plain/Wabash River Border",0,1,1,1
"Brown","Western Forest-Prairie",1,1,0,0
"Knox","Western Forest-Prairie",1,0,0,0
"Champaign","Grand Prairie",1,0,1,0
"Edgar","Grand Prairie",0,0,1,1
"Effingham","Southern Till Plain/Wabash River Border",0,1,1,1
"Cumberland","Southern Till Plain/Wabash River Border",0,0,1,1
"Crawford","Southern Till Plain/Wabash River Border",0,1,1,1
"Tazewell","Grand Prairie",1,0,0,0
"Pope","Shawnee Hills/Coastal Plain",0,1,1,1
"Menard","Grand Prairie",1,1,0,1
"Marshall","Grand Prairie",1,0,0,0
"Cook","Northeastern Morainal",1,0,0,0
"Gallatin","Shawnee Hills/Coastal Plain",0,1,1,1
"White","Southern Till Plain/Wabash River Border",0,1,1,1
"De Witt","Grand Prairie",1,0,0,1
"Edwards","Southern Till Plain/Wabash River Border",0,1,1,1
"Mason","Grand Prairie",1,1,0,0
"Calhoun","Western Forest-Prairie",1,1,0,1
"Marion","Southern Till Plain/Wabash River Border",0,1,1,1
"Warren","Western Forest-Prairie",0,0,0,0
"Clark","Southern Till Plain/Wabash River Border",0,0,1,1
"Wayne","Southern Till Plain/Wabash River Border",0,1,1,1
"Kane","Northeastern Morainal",1,0,0,0
"Livingston","Grand Prairie",1,0,0,0
"Jo Daviess","Wisconsin Driftless/Rock R. Hill Country",1,0,0,0
"Williamson","Shawnee Hills/Coastal Plain",0,1,1,1
"Alexander","Shawnee Hills/Coastal Plain",0,1,1,0
"Grundy","Grand Prairie",1,0,1,0
"Jasper","Southern Till Plain/Wabash River Border",0,1,1,1
"Saline","Shawnee Hills/Coastal Plain",0,1,1,1
"St. Clair","Southern Till Plain/Wabash River Border",0,1,1,1
"Washington","Southern Till Plain/Wabash River Border",0,1,1,1
"Richland","Southern Till Plain/Wabash River Border",0,0,1,1
"Perry","Southern Till Plain/Wabash River Border",0,1,1,1
"Johnson","Shawnee Hills/Coastal Plain",0,1,1,1
"Pulaski","Shawnee Hills/Coastal Plain",0,1,1,1
"Madison","Southern Till Plain/Wabash River Border",0,1,0,1
"Moultrie","Grand Prairie",0,0,1,0
"Ogle","Wisconsin Driftless/Rock R. Hill Country",1,0,0,0
"Clinton","Southern Till Plain/Wabash River Border",0,1,1,1
"LaSalle","Grand Prairie",1,0,1,0
"Peoria","Western Forest-Prairie",1,0,0,0
"Hardin","Shawnee Hills/Coastal Plain",0,1,1,1
"Kendall","Grand Prairie",1,0,0,0
"Stephenson","Wisconsin Driftless/Rock R. Hill Country",1,0,0,0
"Fulton","Western Forest-Prairie",1,1,0,0
"Montgomery","Southern Till Plain/Wabash River Border",1,1,1,1
"Macon","Grand Prairie",1,0,0,1
"Putnam","Grand Prairie",1,0,0,0
"Schuyler","Western Forest-Prairie",1,1,0,0
"Lee","Wisconsin Driftless/Rock R. Hill Country",1,0,0,0
"Stark","Grand Prairie",1,0,0,0
"Cass","Grand Prairie",1,1,0,0
"Winnebago","Wisconsin Driftless/Rock R. Hill Country",1,0,0,0
"Wabash","Southern Till Plain/Wabash River Border",0,1,1,1
"Henry","Grand Prairie",1,0,0,0
"McDonough","Western Forest-Prairie",0,0,0,0
"Hamilton","Southern Till Plain/Wabash River Border",0,1,1,1
"Christian","Grand Prairie",1,1,0,1
"Scott","Western Forest-Prairie",1,1,0,1
"Jefferson","Southern Till Plain/Wabash River Border",0,1,1,1
"Lake","Northeastern Morainal",1,0,0,0
"Franklin","Southern Till Plain/Wabash River Border",0,1,1,1
"Jersey","Western Forest-Prairie",0,1,1,1
"Vermilion","Grand Prairie",1,0,1,0
"Boone","Northeastern Morainal",1,0,0,0
"Morgan","Western Forest-Prairie",1,1,0,1
"Rock Island","Western Forest-Prairie",1,0,0,0
"McHenry","Northeastern Morainal",1,0,1,0
"DeKalb","Northeastern Morainal",1,0,0,0
