NAME,County_Group,OBJECTID_1,SOURCE_ID,plantn,herpn,carbon,flood,area_spf,percent_spf,row_crops,imp_cover,fd,mxt100F,mdsl,mwsl,Shape_Length_1,Shape_Area_1,CLUSTER_ID,IS_SEED,CLUSTER_NAME,CLUSTER_ACTION,Shape_Length,Shape_Area
Carroll,Wisconsin Driftless/Rock R. Hill Country,1,1,-0.290397672148161,-0.331869168174890,-0.445065183322466,-0.592861664827711,-0.752267932553237,-1.019873377194710,-0.443038340294141,-0.279443691737325,-0.971816380111026,-1.247713845625630,-0.954851086058823,-1.548054062174120,159310.164368124911562,1209140929.334605932235718,1,0,Northwest,Restore,159310.164368124911562,1209140929.334605932235718
DuPage,Northeastern Morainal,2,2,2.529148893230360,0.629797171422802,0.379850813438501,6.639915766179340,-1.180449886771380,-2.806180911547090,-0.882394225145574,1.143250174899050,-0.701789108066213,-1.090739545692110,-0.457844574037183,-1.808684229922420,123725.440933331861743,871242569.202781438827515,4,0,Northeast,Enhance,123725.440933331861743,871242569.202781438827515
Monroe,Southern Till Plain/Wabash River Border,3,3,1.042757497351470,1.687630144980260,-0.055481201952354,3.384205860677440,0.697064487394501,0.355264060881642,2.400365207417550,-0.189783507194008,-1.076247520023840,0.176830863506400,0.124519404939526,0.642317984195370,154224.578782268799841,1031160454.416635513305664,3,0,Southwest,Protect,154224.578782268799841,1031160454.416635513305664
Randolph,Southern Till Plain/Wabash River Border,4,4,0.858874025696345,1.399130243100960,0.521989458991838,1.101712090178870,1.046855496765440,-0.427390716025766,1.762465626618940,-0.199741919938849,-1.060335048271610,-0.028258183713160,-0.037241856527774,-0.683400376496714,191446.741808985883836,1544165468.465666055679321,3,0,Southwest,Protect,191446.741808985883836,1544165468.465666055679321
Pike,Western Forest-Prairie,5,5,-0.612193747544622,0.918297073302110,0.215477261438897,0.923798889836693,0.996414722157584,0.307301359465549,4.737503123339600,-0.166810343279927,-1.001926949793310,-0.514479307924012,-0.098520101269727,-0.806594644944936,217559.294297276413999,2197983898.347265243530273,3,0,Southwest,Protect,217559.294297276413999,2197983898.347265243530273
Woodford,Grand Prairie,6,6,-0.796077219199743,-0.716535704013966,-0.395746103995845,-0.436304178996335,-0.537647525907016,0.174202364940397,-0.690745529324744,-0.290997540174929,-0.750612833354287,-0.811346771895822,-0.175478374634369,-0.863474232762056,173739.790853927755961,1406225593.557296037673950,1,0,Northwest,Restore,173739.790853927755961,1406225593.557296037673950
Adams,Western Forest-Prairie,7,7,0.184634629627569,1.014463707261880,0.402180543932717,1.599680187204780,0.403465304159076,-0.869047816418576,1.529800300044560,-0.118469189212213,-0.946199315961819,-0.617522820584783,0.229360227911154,-1.186807389931800,192657.127337840473047,2256254308.888607978820801,3,0,Southwest,Protect,192657.127337840473047,2256254308.888607978820801
Iroquois,Grand Prairie,8,8,0.644343308765371,-0.139535900255351,-0.056339000565396,-0.441295366583893,-0.032695005791223,0.366002907413363,-0.095186595099366,-0.262214541445210,-0.681133779840432,-0.992243758210274,0.134750883691559,-0.562946263612159,215789.863654490822228,2898233526.295774459838867,1,0,Northwest,Restore,215789.863654490822228,2898233526.295774459838867
Ford,Grand Prairie,9,9,-0.259750426872307,-1.485868775692120,-0.858865916287594,-0.720077353424284,-1.113993408003830,0.770385954354364,-1.178771187859150,-0.308762592982500,-0.777974821917207,-0.913765425309081,0.012245851688637,-0.766809656176285,221986.181649433739949,1259330711.045911312103271,1,0,Northwest,Restore,221986.181649433739949,1259330711.045911312103271
Piatt,Grand Prairie,10,10,-1.087226049320350,-0.331869168174890,-0.624612028625145,-0.683142190558501,-0.807642410653138,-0.130170249342320,-1.146296746932890,-0.303439114366219,-0.885220347060044,-0.811703045857628,0.259619190938352,-0.845123979085490,151291.981379182689125,1138246230.286213159561157,2,0,Southeast,Restore,151291.981379182689125,1138246230.286213159561157
Jackson,Shawnee Hills/Coastal Plain,11,11,1.272611836920370,2.553129850618190,1.371094066609600,-0.176272941676780,1.593199258659520,-0.637626797648973,1.669597465596680,-0.166154463955154,-1.117860443876910,-0.240904774236762,-0.316975532124028,-0.205500898721712,178018.397302516794298,1559661691.488748311996460,3,0,Southwest,Protect,178018.397302516794298,1559661691.488748311996460
Greene,Western Forest-Prairie,12,12,-1.424345747354740,0.629797171422802,-0.299280875370464,0.087628142863612,-0.085556810867562,0.483377325048688,-0.071849693303200,-0.309862747169913,-0.858706956670814,-0.497625408803887,-0.807665148517840,-0.632971275055445,178937.598573412775295,1415160577.020782947540283,1,0,Northwest,Restore,178937.598573412775295,1415160577.020782947540283
Lawrence,Southern Till Plain/Wabash River Border,13,13,0.368518101282689,-1.293535507772580,0.331012316612862,-0.555627756744792,0.522526556544066,0.192513391444788,0.388202386201524,-0.298925830217297,-1.193463627519950,-0.702569615554236,0.528483094682704,-0.844434940168580,134413.168529572285479,968698472.775225996971130,2,0,Southeast,Restore,134413.168529572285479,968698472.775225996971130
Hancock,Western Forest-Prairie,14,14,0.399165346558543,-0.620369070054197,-0.064252400885910,1.201001118772690,0.351469736000773,0.286600467256235,0.174980261579235,-0.238753921764137,-1.064793605502600,-0.683979739672715,0.088001516229401,-1.763281050145140,193338.737546034826664,2107059389.246686935424805,1,0,Northwest,Restore,193338.737546034826664,2107059389.246686935424805
Clay,Southern Till Plain/Wabash River Border,15,15,-1.271109520975470,-1.101202239853040,0.077754241981868,-0.418282530739271,1.365340743157530,0.913441961885504,0.522952950747822,-0.298260228236110,-1.099882176126340,-0.594538207305677,0.295621148414999,0.063317666193204,163478.427781856589718,1216087582.425084590911865,2,0,Southeast,Restore,163478.427781856589718,1216087582.425084590911865
Henderson,Western Forest-Prairie,16,16,-0.581546502268769,-0.428035802134659,-0.013156188422240,-0.174329283430634,0.115793272925462,0.038328515835667,-0.474998782769005,-0.287148650023116,-1.008722651365060,-0.858359512494240,-0.465907722976212,-1.727205379940090,152688.747269480576506,1023361173.733791828155518,1,0,Northwest,Restore,152688.747269480576506,1023361173.733791828155518
Douglas,Grand Prairie,17,17,-0.933989822941084,-0.139535900255351,-0.640696825743325,-0.613272987428333,-0.696875354059545,0.864397354003269,-1.085660216192510,-0.295177135127720,-1.075849857921650,-0.788827084763194,0.905881964320219,-0.609844175589903,141884.387237227405421,1080558947.790184020996094,2,0,Southeast,Restore,141884.387237227405421,1080558947.790184020996094
Union,Shawnee Hills/Coastal Plain,18,18,1.425848063299640,2.649296484577960,0.365578400301437,1.160078732450960,0.679666248991436,-0.370511766261858,0.117752954820911,-0.280132994526425,-1.112982415506390,-0.284193060961666,-0.111467916622466,-0.959900737224285,149044.006286593968980,1092776847.877478837966919,3,0,Southwest,Protect,149044.006286593968980,1092776847.877478837966919
Kankakee,Grand Prairie,19,19,1.441171685937560,0.052797367664187,-0.531868358964792,-0.588943833032176,-0.684561031585950,0.239422019767979,-0.619512923733511,-0.188106295209473,-0.825763633691516,-1.084653460459700,-0.144001300000055,-0.690458817978704,186089.172476512292633,1764539875.784595489501953,1,0,Northwest,Restore,186089.172476512292633,1764539875.784595489501953
Massac,Shawnee Hills/Coastal Plain,20,20,0.812903157782565,0.918297073302110,-0.288698531911915,0.075784747751846,0.052960917148410,-0.061531561903798,0.346737221063846,-0.272109670769793,-1.429436168607560,-0.503257889081482,-0.143650158721826,0.484329652648812,114818.616027544325334,626474992.993095278739929,3,0,Southwest,Protect,114818.616027544325334,626474992.993095278739929
Will,Northeastern Morainal,21,21,1.548437044403050,1.302963609141190,0.447428525063381,2.347237209563630,-1.180449886771380,-2.806180911547090,-0.213317466768457,2.640055019302880,-0.684335569481095,-1.065646609284530,0.139341775351985,-1.387707645461680,237490.305341370956739,2199455495.258749485015869,4,0,Northeast,Enhance,237490.305341370956739,2199455495.258749485015869
Shelby,Southern Till Plain/Wabash River Border,22,22,-1.025931558768640,-0.716535704013966,-0.509903113228324,-0.532865984381177,-0.412485877921714,0.406644460150087,-0.185461709904800,-0.302326586889486,-0.934916560173089,-0.733350899725577,0.883407975888978,-0.264226064999208,212350.466010573552921,1989275526.411885023117065,2,0,Southeast,Restore,212350.466010573552921,1989275526.411885023117065
Fayette,Southern Till Plain/Wabash River Border,23,23,-1.194491407785840,0.725963805382572,0.369627299064873,-0.212278906210456,1.484092329102710,0.435984657829331,1.647913987207200,-0.234172385257957,-0.951151130935141,-0.633303053726258,0.625457781251231,-0.460582549858046,203853.859565695078345,1878498894.128500461578369,3,0,Southwest,Protect,203853.859565695078345,1878498894.128500461578369
Macoupin,Western Forest-Prairie,24,24,-0.704135483372183,0.148964001623956,-0.261128820853428,0.048528077073433,-0.126957063760415,0.192394061315991,0.340050587350703,-0.240397315319561,-1.006228020450320,-0.586143745588680,-0.897278758604207,-0.974083765050524,194624.800149577902630,2247341197.925743579864502,1,0,Northwest,Restore,194624.800149577902630,2247341197.925743579864502
Whiteside,Wisconsin Driftless/Rock R. Hill Country,25,25,-0.045219709941333,-1.389702141732350,-0.096692389898658,-0.562621242057982,-0.365274699062948,0.116922975584797,0.814240480754471,-0.162069932710920,-0.903769251640945,-1.088735496938750,-0.563898129824493,-0.768184417822989,182603.125711568980478,1803509788.389210939407349,1,0,Northwest,Restore,182603.125711568980478,1803509788.389210939407349
Logan,Grand Prairie,26,26,0.153987384351715,-1.197368873812810,-0.484153618478246,-0.457141721153449,-0.490240014825835,0.600362783597482,-0.594191507751156,-0.249450889262969,-0.724219604297763,-0.699054285905899,0.043525975465319,0.099351245736682,168097.809625201538438,1603010630.951473712921143,2,0,Southeast,Restore,168097.809625201538438,1603010630.951473712921143
Coles,Grand Prairie,27,27,-1.378374879440960,1.110630341221650,-0.514865434565409,-0.491038428976940,-0.503301177219665,0.665230263762644,-0.893337884907620,-0.294779911502305,-1.074610779698270,-0.764291970903439,0.581645870304831,-0.528352236528544,156007.908633611252299,1321068108.873950958251953,2,0,Southeast,Restore,156007.908633611252299,1321068108.873950958251953
Mercer,Western Forest-Prairie,28,28,-0.428310275889501,-1.389702141732350,-0.103828915366407,-0.252642929841521,-0.220856197480778,-0.490833582170783,0.628906317420213,-0.301017458460006,-1.006606139914680,-0.910584924460450,-0.589088689450490,-1.324555605678690,162029.614484076155350,1472660556.120718002319336,1,0,Northwest,Restore,162029.614484076155350,1472660556.120718002319336
Bureau,Grand Prairie,29,29,-0.397663030613648,-1.005035605893270,0.222852201717062,-0.356215784443291,0.246866151102612,0.311872925186943,-0.289932529898888,-0.233778376209194,-0.850522039276934,-0.988744030122099,-0.039332619126692,-0.591695431280556,211836.875119996402645,2262408523.485108375549316,1,0,Northwest,Restore,211836.875119996402645,2262408523.485108375549316
Sangamon,Grand Prairie,30,30,-0.321044917424014,0.533630537463033,0.196188951854121,1.430431436980230,0.542132136224710,0.222829798760742,-0.070789058108805,0.140291899300783,-0.886071429877776,-0.621923903964969,-0.210270331474609,-0.424568216746221,237434.244396641268395,2271452576.694627285003662,3,0,Southwest,Protect,237434.244396641268395,2271452576.694627285003662
McLean,Grand Prairie,31,31,-1.010607936130720,0.052797367664187,-0.623884769929714,-0.482497028195272,-0.736135271777118,0.359711600838288,-0.818083056212259,-0.217986852069527,-0.727447073668794,-0.782558390949972,0.065869768074384,-0.354487755625199,241298.756173054833198,3072402204.533659934997559,2,0,Southeast,Restore,241298.756173054833198,3072402204.533659934997559
Bond,Southern Till Plain/Wabash River Border,32,32,-1.025931558768640,0.341297269543495,-0.317608561738343,-0.378572818787247,0.029230661782146,0.804031112714372,-0.072933594066237,-0.307345343809484,-0.889279430299192,-0.600904676557202,0.374109405773197,-0.262699105486507,130903.002008596246014,991529302.496755719184875,2,0,Southeast,Restore,130903.002008596246014,991529302.496755719184875
Brown,Western Forest-Prairie,33,33,-0.888018955027304,-1.293535507772580,-0.693022850715884,-0.118155298651674,-0.748764536746893,0.390630501927868,-0.974812590134783,-0.307587346583886,-0.853911104635635,-0.625373939074141,-0.627001595486609,-0.725110875221518,133596.865516520076199,795973012.706231951713562,1,0,Northwest,Restore,133596.865516520076199,795973012.706231951713562
Knox,Western Forest-Prairie,34,34,-0.290397672148161,-1.293535507772580,-0.603408686897288,-0.097602755341268,-0.712661759294166,0.296431834910316,-0.489808127550785,-0.257273740786680,-0.886701047276266,-1.031653271491540,-0.479010260306816,-0.463350716197783,174003.109750660107238,1864266316.208975076675415,1,0,Northwest,Restore,174003.109750660107238,1864266316.208975076675415
Champaign,Grand Prairie,35,35,-0.719459106010110,0.725963805382572,-0.554073493233284,-0.324923174178023,-0.484534502403284,0.722249534417031,-0.872099809471795,-0.095859582051597,-0.935219102012783,-0.844952360748717,0.425676067800561,-0.859249772954420,206738.075534230942139,2586008616.434655189514160,2,0,Southeast,Restore,206738.075534230942139,2586008616.434655189514160
Edgar,Grand Prairie,36,36,-1.133196917234130,-0.331869168174890,-0.660550465386750,-0.541307748472813,-0.636810174434383,0.905664107441246,-0.893807117752962,-0.313722150281007,-0.944185560014080,-0.858100450443113,0.950319993055934,-0.890034918570692,171394.015630144189345,1615904533.766225576400757,2,0,Southeast,Restore,171394.015630144189345,1615904533.766225576400757
Effingham,Southern Till Plain/Wabash River Border,37,37,-1.163844162509990,0.341297269543495,-0.635285896125821,-0.588292255870360,-0.469664510686363,0.772779633779305,-0.700378684406891,-0.284845920489676,-0.875775577398074,-0.618728567207846,1.143364255287690,-0.091342121063292,144511.931255376839545,1243180115.522276878356934,2,0,Southeast,Restore,144511.931255376839545,1243180115.522276878356934
Cumberland,Southern Till Plain/Wabash River Border,38,38,-1.194491407785840,1.014463707261880,-0.706880740610007,-0.573872961721679,-0.693191684622442,0.839808236256509,-0.823327660681292,-0.303646576434339,-1.003048082530320,-0.689218451994645,1.005778489257290,-0.970517460356384,124777.654921792927780,898528009.918719172477722,2,1,Southeast,Restore,124777.654921792927780,898528009.918719172477722
Crawford,Southern Till Plain/Wabash River Border,39,39,-0.504928389079135,-0.716535704013966,-0.057379107644301,-0.436785423210822,0.605781802276608,0.691225695628803,-0.487859935510153,-0.290452232388910,-0.909425286976138,-0.635030956333150,0.677477469071695,-1.176908621235400,163695.585933186346665,1154438662.774179697036743,2,0,Southeast,Restore,163695.585933186346665,1154438662.774179697036743
Tazewell,Grand Prairie,40,40,0.751608667230858,-0.620369070054197,-0.258014442397870,-0.384313668862235,0.083806388075186,0.618351494482346,-0.437912861955288,0.296845878823007,-0.881385047452238,-0.734195093478313,0.050269474128553,-0.082243754752567,195288.143915054359240,1704058946.282189369201660,2,0,Southeast,Restore,195288.143915054359240,1704058946.282189369201660
Pope,Shawnee Hills/Coastal Plain,41,41,0.659666931403298,2.072296680819340,-0.259639748374747,0.623420205472863,-0.035390939527721,-0.333897478089970,-0.765022219844730,-0.257845944799319,-1.168057522121830,-0.533446202651925,0.665173159991041,-0.531941690737116,163944.892909773770953,969733695.841638803482056,3,0,Southwest,Protect,163944.892909773770953,969733695.841638803482056
Menard,Grand Prairie,42,42,0.537077950299884,-1.197368873812810,-0.642271055899778,0.220080753590479,-0.759619779288464,0.018283191559889,-0.670110968328982,-0.297905901106076,-0.829066313313740,-0.629559731608830,-0.441473428832770,-0.376018044962884,150946.152176898962352,816909812.370838284492493,1,0,Northwest,Restore,150946.152176898962352,816909812.370838284492493
Marshall,Grand Prairie,43,43,-1.071902426682420,-1.101202239853040,-0.485065411229232,-0.568864168625640,-0.580584303977541,-0.612021662626321,-0.940748717955472,-0.311125165506174,-0.817811135757126,-0.886299663888414,-0.759736805497806,-1.046682942815170,155360.726299128262326,1032208794.677475690841675,1,0,Northwest,Restore,155360.726299128262326,1032208794.677475690841675
Cook,Northeastern Morainal,44,44,3.172741044023280,1.495296877060730,1.164169020622250,0.367649073845897,-1.180449886771380,-2.806180911547090,-1.088561955764430,7.983097143379380,-0.557332059898153,-1.152438446176630,-0.102004467574460,-0.673221897088571,301462.810224972898141,2481039978.045485496520996,4,1,Northeast,Enhance,301462.810224972898141,2481039978.045485496520996
Gallatin,Shawnee Hills/Coastal Plain,45,45,-0.750106351285963,0.148964001623956,0.340770767376897,-0.372129106264908,1.244630192807760,0.702541662386089,1.549222127657700,-0.282281827410743,-1.106203557323820,-0.464337287271229,0.883175851054035,0.035846509349230,139426.157215472660027,849259836.314616322517395,3,0,Southwest,Protect,139426.157215472660027,849259836.314616322517395
White,Southern Till Plain/Wabash River Border,46,46,-0.612193747544622,-0.716535704013966,0.048550456244827,0.229561107026212,0.986624939394855,0.647132107887504,1.365509958371340,-0.288783812921443,-1.252720858121900,-0.539854138002757,1.411696688791830,-0.484564436290354,190703.202064224868082,1298651137.235092878341675,3,0,Southwest,Protect,190703.202064224868082,1298651137.235092878341675
De Witt,Grand Prairie,47,47,-1.301756766251330,-0.620369070054197,-0.726652220631177,-0.382628711172494,-0.882956523791184,0.569073480500141,-1.090035339901670,-0.279742115215823,-0.710469717930189,-0.796839673136470,0.770727870188303,0.128798296753926,141307.337614817661233,1049170679.907037496566772,2,0,Southeast,Restore,141307.337614817661233,1049170679.907037496566772
Edwards,Southern Till Plain/Wabash River Border,48,48,-0.229103181596454,-0.620369070054197,-0.548935024373915,-0.531042733735701,-0.344102554131035,0.932587201675114,-0.425347429900762,-0.305713443079627,-1.039189810415250,-0.293762458985519,0.512966107893465,-0.508841869517418,132202.099531414714875,576793684.316753268241882,2,0,Southeast,Restore,132202.099531414714875,576793684.316753268241882
Mason,Grand Prairie,49,49,0.950815761523906,0.245130635583726,0.587850464042610,-0.238169316068506,0.845471904975993,-0.297486262193842,-0.132607618257640,-0.259853864799486,-0.844086632532308,-0.472879687791374,-0.757922774069249,-0.357984296720583,249587.225317095086211,1459663434.223996877670288,1,0,Northwest,Restore,249587.225317095086211,1459663434.223996877670288
Calhoun,Western Forest-Prairie,50,50,-0.796077219199743,0.822130439342341,0.631790847815547,-0.141534598297398,1.230232378200350,0.298676629744513,-0.536973261893040,-0.292624699481781,-0.824263850093415,-0.339874869839764,-0.659697787536045,-0.443316658813954,179449.486710283468710,733930228.778424382209778,3,0,Southwest,Protect,179449.486710283468710,733930228.778424382209778
Marion,Southern Till Plain/Wabash River Border,51,51,-1.071902426682420,-0.043369266295582,0.012664292097208,-0.146687878053211,1.094828206827100,0.911300398750490,-0.358890016259786,-0.217109092770929,-1.066678396272560,-0.606417068717771,-0.000079388500500,-0.516103210933032,155413.225637677940540,1492099758.720022916793823,2,0,Southeast,Restore,155413.225637677940540,1492099758.720022916793823
Warren,Western Forest-Prairie,52,52,-0.673488238096329,-1.197368873812810,-0.732332483584915,-0.387852824915902,-0.918803456359429,0.555393535481268,-0.442209665017215,-0.252365204590499,-1.016543511614990,-0.901353356909580,-0.246666463838850,-0.850991676938580,155158.586787260923302,1406440995.236120700836182,1,0,Northwest,Restore,155158.586787260923302,1406440995.236120700836182
Clark,Southern Till Plain/Wabash River Border,53,53,-0.596870124906696,0.052797367664187,-0.508132134328108,0.039005311665192,-0.280255837830464,0.495532465325686,-0.310367477518209,-0.277443495239679,-0.949530123750579,-0.763236092155468,1.273303817672000,-0.783410676483939,165283.526317285955884,1307068900.684902667999268,2,0,Southeast,Restore,165283.526317285955884,1307068900.684902667999268
Wayne,Southern Till Plain/Wabash River Border,54,54,-1.715494577475350,-1.293535507772580,0.534767580177807,-0.173492609557782,2.897584741226820,0.910077781146989,1.911693587537800,-0.269532555574669,-1.165924874175110,-0.442521731704806,0.463963938227958,-0.872078033643307,173101.935782003245549,1853035367.702933311462402,3,0,Southwest,Protect,173101.935782003245549,1853035367.702933311462402
Kane,Northeastern Morainal,55,55,1.778291383971950,-0.235702534215120,1.164497346985850,-0.058043668506217,-1.180449886771380,-2.806180911547090,0.237192724867722,1.315408324655050,-0.777360757164808,-1.183130041599630,-0.128511887382856,-1.415773830777020,156711.254547744058073,1357620109.175392150878906,4,0,Northeast,Enhance,156711.254547744058073,1357620109.175392150878906
Livingston,Grand Prairie,56,56,-0.305721294786087,-1.485868775692120,-0.629349368553643,-0.558736879244662,-0.802278799629147,0.732885505456083,-0.789669890470128,-0.288498420698253,-0.767538051198873,-0.974084326118275,0.170409542889838,-0.435265334321659,225552.871256234124303,2708959793.499500274658203,2,1,Southeast,Restore,225552.871256234124303,2708959793.499500274658203
Jo Daviess,Wisconsin Driftless/Rock R. Hill Country,57,57,-0.826724464475597,-0.524202436094428,-0.302242548555990,-0.609432130451909,-0.833493716454297,-1.863268797244850,-0.758371820697723,-0.221744414741709,-0.954349976317160,-1.281652896554000,-1.358987887463020,-1.851186279795400,176409.027607764088316,1601189608.828780651092529,1,0,Northwest,Restore,176409.027607764088316,1601189608.828780651092529
Williamson,Shawnee Hills/Coastal Plain,58,58,0.812903157782565,1.110630341221650,0.380535749971009,0.145530030647594,0.861401375382265,-0.298613838050776,0.195929626554706,0.043309727236864,-1.012627106875960,-0.340007552265896,0.487630849651732,0.147746884634180,136746.270525178493699,1150809403.558439493179321,3,0,Southwest,Protect,136746.270525178493699,1150809403.558439493179321
Alexander,Shawnee Hills/Coastal Plain,59,59,0.996786629437686,2.456963216658420,0.484181500256249,1.182611836692350,0.931001642767751,-0.371565130606670,1.445615107525060,-0.235137710695394,-1.185174982614060,-0.132799916181535,0.283129970831902,-0.794198393288445,179139.106753735075472,653247672.967756509780884,3,0,Southwest,Protect,179139.106753735075472,653247672.967756509780884
Grundy,Grand Prairie,60,60,0.858874025696345,-0.812702337973736,-0.223311928452199,-0.062729208404310,-1.180449886771380,-2.806180911547090,-0.848587718957167,-0.100459626952285,-0.831232659692940,-0.982131004812826,-0.010277599962779,-1.671358912630090,135414.718074274540413,1115072294.221180200576782,1,0,Northwest,Restore,135414.718074274540413,1115072294.221180200576782
Jasper,Southern Till Plain/Wabash River Border,61,61,-0.872695332389377,-0.043369266295582,-0.501630951117582,-0.461995586195766,-0.164943561889417,0.784760845074189,-0.242550530928949,-0.303028731305961,-0.972096653659127,-0.690846116559204,0.199997404796018,-0.466108017658703,143271.670838710735552,1290378167.852465629577637,2,0,Southeast,Restore,143271.670838710735552,1290378167.852465629577637
Saline,Shawnee Hills/Coastal Plain,62,62,0.414488969196470,0.533630537463033,0.070802834609412,-0.416288997738938,0.866121294254133,0.170585834147960,0.899461976922198,-0.154705381446245,-0.971699581586727,0.110592826011267,0.374659719103367,-0.339025957181653,127264.458434281696100,1002149349.286516904830933,3,0,Southwest,Protect,127264.458434281696100,1002149349.286516904830933
St. Clair,Southern Till Plain/Wabash River Border,63,63,0.736285044592931,1.495296877060730,1.185534711492910,0.209284746680727,2.922862330150290,0.380833145021165,1.052077348670080,3.150880449854470,-1.151282384363780,-0.204287282712230,0.096293249523939,0.238603378138731,184500.542857355496380,1745296249.450654983520508,3,0,Southwest,Protect,184500.542857355496380,1745296249.450654983520508
Washington,Southern Till Plain/Wabash River Border,64,64,-0.842048087113524,0.725963805382572,0.316853054743278,-0.446523036021437,1.758513836333040,0.862934988072882,1.150070371194970,-0.230985574697573,-1.097657143212370,-0.595872025940869,0.095016773518507,-0.453471923356316,200673.526509334042203,1460506307.607318878173828,3,0,Southwest,Protect,200673.526509334042203,1460506307.607318878173828
Richland,Southern Till Plain/Wabash River Border,65,65,-0.029896087303406,0.245130635583726,-0.279986835304722,-0.462357326974507,0.326329048414110,0.861458868381534,-0.007389612893910,-0.300298542116868,-1.250130427866030,-0.744146984394449,0.253450483192165,-1.042475290068590,140797.229332607326796,937358860.570258140563965,2,0,Southeast,Restore,140797.229332607326796,937358860.570258140563965
Perry,Southern Till Plain/Wabash River Border,66,66,0.766932289868785,0.629797171422802,0.223014732275633,-0.388672375029490,1.579699286285540,0.893516999752414,2.230875211007990,-0.270438522564455,-1.076764637012510,-0.331345220875995,-0.376562413608483,-0.471143370919195,153054.037217139150016,1157786354.136499881744385,3,0,Southwest,Protect,153054.037217139150016,1157786354.136499881744385
Johnson,Shawnee Hills/Coastal Plain,67,67,0.858874025696345,1.879963412899800,0.217764001949392,-0.201997464296895,-0.153245135636409,-1.334858203097720,-0.704918144696758,-0.297850560079239,-1.137115189795990,-0.425868178647278,0.240766260118091,-0.550751520613476,128717.097824213371496,903088099.856120347976685,3,0,Southwest,Protect,128717.097824213371496,903088099.856120347976685
Pulaski,Shawnee Hills/Coastal Plain,68,68,1.104051987903170,0.629797171422802,-0.161512270884336,-0.165482460617986,-0.111837964922565,-0.680279629494533,0.254439200928781,-0.229368827194825,-1.143249148752190,-0.222707620615820,-0.093126856258221,-0.874593811369749,138934.107033758977195,525594304.924776613712311,3,0,Southwest,Protect,138934.107033758977195,525594304.924776613712311
Madison,Southern Till Plain/Wabash River Border,69,69,0.659666931403298,1.399130243100960,0.679623139509750,1.023834870401760,1.591905150575850,0.505554996728090,0.349151156269736,2.075238118039260,-1.100136704940870,-0.448330808589453,-0.068559963350656,-0.029105132542789,197398.951194302644581,1916074947.123424530029297,3,0,Southwest,Protect,197398.951194302644581,1916074947.123424530029297
Moultrie,Grand Prairie,70,70,-1.424345747354740,-0.331869168174890,-0.624115114818549,-0.586721801286711,-0.849788829594735,-0.885605744274345,-1.082360960695480,-0.274071348783972,-0.983127772494971,-0.819329264705455,0.586910598552486,-0.743006221364641,134761.517742884112522,892238677.938138246536255,2,0,Southeast,Restore,134761.517742884112522,892238677.938138246536255
Ogle,Wisconsin Driftless/Rock R. Hill Country,71,71,0.537077950299884,-0.716535704013966,-0.461980240715650,-0.598811906961118,-0.577392020923120,0.618767651024431,0.198884767834465,-0.282205071404406,-0.848827160915611,-1.180309427289390,-0.615065748587403,-1.332783405586160,198361.116917325794930,1977282745.545249938964844,1,0,Northwest,Restore,198361.116917325794930,1977282745.545249938964844
Clinton,Southern Till Plain/Wabash River Border,72,72,0.368518101282689,0.148964001623956,1.714144699569580,-0.515530506943599,4.000802597182710,0.944063276656303,1.720659475766770,-0.170037958059525,-0.995125970387961,-0.642926722613950,0.186389822449922,0.081927674042132,209961.570052884664619,1303136433.013887643814087,3,0,Southwest,Protect,209961.570052884664619,1303136433.013887643814087
LaSalle,Grand Prairie,73,73,2.774326855437190,-0.043369266295582,-0.258007123543588,-0.430279866119136,-0.227242540602990,0.456977013136567,-0.730008564667805,-0.073469976092530,-0.901249491748338,-0.968614984368931,-0.356180538772645,-1.230956829121300,252145.530054440867389,2973768931.430713653564453,1,0,Northwest,Restore,252145.530054440867389,2973768931.430713653564453
Peoria,Western Forest-Prairie,74,74,0.245929120179276,-0.235702534215120,-0.355000307341740,-0.320138712620717,-0.031245415816390,0.132688893243776,-0.392381509550544,0.217198098453528,-0.881192648443117,-0.892370934366415,-0.729801802604380,-0.319068268458783,180467.319992444041418,1632332375.989511728286743,1,0,Northwest,Restore,180467.319992444041418,1632332375.989511728286743
Hardin,Shawnee Hills/Coastal Plain,75,75,0.261252742817202,0.822130439342341,-0.708627737577718,-0.332583140804667,-0.797150440560544,0.038396717059394,-1.101714312077660,-0.309369703128945,-0.969276943212955,-0.645826622860473,1.125223254992020,0.390665697251422,96838.406127400798141,469177807.810424983501434,2,0,Southeast,Restore,96838.406127400798141,469177807.810424983501434
Kendall,Grand Prairie,76,76,1.441171685937560,-0.812702337973736,-0.620665035992978,-0.650707444113653,-0.902993729282341,0.560690986825644,-1.005837258811980,-0.149539679340203,-0.707408747769079,-1.051269252817920,0.054625844804786,-1.680575098601320,115503.964533104459406,834548414.512328505516052,1,0,Northwest,Restore,115503.964533104459406,834548414.512328505516052
Stephenson,Wisconsin Driftless/Rock R. Hill Country,77,77,0.337870856006836,-1.389702141732350,-0.468928380773295,-0.660045880729392,-0.468264085497718,0.875286192523708,0.518559600090075,-0.214100178389623,-0.886396092330414,-1.289485238533390,-0.930160852883684,-1.721465412815390,154134.846833409130340,1462681718.862344503402710,1,0,Northwest,Restore,154134.846833409130340,1462681718.862344503402710
Fulton,Western Forest-Prairie,78,78,0.705637799317078,0.052797367664187,-0.116576477710173,0.287737453785924,-0.069954661452771,-0.580475448159075,0.851479829598862,-0.293417718795689,-0.890824973113297,-0.681815404373920,-0.763472372795747,-0.337581715345231,200677.126816939446144,2286037243.171342372894287,1,0,Northwest,Restore,200677.126816939446144,2286037243.171342372894287
Montgomery,Southern Till Plain/Wabash River Border,79,79,-0.612193747544622,-0.620369070054197,-0.359971770455568,-0.118564687365194,-0.292188114674992,0.630097859074559,-0.250330374302685,-0.255578757928639,-0.840828701877025,-0.488846333058317,0.377708201691865,-0.404835631743072,213775.224203495803522,1838217527.850199937820435,2,0,Southeast,Restore,213775.224203495803522,1838217527.850199937820435
Macon,Grand Prairie,80,80,-1.347727634165110,-0.620369070054197,-0.478830747512258,-0.316028828685684,-0.624137779449707,0.020903870959015,-1.010757946393910,-0.161103414792365,-0.881787982433752,-0.710073412970870,0.165969614916434,-0.146505528639441,169845.540446740953485,1517090763.520284891128540,2,0,Southeast,Restore,169845.540446740953485,1517090763.520284891128540
Putnam,Grand Prairie,81,81,-0.688811860734256,-1.293535507772580,-0.478953602738689,-0.714452557215318,-0.460313609996276,0.440887461425530,-1.223905561362820,-0.294690115455933,-0.961263299697168,-0.881098552052581,-0.170830439749584,-0.871656813479697,98899.081319275530404,445844399.513180732727051,1,0,Northwest,Restore,98899.081319275530404,445844399.513180732727051
Schuyler,Western Forest-Prairie,82,82,0.215281874903422,-1.197368873812810,-0.303183375205564,-0.040575788857151,-0.269489819410556,-0.331677951032327,-0.620518039640970,-0.308137246859363,-0.791958140928120,-0.586911775863140,-0.747985498566027,-0.729462838821307,186145.429528823238797,1143113415.824647188186646,1,0,Northwest,Restore,186145.429528823238797,1143113415.824647188186646
Lee,Wisconsin Driftless/Rock R. Hill Country,83,83,0.261252742817202,-0.235702534215120,-0.471128203676119,-0.619561020271966,-0.748809604926755,0.002269353895631,-0.122438387550570,-0.310870238296324,-0.850557215469335,-1.152141416092500,-0.390399140272140,-1.428227583261970,190789.192392009281320,1886921987.713798046112061,1,0,Northwest,Restore,190789.192392009281320,1886921987.713798046112061
Stark,Grand Prairie,84,84,0.429812591834396,-1.774368677571430,-0.841970051779343,-0.696921640816579,-1.078921805112670,0.728666159259709,-0.982093113110418,-0.317819647403459,-0.770850597821975,-1.029382110847390,-0.868209478727152,-0.729141971504989,115921.414560658900882,746874695.244978666305542,1,0,Northwest,Restore,115921.414560658900882,746874695.244978666305542
Cass,Grand Prairie,85,85,0.138663761713788,0.148964001623956,0.393705566541509,0.601515659963849,-0.009211496051775,-1.181440053346800,-0.091854907495818,-0.291644040373691,-0.818844467813920,-0.616550355719286,-0.295389942567443,-0.575556254755596,178969.612485895951977,993768157.909011721611023,1,0,Northwest,Restore,178969.612485895951977,993768157.909011721611023
Winnebago,Wisconsin Driftless/Rock R. Hill Country,86,86,0.843550403058419,0.148964001623956,0.729460112738837,-0.259003505162629,0.257859116159552,-0.151522820756095,0.419800821747603,0.025648928277917,-0.887556604850785,-1.152400342472470,-1.040593922406780,-1.706377187191990,152907.647085805743700,1344633465.772048711776733,1,0,Northwest,Restore,152907.647085805743700,1344633465.772048711776733
Wabash,Southern Till Plain/Wabash River Border,87,87,0.169311006989642,0.918297073302110,-0.390323288157754,-0.586939066147121,-0.136528313212278,0.822560817418948,-0.204131850883126,-0.305030609928539,-1.048801562117880,-0.458148954042450,0.312198294455148,-0.248804854467825,171099.482806508516660,588891052.967256307601929,2,0,Southeast,Restore,171099.482806508516660,588891052.967256307601929
Henry,Grand Prairie,88,88,-0.566222879630842,-0.428035802134659,-0.594794305098855,-0.569986435986121,-0.677323689161051,0.684025780821985,-0.356529507561322,-0.295654035767142,-0.778267011935120,-0.877508471919421,-0.429928184554309,-0.756855601420919,187464.438439639256103,2138524149.203216791152954,1,0,Northwest,Restore,187464.438439639256103,2138524149.203216791152954
McDonough,Western Forest-Prairie,89,89,-0.137161445768893,-0.620369070054197,-0.471054905905397,-0.160090293750583,-0.295785225152438,0.430323924926188,0.126654678930584,-0.259852569572147,-0.961780796225770,-0.726428880252923,-0.994058940834419,-0.739659146539598,156369.739357888407540,1528352156.193631649017334,1,0,Northwest,Restore,156369.739357888407540,1528352156.193631649017334
Hamilton,Southern Till Plain/Wabash River Border,90,90,-1.148520539872060,-0.908868971933505,-0.513609195592219,-0.463650819903314,-0.154454795659341,0.813646317570086,0.533712346721961,-0.306298392451511,-1.022539544579850,-0.306641901774930,0.557329510269669,-0.468671429717397,136043.078132332826499,1128903628.236522436141968,2,1,Southeast,Restore,136043.078132332826499,1128903628.236522436141968
Christian,Grand Prairie,91,91,-0.979960690854864,-1.101202239853040,-0.108663075274004,0.106187765881715,0.078418578256456,0.459311954440916,-0.248166287133753,-0.247358446173220,-0.800457669268304,-0.634580824321556,0.499662332726385,-0.487776988796750,199640.697228312143125,1853780284.820506572723389,2,0,Southeast,Restore,199640.697228312143125,1853780284.820506572723389
Scott,Western Forest-Prairie,92,92,-0.137161445768893,-0.716535704013966,-0.726964211732751,-0.413991963368798,-0.810263702937140,0.638758365677863,-0.599291791869579,-0.303086394891203,-0.882757638555094,-0.603424025142974,0.061238154377204,-0.740788981040841,112115.456784072710434,654356586.650972962379456,2,0,Southeast,Restore,112115.456784072710434,654356586.650972962379456
Jefferson,Southern Till Plain/Wabash River Border,93,93,-1.393698502078890,-0.043369266295582,0.371906795355832,0.410233381895891,1.866474823775750,0.768756770117722,0.287997576670874,-0.218619917000043,-1.175720413035050,-0.731967534050720,0.268706580644795,-0.734129993509130,155543.049160480295541,1512040810.528401136398315,3,0,Southwest,Protect,155543.049160480295541,1512040810.528401136398315
Lake,Northeastern Morainal,94,94,0.123340139075862,1.014463707261880,6.795708119940960,0.739434383261867,-1.180449886771380,-2.806180911547090,-0.306150430601725,2.564227259793010,-0.621953569497773,-1.302755286563480,-0.527463758813799,-1.364230508375160,155372.990701644099317,1218383117.574940443038940,4,0,Northeast,Enhance,155372.990701644099317,1218383117.574940443038940
Franklin,Southern Till Plain/Wabash River Border,95,95,-0.642840992820476,-0.043369266295582,0.719230491419846,-0.130704753404446,2.470941885539650,0.737933047760618,1.808210313163080,-0.228905161908178,-1.082879353842040,-0.281220792803977,-0.121192031023263,-0.826676466941765,154158.304325854434865,1117506248.775197505950928,3,0,Southwest,Protect,154158.304325854434865,1117506248.775197505950928
Jersey,Western Forest-Prairie,96,96,0.368518101282689,1.591463511020490,-0.399634100871310,3.242609520609660,-0.563391221066708,-0.315659823052034,-0.751284456490939,-0.198354632164150,-0.920450215606003,-0.308496325536656,-0.592050680220740,-0.387294260723599,158977.626046027406119,977068078.293150424957275,3,0,Southwest,Protect,158977.626046027406119,977068078.293150424957275
Vermilion,Grand Prairie,97,97,0.000751157972448,1.110630341221650,-0.514568744898551,-0.506975584455289,-0.470063826864055,0.398975253584284,-0.496695336304699,-0.277384721769059,-0.780871064848268,-0.902666106889484,0.183323263091989,-1.362722118746920,212230.835437507368624,2334103759.824884891510010,1,0,Northwest,Restore,212230.835437507368624,2334103759.824884891510010
Boone,Northeastern Morainal,98,98,1.441171685937560,-1.293535507772580,-0.341185007327188,-0.676918025239434,-0.705496571088795,0.372451143484324,-0.140928261748118,-0.295853195480391,-0.814746302348617,-1.150639503792150,-0.794129006514088,-2.068202490490120,114641.162861971359234,730412042.756906747817993,1,0,Northwest,Restore,114641.162861971359234,730412042.756906747817993
Morgan,Western Forest-Prairie,99,99,0.108016516437935,0.341297269543495,-0.537921130988274,0.603941527752648,-0.740130176834734,-0.810016240810372,-0.337521248936247,-0.171066165459614,-0.846614017511964,-0.730046320544203,-0.266613088074157,-0.561684218049619,189449.606368034932530,1482649388.682385444641113,1,0,Northwest,Restore,189449.606368034932530,1482649388.682385444641113
Rock Island,Western Forest-Prairie,100,100,-0.412986653251575,0.245130635583726,0.246702132158746,-0.471360424265742,-0.044599448381609,-0.649109566681490,-0.228290414685363,0.441270380477058,-0.861606223661725,-0.941738666631944,-1.061225643774560,-1.789756054963410,233926.393491361493943,1167631876.117669343948364,1,0,Northwest,Restore,233926.393491361493943,1167631876.117669343948364
McHenry,Northeastern Morainal,101,101,1.854909497161580,-0.139535900255351,5.040046450931300,0.370153193217825,-1.180449886771380,-2.806180911547090,1.994642997005090,0.348643546898242,-0.760572191662094,-1.202977969311620,-0.014717796814867,-2.029514859462600,159308.859084960742621,1582518893.814109802246094,4,0,Northeast,Enhance,159308.859084960742621,1582518893.814109802246094
DeKalb,Northeastern Morainal,102,102,1.502466176489270,-0.235702534215120,-0.452846909739339,-0.596049129479012,-1.180449886771380,-2.806180911547090,-0.281248928302338,-0.195995198893749,-0.813131335849500,-1.198657955149320,-0.576740858294424,-1.668066198384930,175342.336175453441683,1643715946.007934331893921,1,0,Northwest,Restore,175342.336175453441683,1643715946.007934331893921
