STATEFP,COUNTYFP,COUNTYNS,GEOID,GEOIDFQ,NAME,NAMELSAD,LSAD,CLASSFP,MTFCC,CSAFP,CBSAFP,METDIVFP,FUNCSTAT,ALAND,AWATER,INTPTLAT,INTPTLON,Shape_Leng,Shape_Area,dry_days,dry_spells,pr_anz90,pr_anz95,pr_anz99,pr_annual,pr_danz90,pr_danz95,pr_danz99,pr_dge1in,pr_dge2in,pr_dge3in,pr_dge4in,pr_dge5in,prmax1day,prmax5day,prmax10day,wet_spell,wet_days
17,015,00424209,17015,0500000US17015,Carroll,Carroll County,06,H1,G4020, , , ,A,1153597409.000000000000000,55881823.000000000000000,+42.0708996,-089.9241898,1.761081195090000,0.131532834227000,-0.839694879929103,-0.503707024004910,3.227497148925504,2.981770883072423,1.664843845154423,3.032442034435788,1.638222939515784,1.415000159469339,0.578562741897645,1.605932379578035,0.603262549109009,0.161827518731151,0.060462047499254,0.034267205814975,0.412226448435980,0.612346832945445,0.687580135901316,0.183500142775762,0.839695145687463
17,043,00422191,17043,0500000US17043,DuPage,DuPage County,06,H1,G4020,176,16980,16984,A,849236415.000000000000000,22006224.000000000000000,+41.8520577,-088.0860389,1.284918945090000,0.094458450621300,-0.215701901376274,0.169750330775311,3.225211947088638,2.957324695925379,1.524359905848241,2.912628334530985,1.599457901365493,1.364558248062381,0.436990109192923,1.572052859164642,0.461850798378015,0.174807482004878,0.075186494454599,0.052893239720453,0.569223836753185,0.794013958410086,0.841671942441158,0.142552210916024,0.215704098979043
17,133,01784865,17133,0500000US17133,Monroe,Monroe County,06,H1,G4020,476,41180, ,A,997924032.000000000000000,33756312.000000000000000,+38.2779831,-090.1790777,1.568861752230000,0.106167838180000,-0.952735291038564,1.601899536386325,3.866388362042247,3.613122032900336,2.415088826022406,3.926425853101287,1.609137584706141,1.405756633813315,0.727018117925154,1.619957388892914,0.893860009622307,0.356170613660278,0.142882208306153,0.062382698876166,0.539608220637876,0.741981014153316,0.783661736075384,0.439056005772620,0.952733982943431
17,157,01784967,17157,0500000US17157,Randolph,Randolph County,06,H1,G4020, , , ,A,1490194102.000000000000000,56150220.000000000000000,+38.0565149,-089.8212096,1.978064407330000,0.158501804796000,-0.628684807567666,1.951189690432312,4.118714364146371,3.765249860796582,2.328512238044449,4.006527867043627,1.731157385917864,1.456398844346367,0.697329732784431,1.790767296861083,0.999326325652222,0.325519077337907,0.125808139071215,0.057572564758425,0.509817877694893,0.724015027305486,0.792738784890328,0.405990053708304,0.628684694752610
17,149,01784941,17149,0500000US17149,Pike,Pike County,06,H1,G4020, , , ,A,2153190712.000000000000000,45251538.000000000000000,+39.6251059,-090.8890344,2.317944000350000,0.230564953135000,-0.676195135077489,1.397333564526853,3.431689871518330,3.145232354381361,1.704638624068486,3.382000082663092,1.597167275971435,1.366816794042107,0.542483022514701,1.650412891785153,0.690133454669741,0.216926472796032,0.079699860636865,0.030699849024107,0.437818592252082,0.679431663329043,0.763476952817530,0.469774639733248,0.676195541574115
17,203,01785231,17203,0500000US17203,Woodford,Woodford County,06,H1,G4020,427,37900, ,A,1366366883.000000000000000,39858698.000000000000000,+40.7897888,-089.2105875,1.861819457300000,0.150029135018000,-1.083808885552945,0.358797828428586,3.178371237755730,2.951669457138468,1.503340749638359,3.214011423219382,1.694814034301837,1.496860213908233,0.569736093207402,1.682659179427010,0.505243504790518,0.133771800821994,0.050841401577065,0.015663496957779,0.304414206249131,0.509330553552206,0.658983359116306,0.197349573614741,1.083810317974453
17,001,00424202,17001,0500000US17001,Adams,Adams County,06,H1,G4020,448,39500, ,A,2214827090.000000000000000,41753385.000000000000000,+39.9860525,-091.1949607,2.007785956680000,0.237918680497000,-0.516793316230245,0.944981335470439,3.233066814164548,2.902003239074606,1.630708748022843,3.202451010142568,1.507907609180927,1.232689327507603,0.497849784672209,1.513779023166490,0.649157899404084,0.242776470188672,0.099357219100252,0.035542590661467,0.449721178960118,0.629680233765453,0.747416731456383,0.327929907139607,0.516792326558672
17,075,00424239,17075,0500000US17075,Iroquois,Iroquois County,06,H1,G4020, , , ,A,2894072162.000000000000000,4208707.000000000000000,+40.7488665,-087.8336010,2.229104709670000,0.309023090512000,-1.225225256319354,0.956245867741936,3.951836882811664,3.542434289957857,1.843948011948345,3.947422284706033,2.059777626109421,1.698871089758705,0.645205551755224,2.021802956694419,0.685643880307372,0.182294024927122,0.070350687844686,0.032221794755066,0.426558270596064,0.642968442096347,0.795445224990013,0.214556386269720,1.225225247944337
17,053,00424228,17053,0500000US17053,Ford,Ford County,06,H1,G4020,169,16580, ,A,1257690139.000000000000000,1640595.000000000000000,+40.5965386,-088.2245882,2.245098577230000,0.133978554353000,-1.441535156794934,1.136601671301884,3.879143538192937,3.240711680422273,1.876709261051395,4.045336330140417,2.070939816870981,1.515168171169825,0.654326645285345,2.034971222446876,0.705113848086202,0.188753574155449,0.045781549418262,0.016646059283416,0.406157604147306,0.670328182124944,0.835480740214081,0.255660395981261,1.441535231258332
17,147,00424275,17147,0500000US17147,Piatt,Piatt County,06,H1,G4020,169,16580, ,A,1137492093.000000000000000,754122.000000000000000,+40.0090327,-088.5923546,1.478463080930000,0.120065242314000,-0.992829522461390,1.365741677402425,3.567064645303938,2.949913932027089,1.574210591332718,3.888596132513102,1.983287359930231,1.407442714805244,0.547953813366589,1.852784111357801,0.545587501182634,0.173356356115060,0.053701646254832,0.023349394639510,0.366915512642355,0.650656153955257,0.744317147623261,0.372420752423619,0.992829535926366
17,077,00424240,17077,0500000US17077,Jackson,Jackson County,06,H1,G4020,166,16060, ,A,1511448965.000000000000000,48302865.000000000000000,+37.7860959,-089.3812119,1.831825879960000,0.159521978917000,-1.030467395574046,1.616313431399265,4.255933777018720,3.800269016059904,2.069348836815755,4.404462920614172,1.963782763771107,1.591235216685366,0.641119186156097,2.005178237248843,0.908628831465839,0.277733714805799,0.092809137869831,0.050426783159104,0.439230261541021,0.747078527463508,0.905587263337905,0.472449709344150,1.030467485278164
17,061,00424232,17061,0500000US17061,Greene,Greene County,06,H1,G4020, , , ,A,1406736598.000000000000000,8423898.000000000000000,+39.3554391,-090.3876823,1.824313476320000,0.147889457445000,-1.228387224548158,1.004574790157960,3.582413499895112,3.292703598036978,1.742236404009552,3.618825024054180,1.729500287660192,1.490239905011901,0.593052288008479,1.797611470838182,0.726350531193870,0.168521765869450,0.067420252599876,0.023403043117619,0.373221834694522,0.601720657885555,0.665150098221721,0.413877180056226,1.228386022838510
17,101,00424252,17101,0500000US17101,Lawrence,Lawrence County,06,H1,G4020, , , ,A,963938120.000000000000000,5076511.000000000000000,+38.7189542,-087.7302207,1.402426363110000,0.100339712279000,-2.211624729656607,1.876815241085587,4.223986142366163,3.829340786944215,2.177431215369916,4.725748620671362,2.033827748860039,1.719031377713918,0.738425768554449,2.137820265583908,0.885838233751807,0.279586380744520,0.061765125921900,0.010676682133163,0.405471103865704,0.716903684507971,0.847967783805800,0.560847127956706,2.211624888082780
17,067,00424235,17067,0500000US17067,Hancock,Hancock County,06,H1,G4020, , , ,A,2055798710.000000000000000,53563365.000000000000000,+40.4013180,-091.1688008,2.028387415640000,0.223531666989000,-0.836771883234300,0.424430898262774,3.066564649083332,2.826338567940256,1.801157761364271,3.279035891428978,1.315387498391772,1.117342811650787,0.548714629706468,1.366120045179605,0.687312300201986,0.252401785734263,0.096205456200749,0.039539907838462,0.446256842303313,0.721637996910160,0.852015018653889,0.246859691117931,0.836772755701930
17,025,00424214,17025,0500000US17025,Clay,Clay County,06,H1,G4020, , , ,A,1213023045.000000000000000,3064499.000000000000000,+38.7468187,-088.4823254,1.713349087150000,0.126024182004000,-1.456142204796633,2.159471480366421,4.077662868158306,3.911403727271531,1.991060651260308,4.377423480364799,1.853171763083265,1.723642369331144,0.629094240222489,1.895756860705628,0.844500671541563,0.272616151873435,0.093772268211088,0.040812304851834,0.461522480442980,0.742741534989465,0.855027602407763,0.470514620218761,1.456143236546561
17,071,00424237,17071,0500000US17071,Henderson,Henderson County,06,H1,G4020,161,15460, ,A,981068776.000000000000000,42565933.000000000000000,+40.8144710,-090.9412464,1.551404578360000,0.109230076555000,-0.460396206895169,0.263615968692587,2.830848934507594,2.760360138370270,1.497579230299064,2.631141020472209,1.424840795479961,1.369674287902581,0.542120875646159,1.457128619367402,0.528453886956766,0.159797857257349,0.037136840155277,0.007568673886285,0.348335277685190,0.598652598926193,0.729030498475692,0.223435477067595,0.460395602801285
17,041,00424222,17041,0500000US17041,Douglas,Douglas County,06,H1,G4020, , , ,A,1079117766.000000000000000,1441160.000000000000000,+39.7660778,-088.2228669,1.526174570270000,0.113586468487000,-1.149717199842260,1.875134738705465,3.505992482796380,3.256889040937921,1.754923633551447,3.742758862305228,1.870940947953637,1.651493861004418,0.696528359805831,1.837760996004394,0.620798010015162,0.102687678137312,0.030489902128612,0.008569375902992,0.294271291719684,0.571279659169346,0.642817743874416,0.285791182856858,1.149718137885364
17,181,01785113,17181,0500000US17181,Union,Union County,06,H1,G4020, , , ,A,1070733038.000000000000000,22538656.000000000000000,+37.4856521,-089.2446391,1.555339700480000,0.111305968583000,-0.625300454087159,1.592203370336652,4.412356872384055,4.096212358343111,2.111414685497547,4.253285253261348,1.818646368039514,1.586834542224831,0.569867820882335,1.935901758148380,1.014907815677784,0.362544415721504,0.170734409051891,0.088070309545902,0.514086565763691,0.863703714874890,0.989475837379995,0.405076160537253,0.625300237810345
17,091,00424247,17091,0500000US17091,Kankakee,Kankakee County,06,H1,G4020,176,28100, ,A,1752101320.000000000000000,12459008.000000000000000,+41.1395105,-087.8611165,2.033784995930000,0.189241514019000,-1.278039272340608,0.309578425247670,3.762279316296087,3.341435303287885,1.405342371759871,3.882733062140755,1.978953353690319,1.601254378414346,0.426024218115318,1.921868141040396,0.552400791024413,0.217318197820013,0.083038305828034,0.030293737481136,0.426291461633862,0.622561866272548,0.771741514371513,0.213490634420079,1.278039474817252
17,127,01784730,17127,0500000US17127,Massac,Massac County,06,H1,G4020,424,37140, ,A,614222111.000000000000000,12780838.000000000000000,+37.2161190,-088.7056578,1.196806849610000,0.063599877895300,-1.163711954429938,1.406312573723019,4.164449498715851,3.805359039642095,2.425642301986791,4.202274622156947,1.791740145438102,1.516731208962838,0.715920641247425,1.914106154188744,0.819350505942043,0.422646546856938,0.123941920726483,0.044777812629771,0.485825216376913,0.794219957595604,0.916751238494963,0.546647056380497,1.163711985059592
17,197,01785190,17197,0500000US17197,Will,Will County,06,H1,G4020,176,16980,16984,A,2164990677.000000000000000,34485763.000000000000000,+41.4484742,-087.9784563,2.497241836560000,0.236982158173000,-0.923947293877762,0.258416055128705,3.565189144278283,3.094180199472462,1.744628187824206,3.688705666676485,1.802504966627088,1.371684045406555,0.523263793636988,1.718509514007269,0.594357864596365,0.222983868278621,0.078398135633195,0.040066654897026,0.512425934138676,0.729271840214786,0.828252522816070,0.159929424161910,0.923947433217909
17,173,01785051,17173,0500000US17173,Shelby,Shelby County,06,H1,G4020, , , ,A,1964526143.000000000000000,24749348.000000000000000,+39.3849162,-088.7988651,2.213360806880000,0.207989279541000,-1.269455412969580,2.108162969798820,4.169681004348082,3.910365180100387,2.027671881028831,4.188105873672988,2.056232175662879,1.838354531282520,0.713795859270777,2.071804506466250,0.817599575168727,0.183741480024124,0.064164924159988,0.030361773025504,0.400143357669636,0.664890571922578,0.762005052931888,0.341655091252952,1.269455746986292
17,051,00424227,17051,0500000US17051,Fayette,Fayette County,06,H1,G4020, , , ,A,1855600276.000000000000000,22898580.000000000000000,+39.0011246,-089.0179232,2.082191822140000,0.195334717786000,-1.790212912587644,1.669867688448347,4.132854486975476,3.969090628344303,2.196972673299570,4.459863848159804,1.903591084135906,1.777724453427967,0.744480996652306,1.977005429558988,0.891432351548782,0.251990200021903,0.084178539503630,0.019590055106600,0.431307204340106,0.681387231003625,0.798088476493785,0.330465427959866,1.790212124201615
17,117,00424257,17117,0500000US17117,Macoupin,Macoupin County,06,H1,G4020,476,41180, ,A,2235146415.000000000000000,12194715.000000000000000,+39.2659138,-089.9263301,1.951467595340000,0.234541969332000,-1.287242555719555,1.223163829629613,3.855510717095188,3.581180748066506,1.927302025431017,3.950155177702990,1.835130678485520,1.615393013092207,0.645269918620464,1.876110910745867,0.774568629145049,0.225430780834401,0.063468799733006,0.024050837562470,0.432213707076195,0.649337572933017,0.736215139199362,0.369734131534515,1.287243747752139
17,195,01785167,17195,0500000US17195,Whiteside,Whiteside County,06,H1,G4020,221,44580, ,A,1771808926.000000000000000,31883751.000000000000000,+41.7506748,-089.9110053,1.982103975280000,0.195245650505000,-0.584039046487469,-0.344641092776670,3.136952654581565,2.977237181574850,1.661936682272443,2.947747321922933,1.571882407930675,1.437375156577355,0.575823477669388,1.573943959244898,0.571295719070766,0.153976423871839,0.074515017338256,0.037578759382560,0.416522842218787,0.647467407680095,0.719746685074297,0.175445746996548,0.584038759784301
17,107,00424255,17107,0500000US17107,Logan,Logan County,06,H1,G4020,522,30660, ,A,1600748259.000000000000000,2262329.000000000000000,+40.1292768,-089.3653086,1.725008940230000,0.169368894432000,-0.947161658507978,0.914044754005655,3.182684160084540,2.860093859515468,1.570132131295891,3.233757110576599,1.663321740501718,1.357086454629823,0.549374197468337,1.557241057594365,0.589566361040320,0.165434569517646,0.040180562467865,0.015811334895579,0.358376458871809,0.585385285015236,0.660433216364640,0.469082081871574,0.947162164839576
17,029,00424216,17029,0500000US17029,Coles,Coles County,06,H1,G4020, ,16660, ,A,1316418025.000000000000000,4650073.000000000000000,+39.5136797,-088.2207820,1.636399833600000,0.138376882895000,-1.369966500865102,1.680995762021719,3.877995388160965,3.485969009539562,1.914306778351799,3.880647843289543,2.100778733776576,1.731970855622978,0.727714139600083,2.007960587996796,0.639946153404204,0.152174043512606,0.021390375263931,0.009151111669492,0.373130783335504,0.615540042104486,0.739775283285178,0.384990067764563,1.369966499383951
17,131,01784750,17131,0500000US17131,Mercer,Mercer County,06,H1,G4020,209,19340, ,A,1453604386.000000000000000,19411909.000000000000000,+41.2056046,-090.7417698,1.778514382560000,0.158098949103000,-0.812035398247264,-0.449978851026225,2.881392516508956,2.628533003373015,1.525805969733402,2.753171696433149,1.415924314149913,1.205668400783446,0.517168377645208,1.452518431952717,0.556686103663399,0.159278539066537,0.061788644389815,0.026145369173865,0.372105747450822,0.593580345509988,0.668837821359674,0.145215970553835,0.812035387681173
17,011,00424207,17011,0500000US17011,Bureau,Bureau County,06,H1,G4020,176,36837, ,A,2250884555.000000000000000,11523912.000000000000000,+41.4013043,-089.5283772,2.249142807100000,0.243613748892000,-0.089206524937838,-0.015506066386982,3.013921374340282,2.697478065665210,1.547235705264357,2.851822595491081,1.595820991803071,1.308735238270636,0.563493568739365,1.554419972271830,0.522769309626856,0.129437668318277,0.051305224596398,0.024740623295461,0.394319018126899,0.622473888351462,0.719752049651696,0.202612574699435,0.089206529833859
17,167,01785010,17167,0500000US17167,Sangamon,Sangamon County,06,H1,G4020,522,44100, ,A,2248704917.000000000000000,22747684.000000000000000,+39.7568863,-089.6624350,2.486167954160000,0.238732960086000,-1.311748694248095,1.349782567850911,3.428124822208983,3.043932078958917,1.667674606606545,3.547709031347776,1.851586294790866,1.483938294800684,0.607662326773175,1.708344504249097,0.590417478014786,0.164232363033171,0.046395266021899,0.013434469086418,0.384656789094055,0.610334377071567,0.687735236099999,0.474930728691341,1.311748353001213
17,113,01784833,17113,0500000US17113,McLean,McLean County,06,H1,G4020,145,14010, ,A,3064597294.000000000000000,7804856.000000000000000,+40.4945594,-088.8445391,2.557014686770000,0.326358155195000,-0.887139387941303,0.996293628031111,3.503144524752467,3.258063110824878,1.716518978093901,3.590844252228306,1.810275783571928,1.596188516318745,0.604242486952137,1.806543747192298,0.612682219720520,0.165476233004723,0.055703111569827,0.022377159165998,0.382968565618503,0.645368641042397,0.775965011642315,0.268886401350706,0.887139388913241
17,005,00424204,17005,0500000US17005,Bond,Bond County,06,H1,G4020,476,41180, ,A,985066653.000000000000000,6462629.000000000000000,+38.8859240,-089.4365916,1.349400619390000,0.102941469581000,-1.041804270623468,1.862214344177390,3.965519361118386,3.792116259857217,2.154095919847348,4.280306447998959,1.773801243988344,1.639523580881809,0.711153149365693,1.888384382140658,0.905869282805343,0.268880406443179,0.104405443505447,0.028785101915301,0.404356602964547,0.619774796556565,0.722321616239014,0.373894223134574,1.041803284595156
17,009,00424206,17009,0500000US17009,Brown,Brown County,06,H1,G4020, , , ,A,791828624.000000000000000,4144346.000000000000000,+39.9620694,-090.7503095,1.403237361980000,0.083902450780800,-1.400087354410398,0.566360747379388,3.464276958009147,3.200654891180928,1.900122373009287,3.693362776230765,1.524675527830575,1.311299346746368,0.566824883527740,1.624566279545160,0.715214594942191,0.286450950998626,0.126885512245974,0.050958174325208,0.559046424938224,0.724909147899706,0.850791865334898,0.384296654347142,1.400087652661516
17,095,00424249,17095,0500000US17095,Knox,Knox County,06,H1,G4020, ,23660, ,A,1855351760.000000000000000,8914499.000000000000000,+40.9309446,-090.2137921,1.785567340620000,0.199322313355000,-1.332378808071246,0.063626161619763,2.782067572994940,2.576684476001846,1.373651312754528,2.885106300196059,1.409473993631587,1.220113617539084,0.466855888910229,1.354367299257773,0.471221390561898,0.153809116502958,0.056187887135038,0.028192420350109,0.355550394383940,0.607438063282456,0.710366747673303,0.247384734937269,1.332378616859486
17,019,00424211,17019,0500000US17019,Champaign,Champaign County,06,H1,G4020,169,16580, ,A,2579898008.000000000000000,6110542.000000000000000,+40.1389845,-088.1969749,2.108476057590000,0.273291281556000,-1.155542172327047,1.336381748564566,3.348042426582649,2.871199008260479,1.621280249656906,3.442540213112499,1.895323312405360,1.445122016543787,0.609159157444199,1.783362778566202,0.534247031546581,0.136923787493372,0.038167429170210,0.011455127446529,0.334818852348368,0.579325879769705,0.657000221519773,0.315806862599010,1.155541722698816
17,045,00424224,17045,0500000US17045,Edgar,Edgar County,06,H1,G4020, , , ,A,1614400671.000000000000000,1565052.000000000000000,+39.6790370,-087.7471102,1.750502255130000,0.169641004894000,-1.085930869820388,2.042775084973097,4.324137319890435,3.947594656192227,2.303965139285554,4.158361873769771,2.182524280750295,1.836870367715139,0.820421107372101,2.104385357542102,0.788114005971079,0.216540990218227,0.080191354694018,0.031089776967055,0.525866354532105,0.792106943055145,0.919816573625899,0.299080449756783,1.085930072499439
17,049,00424226,17049,0500000US17049,Effingham,Effingham County,06,H1,G4020, ,20820, ,A,1240001925.000000000000000,3178181.000000000000000,+39.0479445,-088.5928488,1.498475138040000,0.129378548188000,-1.370629794656057,2.337526611086047,4.214277885468698,3.987567903925475,2.144540915380969,4.362157008330677,1.949103491023726,1.791634966660094,0.703536848935922,1.996682316114876,0.871708217784642,0.241373788399723,0.065249684571059,0.031997762448500,0.476625720786015,0.689373833930058,0.800306586633523,0.396614745862215,1.370630362219316
17,035,00424219,17035,0500000US17035,Cumberland,Cumberland County,06,H1,G4020, ,20820, ,A,895995630.000000000000000,2532358.000000000000000,+39.2731210,-088.2406193,1.332088898390000,0.093790106611600,-1.712373919683625,1.748944278646717,4.124117709800562,3.934811587686097,2.133395255638463,4.316754341246301,2.052561478777425,1.893019328702508,0.759330595323919,2.032381674475355,0.776847904615570,0.211518265626910,0.055835362804039,0.023836162404738,0.419710791818769,0.676266975094764,0.816256724444493,0.302643585131956,1.712373273154954
17,033,00424218,17033,0500000US17033,Crawford,Crawford County,06,H1,G4020, , , ,A,1149031270.000000000000000,5744817.000000000000000,+39.0027865,-087.7606193,1.717445706880000,0.120047776626000,-1.532067956410646,2.177065943089107,4.214313126724061,3.875251355419514,2.231846275842021,4.600852560472253,2.060718117851807,1.764036397161700,0.778873781246241,2.025056114934995,0.835077611251056,0.232342466797344,0.060416556175554,0.016766292771806,0.438490403804798,0.745230364786844,0.865214381804562,0.459879054875139,1.532069317454677
17,179,01785094,17179,0500000US17179,Tazewell,Tazewell County,06,H1,G4020,427,37900, ,A,1674390616.000000000000000,29668273.000000000000000,+40.5080743,-089.5162598,2.059346136650000,0.181053345771000,-0.939451490192960,0.375806001330725,2.769470149594457,2.493539506374496,1.264268856811123,2.829977428071177,1.529137976511273,1.277119720095407,0.471834244126737,1.483707699436631,0.424638060573244,0.102193021028191,0.037377205493674,0.016122546294848,0.290723422465652,0.476348577928205,0.556626488097800,0.344895848057630,0.939452343549785
17,151,00424277,17151,0500000US17151,Pope,Pope County,06,H1,G4020, , , ,A,955362038.000000000000000,14662240.000000000000000,+37.4171687,-088.5423737,1.604260640810000,0.098697510681000,-0.544862739651254,1.884893153914492,4.620249557094535,4.181606240311785,2.525786030581424,4.365869159903863,1.918709677386476,1.592966862518390,0.716460974533709,2.015054383989882,1.016762134634376,0.444122406946431,0.176915028722836,0.068044139754604,0.524878463669769,0.835445206959407,0.962190380484938,0.460498711480798,0.544861676668558
17,129,00424266,17129,0500000US17129,Menard,Menard County,06,H1,G4020,522,44100, ,A,814269348.000000000000000,2640418.000000000000000,+40.0225693,-089.7941326,1.553891095170000,0.086190873329700,-1.458114536785279,0.761858520306885,3.686806295165803,3.482319713433663,1.885387212106592,3.708230974292956,1.775421974762053,1.604801318599935,0.636805896367819,1.819831183200145,0.702063544288645,0.236749510726812,0.072505307773384,0.014563957070109,0.442732612264154,0.644710971557462,0.786122066770295,0.384933222833227,1.458114556464749
17,123,00424260,17123,0500000US17123,Marshall,Marshall County,06,H1,G4020,427,37900, ,A,1001865238.000000000000000,30343574.000000000000000,+41.0311192,-089.3423714,1.712604689610000,0.110527855036000,-1.141580152850196,0.141977541887089,3.366302836095110,2.907307932273497,1.558994386193141,3.254126269956365,1.792934117835574,1.391730645951098,0.559303013614193,1.767845321588605,0.574769768206896,0.128598487384516,0.060958597480752,0.028116146063125,0.341227716186492,0.571462858486550,0.697253676334230,0.192878248530849,1.141580011978400
17,031,01784766,17031,0500000US17031,Cook,Cook County,06,H1,G4020,176,16980,16984,A,2447358069.000000000000000,1786339736.000000000000000,+41.8942937,-087.6454546,3.177791022020000,0.268942232466000,0.064218390915703,0.461052003273885,2.834499871740825,2.579526157856396,1.467924226819103,2.622154126749211,1.384673624384399,1.151283603963809,0.452423258483417,1.329075890398648,0.495262856992573,0.177848056156077,0.077320436753099,0.044237398221959,0.444934617812729,0.628489054189306,0.664272896907999,0.172287131287823,-0.064218690224108
17,059,00424231,17059,0500000US17059,Gallatin,Gallatin County,06,H1,G4020, , , ,A,836415230.000000000000000,13355417.000000000000000,+37.7686768,-088.2279642,1.416438839350000,0.086836414713300,-1.415214164627121,1.713964314237876,4.084964680733904,3.816785852405910,2.672176125942905,4.519042795372013,1.757022387843400,1.522983512744543,0.857731836611695,1.812045433108354,0.961569793227218,0.329832374565763,0.133960065773324,0.052726486322568,0.561124080772272,0.809483708299967,0.950528939786124,0.484289665991427,1.415214326247743
17,193,00424297,17193,0500000US17193,White,White County,06,H1,G4020, , , ,A,1281999215.000000000000000,17833681.000000000000000,+38.0873070,-088.1786196,1.965336327200000,0.133364384444000,-0.900378456043242,2.000067499783386,4.202377844034451,3.693121632628710,2.364633695367831,4.305667215304943,1.854096471631464,1.411704075582052,0.685418745158951,1.970925209823042,0.909106323945009,0.347995003027357,0.151791223469438,0.075870088911816,0.583172548355514,0.878273067684254,1.065935087896655,0.514020146760527,0.900379684641667
17,039,00426598,17039,0500000US17039,De Witt,De Witt County,06,H1,G4020, , , ,A,1029678313.000000000000000,19492326.000000000000000,+40.1814993,-088.9018526,1.531595538430000,0.110932345178000,-0.810414588714453,1.446687628121925,3.638318297275077,3.189213437974531,1.655934117168614,3.823512287357239,1.950846665900680,1.529527861637338,0.536521496328730,1.826135534798157,0.602304353876895,0.217425469530484,0.078253709956902,0.026706397037575,0.409496604308202,0.700086019985953,0.801589953536320,0.327534327124361,0.810414810841797
17,047,00424225,17047,0500000US17047,Edwards,Edwards County,06,H1,G4020, , , ,A,576012469.000000000000000,781202.000000000000000,+38.4170954,-088.0479408,1.340173800560000,0.059497792111800,-0.975648227054158,1.991817544610372,4.116373719412249,3.620751452953867,2.171458148043660,4.190069723229418,1.952142671312448,1.563329680318986,0.699626209216006,2.013301747490709,0.842230475307888,0.268729787442752,0.094118164526313,0.037487499933322,0.465851391666662,0.788553176209121,0.960234526306739,0.519678222136398,0.975649867156513
17,125,00424261,17125,0500000US17125,Mason,Mason County,06,H1,G4020, , , ,A,1396914845.000000000000000,62748509.000000000000000,+40.2369926,-089.9135746,2.584721256180000,0.154480935484000,-1.581493865393159,0.455238959946409,3.612344566689095,3.467636053024577,1.816328369654890,3.801239451261411,1.706011306470179,1.596598088278536,0.621983244017451,1.706770477127461,0.732037945348607,0.224154522801452,0.048820672908019,0.016278821537090,0.425987261623373,0.594206997612842,0.779264898201932,0.364028865079847,1.581493880131424
17,013,00424208,17013,0500000US17013,Calhoun,Calhoun County,06,H1,G4020,476,41180, ,A,657415185.000000000000000,77051402.000000000000000,+39.1642619,-090.6662948,1.811201526070000,0.076497780476100,-0.584403230056893,1.385619506412461,3.419109103712802,3.217647076778524,1.863658258123081,3.427402807114204,1.541544779654396,1.377019048488215,0.616605995652830,1.535041827408716,0.751473480244853,0.230091011202899,0.063152983695260,0.021144448671200,0.428848332995855,0.670098772548726,0.716373687453813,0.458977571832310,0.584400229497439
17,121,00424259,17121,0500000US17121,Marion,Marion County,06,H1,G4020,476,16460, ,A,1482866786.000000000000000,9232943.000000000000000,+38.6482361,-088.9203624,1.592125859250000,0.154405296603000,-1.032781562763191,1.961712916372584,4.192415604799768,3.909974514719176,1.817348377912542,4.269746235049072,1.918944350463508,1.712782788419738,0.546243289841486,1.958637842775309,0.842458077668488,0.300600391643720,0.110526388546698,0.034817816562193,0.420081127007039,0.695041430610480,0.786576663416521,0.396941548956074,1.032780318933077
17,187,01785134,17187,0500000US17187,Warren,Warren County,06,H1,G4020, , , ,A,1404705831.000000000000000,1735113.000000000000000,+40.8504412,-090.6202228,1.560421838740000,0.150187271823000,-0.698829173688856,0.095056716384070,3.173235648268997,2.842861938915296,1.504432463180376,2.934652539312466,1.605586713885699,1.323439179130621,0.505638394320365,1.588066792969752,0.598386005130466,0.164146748576837,0.061630331286129,0.022842785242991,0.349041663632296,0.631654330417745,0.724904403794776,0.223483024328777,0.698828454622806
17,023,00424213,17023,0500000US17023,Clark,Clark County,06,H1,G4020, , , ,A,1298594814.000000000000000,8731439.000000000000000,+39.3323343,-087.7916832,1.731891142540000,0.136550069684000,-1.210250561216665,1.809160634471165,4.429503940697283,4.296473413636190,2.394496684206022,4.395353459268377,2.048932058293616,1.927813099885327,0.794772051885446,1.991353378681395,0.894012129003375,0.279855866309186,0.085582954299280,0.032446579320694,0.530147854138325,0.773111514155169,0.915021886130957,0.347982527586723,1.210250702027771
17,191,00424296,17191,0500000US17191,Wayne,Wayne County,06,H1,G4020, , , ,A,1848817749.000000000000000,4217594.000000000000000,+38.4318573,-088.4324302,1.796537327560000,0.191179567086000,-1.275348087500039,2.107596011336373,3.711679085739096,3.414690385024956,2.060388118753611,4.065658418573001,1.688875553583157,1.446796448306077,0.658463684654294,1.730465296247057,0.787055373107151,0.254571535355708,0.079899756436136,0.038699459495690,0.468815444859232,0.754191602458721,0.865523291981495,0.453955397626907,1.275348170848293
17,089,00424246,17089,0500000US17089,Kane,Kane County,06,H1,G4020,176,16980,20994,A,1345139287.000000000000000,12480820.000000000000000,+41.9395938,-088.4280395,1.593400313650000,0.147388202127000,-0.027382503722782,0.130247826942956,3.096795868384790,2.964152573041766,1.629229695627195,2.812198277942801,1.419516420149782,1.303440003823562,0.482537423034679,1.396219486119164,0.513218488264279,0.206733008490821,0.100511886775255,0.045437378515758,0.571004218978397,0.744261569662778,0.788570024082810,0.147846602377790,0.027382181215102
17,105,00424254,17105,0500000US17105,Livingston,Livingston County,06,H1,G4020,145,38700, ,A,2702983876.000000000000000,5975815.000000000000000,+40.8943761,-088.5528518,2.362343141530000,0.289461108686000,-1.316161654024144,0.494696861381584,3.141637821130534,2.770656794217882,1.268069924265280,3.351632109079505,1.738704232845221,1.404388781255073,0.439874358928042,1.683518995034945,0.453463772379800,0.115448676995458,0.041692226069118,0.020618359036919,0.300358027957288,0.529373889542160,0.653907241423461,0.216941698859580,1.316160582707645
17,085,00424244,17085,0500000US17085,Jo Daviess,Jo Daviess County,06,H1,G4020, , , ,A,1556385363.000000000000000,45789931.000000000000000,+42.3623905,-090.2114705,1.957489830540000,0.174989764119000,-0.350002586521668,-0.344593096985231,2.712159722836902,2.626591081439070,1.461105624732255,2.532009312810983,1.284932829156131,1.225641961692463,0.503790502370084,1.314967934538018,0.494621191530503,0.149387039140298,0.039751012966753,0.016118896468491,0.401966128499682,0.552217975107538,0.599763469458168,0.157645538865623,0.350002290768289
17,199,01785215,17199,0500000US17199,Williamson,Williamson County,06,H1,G4020,166,32060, ,A,1088353644.000000000000000,62455779.000000000000000,+37.7303533,-088.9300182,1.416700280880000,0.117618767412000,-1.265888395276693,1.896754501538106,4.223803210678938,3.813013711446014,2.461267157831633,4.577163433964247,1.776723001699279,1.439699734642247,0.712991293304367,1.875168827778062,0.961952644474297,0.361878850397253,0.143937728955463,0.064230202507438,0.599422757781442,0.824831915666339,1.050715099745092,0.409120253618151,1.265889520877542
17,003,00424203,17003,0500000US17003,Alexander,Alexander County,06,H1,G4020,164,16020, ,A,609667770.000000000000000,44639202.000000000000000,+37.1836583,-089.3495158,1.819038647430000,0.066294392908300,-0.395712641027266,1.289660923814091,3.877307798865079,3.522887414378493,2.145569586049844,3.821147337855429,1.693382312207356,1.399187413811481,0.641547073457841,1.727958649799267,0.866458724323947,0.325328778804685,0.142352155671621,0.055867672023835,0.514031460126265,0.750658602807054,0.830691420509763,0.426434331046830,0.395712173870891
17,063,00424233,17063,0500000US17063,Grundy,Grundy County,06,H1,G4020,176,16980,16984,A,1082959771.000000000000000,32112492.000000000000000,+41.2924096,-088.4010545,1.387307845490000,0.119853765465000,-0.980500414848612,0.267470878853251,3.332636675480330,3.003685744632088,1.521253932273463,3.624262611541000,1.709469776320951,1.408908221411436,0.496653665991912,1.682873623339412,0.580631395899626,0.204626798538352,0.060989933881355,0.022658766917430,0.370550945102245,0.618192645343188,0.719228133676958,0.129921151914768,0.980501091948796
17,079,00424241,17079,0500000US17079,Jasper,Jasper County,06,H1,G4020, , , ,A,1281043466.000000000000000,9334674.000000000000000,+39.0048857,-088.1507245,1.472463216650000,0.134197560618000,-1.710647384222128,1.910097703931658,4.319635984284326,3.898500726394432,2.512904664158326,4.578812850169137,2.076805773148373,1.712177699418688,0.879329337672162,2.101203620700173,0.937856598201480,0.277440201408780,0.075676166620176,0.016380059737326,0.491339944131459,0.732822212571360,0.848037127342716,0.419787751094200,1.710646980426160
17,165,00424283,17165,0500000US17165,Saline,Saline County,06,H1,G4020, , , ,A,984186255.000000000000000,17963038.000000000000000,+37.7515083,-088.5450236,1.282824121050000,0.102456122451000,-0.957008216080396,1.704192937117885,4.563980215147471,4.011333735735412,2.872355673540019,4.734983564929319,1.918735185245572,1.450106158810353,0.858462507465476,2.061891478614242,1.108472245946330,0.382647982251496,0.155424434225742,0.054736864068291,0.637606605617675,0.904239366506542,1.112268216284799,0.483346404141337,0.957007314195779
17,163,01784987,17163,0500000US17163,St. Clair,St. Clair County,06,H1,G4020,476,41180, ,A,1703560308.000000000000000,41809674.000000000000000,+38.4701976,-089.9285459,1.898579358620000,0.180164146763000,-0.603026300360628,1.682971135282971,3.661160620474786,3.646366561712802,2.318809585273821,3.664383684614800,1.501240528483151,1.490805297095839,0.730663973513992,1.507447231317592,0.880909902145512,0.303523988158386,0.123645397465478,0.044821453503990,0.530461963702545,0.681458698472962,0.784926902707111,0.471956593371958,0.603026658509831
17,189,01785150,17189,0500000US17189,Washington,Washington County,06,H1,G4020, , , ,A,1457120178.000000000000000,3386079.000000000000000,+38.3531405,-089.4171873,2.064576600190000,0.150523365315000,-0.616324899091475,2.379243928516539,4.378682430363474,3.997322030403171,2.312043304137676,4.329279828007216,1.904422751678587,1.613016145450376,0.707957460324351,2.000057342546274,0.981607824581863,0.351589324166200,0.129199756227146,0.048941229426074,0.495053596653477,0.793760783262927,0.869165527473654,0.379276774227410,0.616325850877323
17,159,00424281,17159,0500000US17159,Richland,Richland County,06,H1,G4020, , , ,A,932518180.000000000000000,4840675.000000000000000,+38.7121872,-088.0854523,1.467412869370000,0.097083334521100,-1.137637497270242,2.274886831716009,4.119879598280872,3.674038555312364,2.242485876743383,4.280220629446673,1.987930104307848,1.619948364024234,0.761030102979065,2.016576291580344,0.852086538701120,0.281393141899504,0.063367672524106,0.011724506325648,0.428465801714086,0.745402458048139,0.865093184566603,0.464234076472375,1.137636306050040
17,145,01784940,17145,0500000US17145,Perry,Perry County,06,H1,G4020, , , ,A,1144587288.000000000000000,13199036.000000000000000,+38.0843809,-089.3685249,1.607826537200000,0.118892141512000,-0.492089006060420,2.212670627096380,4.001832090074445,3.871601227642269,2.275532537175961,4.071118885493894,1.784291050714440,1.671889423989422,0.744633347472020,1.848508863137214,0.872530809509304,0.260974765093527,0.072806393509324,0.038521408752026,0.485607788350322,0.720889671955935,0.860625903027873,0.378044276443025,0.492088482784234
17,087,00424245,17087,0500000US17087,Johnson,Johnson County,06,H1,G4020, , , ,A,890274791.000000000000000,12813242.000000000000000,+37.4607092,-088.8821305,1.294936375400000,0.091970954585100,-0.581372012208828,1.740238986667222,4.451476080529225,4.127745844937166,2.361294286552281,4.114360643775598,1.868817893689675,1.621129191338163,0.681141234922035,1.909677635474090,1.012562303601092,0.396925938657007,0.153300958160468,0.069519245725657,0.487499478395575,0.792723928082405,0.934804080435485,0.469037523402824,0.581372348269600
17,153,01784966,17153,0500000US17153,Pulaski,Pulaski County,06,H1,G4020, , , ,A,516105488.000000000000000,9763459.000000000000000,+37.2156152,-089.1277549,1.429299722570000,0.053361351444800,-0.465440306673689,1.152299953113683,3.984254234185560,3.523905219896576,2.054618261015874,3.822951915269475,1.744829217812583,1.376512409389133,0.580043238836485,1.855038855492191,0.808397983701830,0.326873153076390,0.160019814547216,0.065409400141882,0.516774237897640,0.760106421497307,0.872037394992071,0.543311976763799,0.465439568401416
17,119,00424258,17119,0500000US17119,Madison,Madison County,06,H1,G4020,476,41180, ,A,1853192372.000000000000000,63157281.000000000000000,+38.8271195,-089.9002267,2.108111771690000,0.198771760108000,-0.894268024824929,2.027126871971936,3.560734064030023,3.411249735064350,1.983491657350891,3.812512518975569,1.599499040319179,1.474344227535141,0.661624494514085,1.673052683920745,0.811135349317463,0.243283432598474,0.080152761178634,0.021867187648606,0.410309679495168,0.589105732374717,0.683363495533569,0.487874800784716,0.894267980775458
17,139,01784885,17139,0500000US17139,Moultrie,Moultrie County,06,H1,G4020, , , ,A,870127368.000000000000000,22111272.000000000000000,+39.6368956,-088.6257259,1.365979010880000,0.093619587097300,-0.719842091631021,2.017613805028267,3.794835543436190,3.474608022599084,1.802157347204367,3.849942690344474,2.015851323409140,1.706368666019154,0.661337458940680,1.898254931869199,0.664208197349285,0.158705649748715,0.053428011336272,0.014040293596218,0.349685271108103,0.641084909067117,0.757798461975740,0.275524442461438,0.719841682451124
17,141,01784894,17141,0500000US17141,Ogle,Ogle County,06,H1,G4020,466,40300, ,A,1964903749.000000000000000,12378958.000000000000000,+42.0418840,-089.3201764,2.172771522310000,0.215005605762000,-0.526035988133850,-0.464380129468647,2.896787117319124,2.745208277000799,1.678407035804930,2.950963950734107,1.325103238790124,1.189577982960534,0.527875871906159,1.319552956320231,0.545284036113044,0.225202398031109,0.089321280108282,0.041279561536938,0.493240319424919,0.674225185746284,0.730169930364299,0.093883471776090,0.526035853927871
17,027,00424215,17027,0500000US17027,Clinton,Clinton County,06,H1,G4020,476,41180, ,A,1227502153.000000000000000,75634262.000000000000000,+38.6062953,-089.4262278,2.154165318640000,0.134771188611000,-1.099015890358550,1.838624990447807,3.870380636682175,3.420703358313526,1.939535971629833,3.904949407294248,1.747581267976823,1.383277649371096,0.587157547118330,1.822598911552551,0.815507550147584,0.265559722128848,0.100349203643534,0.048498184942618,0.481924513442860,0.698612670152589,0.772025434505178,0.477452918033216,1.099016830661034
17,099,00422247,17099,0500000US17099,LaSalle,LaSalle County,06,H1,G4020,176,36837, ,A,2939940625.000000000000000,33828203.000000000000000,+41.3433407,-088.8859312,2.547444696070000,0.319921647451000,-0.871086909494409,-0.042529838531214,3.158974346635814,2.721802414507862,1.330166000653612,3.029260231246417,1.695462802269345,1.301467735796368,0.448747602129669,1.623600313882828,0.485552191744204,0.148458786706395,0.060081085459746,0.022083269843119,0.347968625270324,0.527634269294498,0.632151633618919,0.158759060629700,0.871086610218805
17,143,01784920,17143,0500000US17143,Peoria,Peoria County,06,H1,G4020,427,37900, ,A,1602412938.000000000000000,29919375.000000000000000,+40.7859722,-089.7669933,1.870484157780000,0.174151906797000,-1.267833876494428,-0.009815244846289,2.524743451577431,2.212294536265399,1.119856980742131,2.592568627901375,1.408272127000001,1.124058288855375,0.398841290625826,1.358844353696025,0.365404490018342,0.121339828614817,0.044613949922756,0.017172230746244,0.254286296949793,0.448505147924180,0.553451905729305,0.236913187061944,1.267834649869592
17,069,00424236,17069,0500000US17069,Hardin,Hardin County,06,H1,G4020, , , ,A,459438162.000000000000000,10482693.000000000000000,+37.5178517,-088.2661478,1.007806681810000,0.047818133657800,-0.879852074028811,2.079180017735125,4.335071981781804,3.834874412991760,2.536301903130829,4.386046991358761,1.947560170785536,1.539066412649413,0.808054551880101,2.040816148205606,0.987208307106080,0.361957025024226,0.116161618564436,0.040401124866540,0.521925389772654,0.742421194578674,0.880277065625607,0.474648277805333,0.879852547098590
17,093,00424248,17093,0500000US17093,Kendall,Kendall County,06,H1,G4020,176,16980,20994,A,829425891.000000000000000,5122499.000000000000000,+41.5881403,-088.4306257,1.211095886630000,0.090118327183600,-0.464613273206789,-0.002840860098940,3.267704065860929,2.966475765971449,1.740682358416406,3.259080545073344,1.572812519713465,1.293803551886389,0.520999045153060,1.493774669637012,0.524466336378267,0.209582904216789,0.094782535268488,0.055533888490907,0.587731241827175,0.835244823858079,0.912496621260529,0.142581488278070,0.464614022679020
17,177,01785076,17177,0500000US17177,Stephenson,Stephenson County,06,H1,G4020,466,23300, ,A,1461392058.000000000000000,1350223.000000000000000,+42.3497262,-089.6659942,1.659834283430000,0.159817694879000,-0.502356954013088,-1.227285920156894,2.513176846683839,2.431613975621647,1.476105810670701,2.408713141079645,1.218695485842651,1.148841975343050,0.524784976142101,1.261437675374847,0.502736800964021,0.144275956576234,0.052256199391048,0.019648354415711,0.383941827687966,0.506042878836494,0.541330596504678,0.145341061196987,0.502356536468598
17,057,00424230,17057,0500000US17057,Fulton,Fulton County,06,H1,G4020,427,15900, ,A,2242138203.000000000000000,43898933.000000000000000,+40.4652401,-090.2022689,2.060472492200000,0.242764211166000,-1.565899721228236,0.054006433361359,3.654934315844605,3.281223133099896,1.644454944341700,3.641788585535377,1.825695336974440,1.518849309073798,0.537376326501627,1.828138718564930,0.656339984782121,0.216830388547046,0.065561187549111,0.023297423271947,0.399161480654225,0.612274781541263,0.797197586302559,0.331898001272225,1.565899570490225
17,135,01784866,17135,0500000US17135,Montgomery,Montgomery County,06,H1,G4020, , , ,A,1822745305.000000000000000,15472187.000000000000000,+39.2280681,-089.4781406,2.173868322340000,0.191763242701000,-1.183678650141301,1.569411472958198,3.935089860115049,3.700524628125072,1.921768687098968,4.139628031463177,1.910501688702569,1.717577449269715,0.659149862345867,1.957898496154802,0.748704374217804,0.213746314899482,0.076688412074184,0.020401547220240,0.395396286045668,0.639847399950684,0.735024950919749,0.337679072025465,1.183678053236907
17,115,00424256,17115,0500000US17115,Macon,Macon County,06,H1,G4020, ,19500, ,A,1503613053.000000000000000,13477733.000000000000000,+39.8602372,-088.9615288,1.745623453620000,0.159681024993000,-0.951868530279272,1.417413880439730,3.791698497270501,3.156936837414569,1.646639305476248,3.932133971082227,2.058337828046827,1.487140906199354,0.547438659615542,1.942282061225048,0.617492040502730,0.200979229192432,0.074977789964924,0.029235388396271,0.361059491214721,0.726073501101545,0.825055337075267,0.429912257663214,0.951868878811604
17,155,00424279,17155,0500000US17155,Putnam,Putnam County,06,H1,G4020,176,36837, ,A,414649975.000000000000000,31194387.000000000000000,+41.1989613,-089.2983474,1.048363358950000,0.047863455783500,-0.951322988744167,-0.488131734320780,2.942373370346945,2.471303310706885,1.286966099452884,3.056120609090214,1.623325682148979,1.206317290134675,0.466047438869540,1.520569128016851,0.456912355776718,0.116735425668897,0.040019419762191,0.010944845025554,0.300414864835602,0.499479872400802,0.617084080063709,0.241527919555166,0.951324518590773
17,169,01785037,17169,0500000US17169,Schuyler,Schuyler County,06,H1,G4020, , , ,A,1132602766.000000000000000,10510632.000000000000000,+40.1569048,-090.6134641,2.018094175230000,0.120836146888000,-1.287469285801200,0.294021584762949,3.792355489116713,3.635369264005580,1.994060970273640,3.868960892781513,1.695121545160337,1.587065935243511,0.607216831999053,1.669725278307924,0.686555319119138,0.278057806669037,0.117573241770305,0.055149775822543,0.578181134058342,0.752067962260939,0.913571320683696,0.318195340039697,1.287468485270495
17,103,00424253,17103,0500000US17103,Lee,Lee County,06,H1,G4020,221,19940, ,A,1877142078.000000000000000,9779872.000000000000000,+41.7474465,-089.2993616,2.070273242790000,0.204243885265000,-0.341577590579679,-0.352753349764806,3.239795906228907,2.931295265156169,1.690029499751511,3.101477905549648,1.591426384481990,1.315170862027183,0.536301520658651,1.521146551876079,0.601565380228294,0.197577534470270,0.099594628214218,0.045029171247712,0.450666854713155,0.650133489843137,0.745268734052157,0.106662347931367,0.341578007020978
17,175,00424288,17175,0500000US17175,Stark,Stark County,06,H1,G4020,427,37900, ,A,746189904.000000000000000,684784.000000000000000,+41.0969077,-089.7974111,1.212334519970000,0.080046746119600,-0.807924960309404,-0.189141237957607,2.894344660609984,2.545213065886008,1.424823027867460,2.944801374717272,1.491273044858128,1.184138424472014,0.480478040722336,1.436614578331592,0.497233661355175,0.166505441420527,0.061400081231846,0.021646104994034,0.365628870410205,0.592304420123933,0.721707934937177,0.188329766384508,0.807926606134405
17,017,00424210,17017,0500000US17017,Cass,Cass County,06,H1,G4020, , , ,A,973198198.000000000000000,20569928.000000000000000,+39.9692024,-090.2457045,1.875509658070000,0.104769534644000,-2.010870827123801,0.569589749572236,4.317305371281019,4.141116270968273,2.180109513555244,4.501867397223271,1.906190069909135,1.769299983765660,0.662794332112909,1.966049064833884,0.879595180887534,0.339505891131809,0.122548091489382,0.038551078706443,0.533395869273219,0.746010639263987,0.928117601343817,0.409799608778277,2.010871228915183
17,201,01785216,17201,0500000US17201,Winnebago,Winnebago County,06,H1,G4020,466,40420, ,A,1328789495.000000000000000,15877063.000000000000000,+42.3373957,-089.1612053,1.613398211120000,0.146883410988000,-0.330293060433976,-0.842511536414795,2.415152451362308,2.331203861155025,1.438476860134265,2.313558256412722,1.100772416008652,1.034407444871274,0.441343298850387,1.115783078276595,0.436803177102517,0.182214223472576,0.071359804159131,0.029635131117771,0.461976764019471,0.605252645835720,0.600016762365257,0.141287303068648,0.330293358830355
17,185,00424293,17185,0500000US17185,Wabash,Wabash County,06,H1,G4020, , , ,A,578403989.000000000000000,10973571.000000000000000,+38.4458209,-087.8391674,1.763273261910000,0.060770169421200,-1.746359616517590,1.973952651672769,3.822228117420920,3.420716217449720,1.777418457313661,4.252426678519906,1.930827778117014,1.586241488324356,0.561497098065430,2.030267304372552,0.646252254077026,0.222013154998874,0.088302642434070,0.034030547197492,0.407775050850215,0.700643462568499,0.837457732739543,0.504064695399071,1.746358419672879
17,073,00424238,17073,0500000US17073,Henry,Henry County,06,H1,G4020,209,19340, ,A,2132042739.000000000000000,6481370.000000000000000,+41.3500209,-090.1308378,1.966158506120000,0.230096271426000,-0.359198043457214,-0.340883486191843,2.661971308937627,2.512366766210416,1.178678307574710,2.440074541285590,1.471576788631085,1.337752349561335,0.418337783077728,1.466718924292010,0.364597529806792,0.109628226432000,0.052227486177519,0.028129599950073,0.333304956205154,0.549213396814482,0.650631188549235,0.191680951122761,0.359198921729221
17,109,01784729,17109,0500000US17109,McDonough,McDonough County,06,H1,G4020, ,31380, ,A,1526291866.000000000000000,2060301.000000000000000,+40.4558082,-090.6789543,1.624835488850000,0.162262722373000,-1.364073608924407,-0.039406817678763,3.300537263166389,2.938180507669990,1.753707820556500,3.475452497839456,1.584027726433573,1.288157016183947,0.558454176997328,1.579350291675228,0.621896353003670,0.207138215641862,0.088235075338998,0.043553523686106,0.463254144140616,0.729175445429185,0.877818750970327,0.286372257482331,1.364073517966576
17,065,00424234,17065,0500000US17065,Hamilton,Hamilton County,06,H1,G4020, , , ,A,1125745190.000000000000000,3158473.000000000000000,+38.0852273,-088.5390093,1.363204427840000,0.115922865430000,-1.028650438896427,1.987907882129708,4.104951437848463,3.745411124980167,2.479778649107535,4.390123036661461,1.729943389388392,1.420521649277464,0.731015390785325,1.825001039616119,0.935461667600391,0.378379082495645,0.142113172424582,0.071977616529913,0.596707965468917,0.900151300819555,1.083202300637779,0.401175733902703,1.028650327734569
17,021,00424212,17021,0500000US17021,Christian,Christian County,06,H1,G4020,522,45380, ,A,1837552893.000000000000000,16227346.000000000000000,+39.5455242,-089.2795927,2.024309927320000,0.194246994858000,-1.173213774393005,1.835930050433810,3.877450174373190,3.556450755732049,1.967153317048643,4.119916795975106,1.878547963699729,1.589340891639048,0.664216881314448,1.854653641988891,0.793515097505987,0.214616290520716,0.072820042730880,0.031566836060904,0.422603831747331,0.713347741512827,0.788755466262232,0.380578395856786,1.173213903105860
17,171,00424286,17171,0500000US17171,Scott,Scott County,06,H1,G4020,522,27300, ,A,649542040.000000000000000,4814547.000000000000000,+39.6370016,-090.4777707,1.155593802320000,0.068661954438200,-1.360199509737748,0.984428840935037,3.976422564616777,3.601930753165064,1.817067893308265,4.005390706179787,1.904891601499382,1.595459926744496,0.580909940960675,1.976646160623982,0.788837399852949,0.212365311843898,0.087430226396364,0.031367211970382,0.461679148229713,0.631375084626374,0.748023594160021,0.473083233261316,1.360199200250084
17,081,00424242,17081,0500000US17081,Jefferson,Jefferson County,06,H1,G4020, ,34500, ,A,1479496305.000000000000000,32544477.000000000000000,+38.3007796,-088.9242100,1.590185345940000,0.155725530275000,-0.957486553709077,1.668959313448054,4.163225276919173,3.840840615741204,2.163793677302023,4.222966941603064,1.798605686288462,1.553311013463664,0.646946692440507,1.869438768313019,0.894876489911464,0.321692166501491,0.099653467509483,0.046764678038349,0.504528075892373,0.809500780463493,0.922280215172663,0.381800362536616,0.957485156779835
17,097,01784796,17097,0500000US17097,Lake,Lake County,06,H1,G4020,176,16980,29404,A,1149124986.000000000000000,2394833743.000000000000000,+42.1859677,-087.8059389,1.651983121960000,0.133065140053000,0.382337883683912,0.094014716118438,2.872648952423004,2.758983976824467,1.686753402314268,2.688294852820210,1.445287998183800,1.338945377865334,0.635959144240036,1.429484458145636,0.579411273604837,0.152476732091004,0.038200117727584,0.009142766505718,0.382451407323832,0.559863635874024,0.593507692965443,0.136551248468370,-0.382338550347749
17,055,00424229,17055,0500000US17055,Franklin,Franklin County,06,H1,G4020, , , ,A,1059137475.000000000000000,58368794.000000000000000,+37.9918516,-088.9263215,1.619776008370000,0.114614997526000,-1.104342965831404,1.730942941464658,4.033060626543001,3.671400740963938,2.389497252128504,4.281246355302645,1.709791428167653,1.407765458827694,0.689093351022766,1.768556183077644,0.842731833994442,0.354916155428001,0.120788748047549,0.045267416750090,0.591281246921994,0.845554340795369,1.041996391284433,0.385563020076371,1.104343121842706
17,083,00424243,17083,0500000US17083,Jersey,Jersey County,06,H1,G4020,476,41180, ,A,957144905.000000000000000,20332592.000000000000000,+39.0801945,-090.3613850,1.630021845960000,0.101720616097000,-0.997907516276529,1.359548329288517,3.401544736715275,3.069218206206028,1.984955642376575,3.655571641551799,1.558654417273655,1.294296111415117,0.651662778914109,1.573229935520991,0.731542204021973,0.255372682748299,0.065346536596941,0.023701418705176,0.430764227851348,0.677184906573080,0.733378836517718,0.415700129948428,0.997906874961792
17,183,01785114,17183,0500000US17183,Vermilion,Vermilion County,06,H1,G4020,169,19180, ,A,2326639022.000000000000000,7527081.000000000000000,+40.1867546,-087.7267776,2.110133037870000,0.246825085946000,-1.483087009000829,1.611748843810075,3.849254543175329,3.524739818253622,1.961602237276253,4.011158504450384,2.083397396140185,1.774296283190538,0.739384889828500,1.981148674434486,0.577452029395221,0.168105955742470,0.067093663744243,0.031854805824857,0.455583804533195,0.736921607060805,0.811974350902269,0.202658840511519,1.483087576684563
17,007,00424205,17007,0500000US17007,Boone,Boone County,06,H1,G4020,466,40420, ,A,727137091.000000000000000,3338156.000000000000000,+42.3189831,-088.8242951,1.150290714580000,0.079771379808500,0.020203833127454,-0.546100492290160,2.518606685187676,2.389459052793097,1.395953507107087,2.096978324872080,1.207487966146621,1.108849219951279,0.449852761023258,1.302303256545658,0.477676658915141,0.171802181450154,0.076948530109234,0.025981487839372,0.412925817718918,0.512331767533586,0.508877867487473,0.120833482277983,-0.020206062150809
17,137,00424270,17137,0500000US17137,Morgan,Morgan County,06,H1,G4020,522,27300, ,A,1473595806.000000000000000,9053547.000000000000000,+39.7176572,-090.2049929,2.011451701920000,0.155733751774000,-1.797090163484124,0.848161354290031,4.060341213854661,3.565453301567187,1.850151206736255,4.242689886160858,1.980669945378174,1.563849997091727,0.576094410237890,2.046969766984023,0.736692472784170,0.264326832611265,0.098609063322395,0.042328234344783,0.487475184928847,0.643493175630582,0.779791704569474,0.437318395457634,1.797089430912702
17,161,00424282,17161,0500000US17161,Rock Island,Rock Island County,06,H1,G4020,209,19340, ,A,1107212317.000000000000000,61631338.000000000000000,+41.4684205,-090.5721252,2.554242549700000,0.125849772611000,-0.894121162095849,-0.842527606954066,2.455215630829788,2.342407283624421,1.162753895772085,2.468956511782431,1.298568396874512,1.204145969840742,0.428444695760868,1.338488314294856,0.377596461486026,0.083186097568079,0.037829339406899,0.020983765732704,0.299140845985073,0.472052873621528,0.547015143493122,0.088731289201342,0.894121117417052
17,111,01784815,17111,0500000US17111,McHenry,McHenry County,06,H1,G4020,176,16980,16984,A,1562806157.000000000000000,19855932.000000000000000,+42.3242982,-088.4522450,1.696252172440000,0.172837099738000,0.448600783158767,0.164758365106657,2.943369068308433,2.861028988118863,1.563308689249630,2.408165125194006,1.395985280868947,1.330596262171264,0.532539641030398,1.426704198335629,0.594515558451053,0.184611797399965,0.066583187831508,0.023788768758419,0.409296762178464,0.498503899319544,0.517641390316184,0.108186087664133,-0.448600193140929
17,037,00422190,17037,0500000US17037,DeKalb,DeKalb County,06,H1,G4020,176,16980,20994,A,1635155498.000000000000000,8560431.000000000000000,+41.8946145,-088.7689224,1.753754581340000,0.178323203724000,-0.205328955238462,-0.152267323599922,2.840045802751478,2.549582411941896,1.621077302637551,2.553696663128430,1.326937870671003,1.067284225327661,0.495079364744337,1.301263197146244,0.522405435088346,0.200407126450088,0.110932345420844,0.060764689439269,0.510372999592948,0.642818594811841,0.710532498005196,0.122278323965390,0.205329383163131
