STATEFP,COUNTYFP,COUNTYNS,GEOID,GEOIDFQ,NAME,NAMELSAD,LSAD,CLASSFP,MTFCC,CSAFP,CBSAFP,METDIVFP,FUNCSTAT,ALAND,AWATER,INTPTLAT,INTPTLON,Shape_Leng,DTR,FD,ID,SU,TR,TX90p,TX90pDAYS,TX95p,TX95pDAYS,TXge90F,TXge95F,TXge100F,TXge105F,TXge110F,Shape_Length,Shape_Area
17,015,00424209,17015,0500000US17015,Carroll,Carroll County,06,H1,G4020, , , ,A,1153597409.000000000000000,55881823.000000000000000,+42.0708996,-089.9241898,1.761081195090000,0.100860575635810,-22.943543019948308,-17.778934542963910,26.499631111092938,18.785550982933653,15.202213964898789,55.521102836530936,11.428248843192325,41.739507567690481,28.176156129086202,11.156880982118723,1.895267245513168,0.156804791136249,0.006097054423778,1.761081193945115,0.131532834248581
17,043,00422191,17043,0500000US17043,DuPage,DuPage County,06,H1,G4020,176,16980,16984,A,849236415.000000000000000,22006224.000000000000000,+41.8520577,-088.0860389,1.284918945090000,0.038349977260405,-24.721665026374069,-17.092948734638604,25.654852313191192,24.076305132183563,14.277395804013279,52.144013988621367,10.549570502187329,38.530812778424476,27.718015516267013,12.628843553452297,2.767633949983694,0.240117854874645,0.008826011302394,1.284918945183785,0.094458450629890
17,133,01784865,17133,0500000US17133,Monroe,Monroe County,06,H1,G4020,476,41180, ,A,997924032.000000000000000,33756312.000000000000000,+38.2779831,-090.1790777,1.568861752230000,0.228588791325851,-22.058337987046826,-8.319068695076972,24.510902878380897,38.368817908293707,16.084037474583766,58.742593452620461,12.231620525727214,44.672654293218457,41.378342908443400,30.107893467180144,11.602180064211558,2.302740870010742,0.382343442727400,1.568861753805904,0.106167838212736
17,157,01784967,17157,0500000US17157,Randolph,Randolph County,06,H1,G4020, , , ,A,1490194102.000000000000000,56150220.000000000000000,+38.0565149,-089.8212096,1.978064407330000,0.204649040888726,-22.289393964941976,-8.233066140761379,23.571880411598112,35.329769942538896,15.456250714354425,56.450006536428461,11.224720435148162,40.995372500230694,39.154183487428661,28.016046582992779,9.598404181086249,1.799995248820533,0.296123360465358,1.978064413440576,0.158501804787295
17,149,01784941,17149,0500000US17149,Pike,Pike County,06,H1,G4020, , , ,A,2153190712.000000000000000,45251538.000000000000000,+39.6251059,-090.8890344,2.317944000350000,0.159402070066295,-22.756400976618238,-11.102737872184999,25.444225156027503,33.995386371974107,14.413849696778584,52.642200478967432,10.460071876234471,38.202716167420022,36.270808624217736,20.564624797860738,6.715803648441177,1.371288314963416,0.128677979513013,2.317943999125090,0.230564953142434
17,203,01785231,17203,0500000US17203,Woodford,Woodford County,06,H1,G4020,427,37900, ,A,1366366883.000000000000000,39858698.000000000000000,+40.7897888,-089.2105875,1.861819457300000,0.119099573417119,-24.477846457991188,-14.954935439022199,24.514788060803944,28.535342488161152,14.919904303655761,54.490013526514687,11.284912700009432,41.215135846193007,34.748581123719916,17.777803410714007,4.563929592733643,0.519421054027735,0.027147802723839,1.861819455035893,0.150029135016348
17,001,00424202,17001,0500000US17001,Adams,Adams County,06,H1,G4020,448,39500, ,A,2214827090.000000000000000,41753385.000000000000000,+39.9860525,-091.1949607,2.007785956680000,0.150753476557336,-22.916619799285517,-12.498582827430639,26.046380339246102,34.845676042114960,14.502702824495822,52.966844369832074,10.494689936990046,38.329843074967769,34.932202772251763,18.423450967466451,5.996590468623372,1.133374787904476,0.067182772582681,2.007785956334727,0.237918680493900
17,075,00424239,17075,0500000US17075,Iroquois,Iroquois County,06,H1,G4020, , , ,A,2894072162.000000000000000,4208707.000000000000000,+40.7488665,-087.8336010,2.229104709670000,0.132916260906970,-25.034408298022971,-14.822918443025578,25.113858580064022,28.031365552400676,14.780848871397335,53.982615249458867,11.032919713265539,40.295211472363050,31.714510730624717,15.566674602924705,3.528911639145772,0.350516635946513,0.017026148125629,2.229104711503381,0.309023090555729
17,053,00424228,17053,0500000US17053,Ford,Ford County,06,H1,G4020,169,16580, ,A,1257690139.000000000000000,1640595.000000000000000,+40.5965386,-088.2245882,2.245098577230000,0.142046136603503,-24.298485108792104,-14.807396351406750,25.451109083039672,28.706126010362610,14.807015322610580,54.078068817705599,11.067294628087836,40.420731170019330,32.840239121317161,16.488486345225812,4.027319051824843,0.442902006497330,0.029242168040067,2.245098576470087,0.133978554328545
17,147,00424275,17147,0500000US17147,Piatt,Piatt County,06,H1,G4020,169,16580, ,A,1137492093.000000000000000,754122.000000000000000,+40.0090327,-088.5923546,1.478463080930000,0.160834888858095,-23.667266924487425,-12.944636881650109,23.456622098900649,33.633661080427025,15.229881245384581,55.622336157411354,11.447552658221833,41.809462927226647,36.085095977652138,19.274482090729578,4.657424509984838,0.507307380997402,0.046710162756667,1.478463080934634,0.120065242328232
17,077,00424240,17077,0500000US17077,Jackson,Jackson County,06,H1,G4020,166,16060, ,A,1511448965.000000000000000,48302865.000000000000000,+37.7860959,-089.3812119,1.831825879960000,0.214940270870946,-22.032648201085259,-7.820828617503159,24.261428862052789,37.185276484736960,16.868360243106245,61.607108552914447,12.558113092540097,45.865586067820757,41.553336171895971,27.759276045815099,8.063037566000206,1.172140945997120,0.119296859207238,1.831825884079372,0.159521978922476
17,061,00424232,17061,0500000US17061,Greene,Greene County,06,H1,G4020, , , ,A,1406736598.000000000000000,8423898.000000000000000,+39.3554391,-090.3876823,1.824313476320000,0.180854524424514,-23.609150119330195,-10.698614202337380,25.067061277046722,35.886046820773302,15.252161224144121,55.703533649674561,11.379560501247260,41.560826099109413,39.108050875258002,22.146620392261326,6.747043122850987,1.138262717593453,0.123049148442517,1.824313476771584,0.147889457446217
17,101,00424252,17101,0500000US17101,Lawrence,Lawrence County,06,H1,G4020, , , ,A,963938120.000000000000000,5076511.000000000000000,+38.7189542,-087.7302207,1.402426363110000,0.214636723791566,-21.358981604282913,-8.464751957519757,22.356781664386510,34.194363352133365,15.168989189464959,55.400099070553367,10.967594896745393,40.056197473661776,38.438628006556904,23.020308901527944,5.495509556031784,0.785709771993874,0.092052190693960,1.402426363312364,0.100339712273579
17,067,00424235,17067,0500000US17067,Hancock,Hancock County,06,H1,G4020, , , ,A,2055798710.000000000000000,53563365.000000000000000,+40.4013180,-091.1688008,2.028387415640000,0.141487243484018,-22.235170601428109,-13.258698667795416,25.042914935672414,32.615599126879872,14.738256028105472,53.827231748205634,11.021350676262680,40.253137971106824,33.708228185323001,17.458037422462890,5.350655979949051,0.892097869142974,0.051009030951705,2.028387415775581,0.223531666977589
17,025,00424214,17025,0500000US17025,Clay,Clay County,06,H1,G4020, , , ,A,1213023045.000000000000000,3064499.000000000000000,+38.7468187,-088.4823254,1.713349087150000,0.209236698841800,-21.914630654377341,-9.087635593662707,23.635888874464566,33.584448458681017,15.522961847118550,56.693284830832788,11.052228804149994,40.365730329837035,40.078493297878119,22.394383829790570,6.149861436463694,0.967515591061135,0.115197521184968,1.713349086696352,0.126024181989256
17,071,00424237,17071,0500000US17071,Henderson,Henderson County,06,H1,G4020,161,15460, ,A,981068776.000000000000000,42565933.000000000000000,+40.8144710,-090.9412464,1.551404578360000,0.147116668600597,-22.773305864633038,-14.393051388208658,25.574954294421516,32.811750228234665,15.028566339490700,54.887806907048322,11.163634909628179,40.773001007709404,33.868003179608323,16.811806916782412,4.292816452798669,0.720203030524905,0.032846201597482,1.551404576083593,0.109230076562488
17,041,00424222,17041,0500000US17041,Douglas,Douglas County,06,H1,G4020, , , ,A,1079117766.000000000000000,1441160.000000000000000,+39.7660778,-088.2228669,1.526174570270000,0.163839705037466,-22.141581188556561,-11.461789956641802,23.369357116053141,32.635283384693984,14.903548581994597,54.430339173294477,11.081822812588349,40.473611496778304,36.758302556637815,19.695680511087883,4.906480888415097,0.628639882844872,0.060091752844060,1.526174569325339,0.113586468496641
17,181,01785113,17181,0500000US17181,Union,Union County,06,H1,G4020, , , ,A,1070733038.000000000000000,22538656.000000000000000,+37.4856521,-089.2446391,1.555339700480000,0.222478999852156,-22.102765440695123,-7.151415982024812,23.876079883879584,36.698371625696311,17.208291364700891,62.848605169212419,13.111776367274866,47.887791453854106,40.644910513988592,27.623091384245612,7.641658972024737,0.933216775374493,0.064499284978850,1.555339700230414,0.111305968583066
17,091,00424247,17091,0500000US17091,Kankakee,Kankakee County,06,H1,G4020,176,28100, ,A,1752101320.000000000000000,12459008.000000000000000,+41.1395105,-087.8611165,2.033784995930000,0.105230858303508,-24.047631877185022,-14.681832513908503,24.797212502483653,25.169221090307204,14.048077052161535,51.305910020924841,10.478323250798816,38.269862739320331,29.766608419344450,13.956026770225666,2.887265916269127,0.293802708501151,0.013541860072222,2.033784996090596,0.189241513980825
17,127,01784730,17127,0500000US17127,Massac,Massac County,06,H1,G4020,424,37140, ,A,614222111.000000000000000,12780838.000000000000000,+37.2161190,-088.7056578,1.196806849610000,0.224001773319030,-19.246592722386364,-5.633318822787395,22.559568988901209,34.819631204002029,16.543441790173802,60.420389374087300,12.186943492163449,44.509908867876362,39.501892382146231,27.270638403057269,6.887761798409240,0.912893646680415,0.056943791306327,1.196806849835246,0.063599877908703
17,197,01785190,17197,0500000US17197,Will,Will County,06,H1,G4020,176,16980,16984,A,2164990677.000000000000000,34485763.000000000000000,+41.4484742,-087.9784563,2.497241836560000,0.070130992519072,-24.965725473685925,-16.362390576013873,25.966395810283871,27.314513298143790,14.232003421159234,51.978080065045077,10.732379345465420,39.198056319908211,29.031420465850157,13.817499940582501,2.996654853482623,0.273400178768723,0.010278773638642,2.497241840166248,0.236982158168716
17,173,01785051,17173,0500000US17173,Shelby,Shelby County,06,H1,G4020, , , ,A,1964526143.000000000000000,24749348.000000000000000,+39.3849162,-088.7988651,2.213360806880000,0.171726689227076,-23.190046816088980,-11.128315082453087,23.342334703529932,33.536055387149915,14.671288361727255,53.582250800712707,10.430549824453779,38.095245851438214,36.681473456357864,18.890817445336985,5.210261707350996,0.799692239215436,0.093524067028197,2.213360808159754,0.207989279519342
17,051,00424227,17051,0500000US17051,Fayette,Fayette County,06,H1,G4020, , , ,A,1855600276.000000000000000,22898580.000000000000000,+39.0011246,-089.0179232,2.082191822140000,0.201706201116982,-22.918716394353332,-10.301047287085918,24.203146862350501,32.996420482985876,14.738074940622637,53.826746773930836,10.827833281260220,39.546168255206098,36.965980584737210,21.270805081542758,5.855813775161931,0.869358688699109,0.103400580253019,2.082191821231034,0.195334717785440
17,117,00424257,17117,0500000US17117,Macoupin,Macoupin County,06,H1,G4020,476,41180, ,A,2235146415.000000000000000,12194715.000000000000000,+39.2659138,-089.9263301,1.951467595340000,0.175851888295811,-22.677393108375817,-10.452720068620334,24.007843338252975,33.559740159186852,14.945442604980606,54.583533551641409,11.100674537664966,40.542329942751536,37.922529819643195,21.196847414628671,6.116399492842001,0.966915864290025,0.113689702846656,1.951467594323931,0.234541969354084
17,195,01785167,17195,0500000US17195,Whiteside,Whiteside County,06,H1,G4020,221,44580, ,A,1771808926.000000000000000,31883751.000000000000000,+41.7506748,-089.9110053,1.982103975280000,0.096259064808528,-23.383100381550616,-17.293940103878224,25.429908201437808,25.828937472095866,15.001325829898645,54.787373047273149,11.228564325692931,41.009808312082718,30.149469200892412,13.503722650735643,2.916768699369780,0.243972854957885,0.009288878199983,1.982103973498796,0.195245650484068
17,107,00424255,17107,0500000US17107,Logan,Logan County,06,H1,G4020,522,30660, ,A,1600748259.000000000000000,2262329.000000000000000,+40.1292768,-089.3653086,1.725008940230000,0.162900297292913,-24.707684928888245,-13.467668624484315,24.419250791774974,32.033350143121197,14.857179617844066,54.261495470677097,11.256437457578851,41.110984174582619,35.894223664044311,19.612906447672817,5.324626263971134,0.704799838052526,0.049324191909065,1.725008939454300,0.169368894407941
17,029,00424216,17029,0500000US17029,Coles,Coles County,06,H1,G4020, ,16660, ,A,1316418025.000000000000000,4650073.000000000000000,+39.5136797,-088.2207820,1.636399833600000,0.171940535742965,-22.160510966032785,-11.484597373486798,23.756393317709630,34.449765144514323,15.333919175303761,56.002566190873658,11.186205330820625,40.855056988013942,36.665013482977393,19.456860029253242,4.963360637906097,0.615195425154682,0.044215403485728,1.636399832142740,0.138376882930111
17,131,01784750,17131,0500000US17131,Mercer,Mercer County,06,H1,G4020,209,19340, ,A,1453604386.000000000000000,19411909.000000000000000,+41.2056046,-090.7417698,1.778514382560000,0.148594355408713,-22.809616459669510,-15.586817653446632,26.080799913243268,30.287915129735232,14.899063407824038,54.414649586801190,11.172997511674600,40.807601575832201,33.089788546355862,16.011580713139288,4.071038185426397,0.541562987510436,0.016994164001355,1.778514384119255,0.158098949110133
17,011,00424207,17011,0500000US17011,Bureau,Bureau County,06,H1,G4020,176,36837, ,A,2250884555.000000000000000,11523912.000000000000000,+41.4013043,-089.5283772,2.249142807100000,0.108881032976492,-23.752969971029742,-16.345544975937845,25.147229933227372,27.037818454971504,14.835649440389510,54.182647078059354,11.033795950351577,40.298628342693455,31.358276343301522,14.808661019356414,3.514028217996080,0.359272593287580,0.013196042417874,2.249142805739438,0.243613748931615
17,167,01785010,17167,0500000US17167,Sangamon,Sangamon County,06,H1,G4020,522,44100, ,A,2248704917.000000000000000,22747684.000000000000000,+39.7568863,-089.6624350,2.486167954160000,0.147990688781450,-23.491720817463943,-12.085242860667526,24.260097860049751,34.571686937838180,15.370385047971922,56.135727887375836,11.517323744392106,42.064343403031110,38.203591977746619,21.392763783097202,5.866408983170203,0.803211538473480,0.078602550425486,2.486167958152293,0.238732960090115
17,113,01784833,17113,0500000US17113,McLean,McLean County,06,H1,G4020,145,14010, ,A,3064597294.000000000000000,7804856.000000000000000,+40.4945594,-088.8445391,2.557014686770000,0.132975447266962,-24.626781774428320,-14.617095450679642,24.760398896269400,32.097313352324178,15.374283037982339,56.150270315489465,11.708278618210464,42.761635134970525,35.558762075059974,18.749715342596723,4.883289815879961,0.619084828668546,0.037236343285473,2.557014685930990,0.326358155206936
17,005,00424204,17005,0500000US17005,Bond,Bond County,06,H1,G4020,476,41180, ,A,985066653.000000000000000,6462629.000000000000000,+38.8859240,-089.4365916,1.349400619390000,0.202971613258373,-23.463377494432009,-10.091400828519093,23.976407540941810,33.402490736146433,15.004867518283694,54.801071132091941,11.022875286563643,40.258297333167448,38.044474669651862,21.582338737207500,6.051704229638371,0.906038150224918,0.102808801332031,1.349400622866312,0.102941469533280
17,009,00424206,17009,0500000US17009,Brown,Brown County,06,H1,G4020, , , ,A,791828624.000000000000000,4144346.000000000000000,+39.9620694,-090.7503095,1.403237361980000,0.146468745891512,-23.738594074686716,-12.327636734101207,25.178277867152403,33.418964594383809,14.550621583127999,53.141756701528820,10.536842670795917,38.483349300910085,35.672274254230558,19.046891378983421,6.000476535269964,1.012555833798029,0.071825645993838,1.403237358698351,0.083902450813199
17,095,00424249,17095,0500000US17095,Knox,Knox County,06,H1,G4020, ,23660, ,A,1855351760.000000000000000,8914499.000000000000000,+40.9309446,-090.2137921,1.785567340620000,0.125201700548015,-23.498918102220198,-15.488938438159531,26.692288955964873,29.960936484969867,15.042584510766599,54.938494212047445,11.206764123523483,40.930267827797067,31.902444031134330,14.411981374071649,3.174530555219487,0.338868551826888,0.007101110542820,1.785567340751222,0.199322313340502
17,019,00424211,17019,0500000US17019,Champaign,Champaign County,06,H1,G4020,169,16580, ,A,2579898008.000000000000000,6110542.000000000000000,+40.1389845,-088.1969749,2.108476057590000,0.155559371724806,-23.212868028824914,-13.453267326119228,24.424052983972189,34.493015537001419,15.128059792167047,55.250791897341195,11.349154328754423,41.449923594128670,34.920180166312086,18.579817135353668,4.502606220720280,0.489664878090491,0.042329049173378,2.108476057660813,0.273291281541916
17,045,00424224,17045,0500000US17045,Edgar,Edgar County,06,H1,G4020, , , ,A,1614400671.000000000000000,1565052.000000000000000,+39.6790370,-087.7471102,1.750502255130000,0.156739855294276,-23.189684733438096,-11.806470768700674,24.405586703623118,34.148960517820299,15.575224145965013,56.884028275808475,11.671911142730560,42.628542511384964,36.482604281852190,19.013782768999494,4.408040905972851,0.573268905837085,0.062218224615099,1.750502251487850,0.169641004850937
17,049,00424226,17049,0500000US17049,Effingham,Effingham County,06,H1,G4020, ,20820, ,A,1240001925.000000000000000,3178181.000000000000000,+39.0479445,-088.5928488,1.498475138040000,0.192692222446427,-23.529564933167009,-10.944459920304428,24.137690046238362,33.635055553890680,15.240037063387682,55.660011899591481,11.155423875167051,40.742561613989700,38.122982669159846,21.900803824212659,6.012116342081629,0.844757772498495,0.106995088765146,1.498475138872528,0.129378548184885
17,035,00424219,17035,0500000US17035,Cumberland,Cumberland County,06,H1,G4020, ,20820, ,A,895995630.000000000000000,2532358.000000000000000,+39.2731210,-088.2406193,1.332088898390000,0.179612784975906,-22.818803332192434,-11.200021808996988,23.545996017816336,35.323178484610622,15.688508772758633,57.297589490589338,11.538342912326588,42.141097652387437,38.289665202578206,21.113017543962581,5.454113261683693,0.725709430630855,0.072302120308201,1.332088898176529,0.093790106596425
17,033,00424218,17033,0500000US17033,Crawford,Crawford County,06,H1,G4020, , , ,A,1149031270.000000000000000,5744817.000000000000000,+39.0027865,-087.7606193,1.717445706880000,0.220574924046665,-23.199102776966516,-9.733745908793750,24.182695001848746,34.906418590371942,16.194255644809218,59.144759273629894,11.602235747604125,42.373900703690929,40.135171030430342,23.431155561864180,5.692687609231900,0.901231887341145,0.154562382794151,1.717445706198317,0.120047776633419
17,179,01785094,17179,0500000US17179,Tazewell,Tazewell County,06,H1,G4020,427,37900, ,A,1674390616.000000000000000,29668273.000000000000000,+40.5080743,-089.5162598,2.059346136650000,0.141963163418393,-23.563310143456498,-14.125829225480112,25.053537556140121,33.812185504840159,15.425051357480260,56.335632242832929,11.743446803683815,42.889959550420336,35.553129725409654,19.267109020932470,5.121015763623175,0.646916806814827,0.034250358583901,2.059346137431355,0.181053345813695
17,151,00424277,17151,0500000US17151,Pope,Pope County,06,H1,G4020, , , ,A,955362038.000000000000000,14662240.000000000000000,+37.4171687,-088.5423737,1.604260640810000,0.232341438120761,-21.670003372574993,-6.686988266821804,24.334665001223645,36.636374738265928,17.083894132287373,62.394015502122812,12.625912134759515,46.113092120817257,40.160280282198620,26.181446621834681,6.412266234599614,0.863013604863863,0.067792337913222,1.604260639364448,0.098697510667542
17,129,00424266,17129,0500000US17129,Menard,Menard County,06,H1,G4020,522,44100, ,A,814269348.000000000000000,2640418.000000000000000,+40.0225693,-089.7941326,1.553891095170000,0.152765035994884,-24.006725032889470,-12.843241277294313,24.197839357856228,33.504548240892902,15.053785381871279,54.979384097730474,11.410991950738818,41.676108041152609,37.558321315964811,20.695412713658691,5.853058182810364,0.772821693113962,0.057265727218120,1.553891092571984,0.086190873306336
17,123,00424260,17123,0500000US17123,Marshall,Marshall County,06,H1,G4020,427,37900, ,A,1001865238.000000000000000,30343574.000000000000000,+41.0311192,-089.3423714,1.712604689610000,0.115748132279019,-24.210635406021527,-14.890072885679386,24.764168123701324,25.301119168324309,14.565044943225754,53.194351229696274,10.735548531529856,39.209123089166340,32.820403166064274,16.564069153926503,4.286554107198743,0.470664139296959,0.022005117178275,1.712604689873165,0.110527855029563
17,031,01784766,17031,0500000US17031,Cook,Cook County,06,H1,G4020,176,16980,16984,A,2447358069.000000000000000,1786339736.000000000000000,+41.8942937,-087.6454546,3.177791022020000,0.031707746166335,-25.762957287047236,-17.649806378378887,26.741396297268981,27.841209770010948,13.729891988141318,50.144274123577624,10.145830074297136,37.056007007222654,25.151750267044896,11.639361663856514,2.525580205434247,0.253643200137316,0.013106626396021,3.177791035908847,0.268942232445138
17,059,00424231,17059,0500000US17059,Gallatin,Gallatin County,06,H1,G4020, , , ,A,836415230.000000000000000,13355417.000000000000000,+37.7686768,-088.2279642,1.416438839350000,0.220652660976159,-22.062906826652661,-7.427455741260270,23.387629052942685,36.913863960657295,16.449521809166875,60.076729088997418,12.083947262498958,44.133042860569930,39.908471355905299,27.001871585005699,7.147559289214033,0.979918869437436,0.101198002975503,1.416438838353986,0.086836414694777
17,193,00424297,17193,0500000US17193,White,White County,06,H1,G4020, , , ,A,1281999215.000000000000000,17833681.000000000000000,+38.0873070,-088.1786196,1.965336327200000,0.214297686258379,-20.938811304301336,-7.910552005749282,22.699772479032436,34.914772203673273,15.288184868119837,55.835794368244841,11.063887462936433,40.407641581047663,39.267452363953822,24.657798621127192,6.583256094603366,0.876259035974637,0.107318859455145,1.965336323826726,0.133364384432321
17,039,00426598,17039,0500000US17039,De Witt,De Witt County,06,H1,G4020, , , ,A,1029678313.000000000000000,19492326.000000000000000,+40.1814993,-088.9018526,1.531595538430000,0.153644509826403,-24.853882367294140,-14.018517032304407,23.644885991547621,32.275167552075509,15.380940930825385,56.174222570075926,11.603018470780048,42.377244503887951,35.968604548870424,19.175490065858142,4.796027240345216,0.563584374622579,0.043645150187296,1.531595538307093,0.110932345175239
17,047,00424225,17047,0500000US17047,Edwards,Edwards County,06,H1,G4020, , , ,A,576012469.000000000000000,781202.000000000000000,+38.4170954,-088.0479408,1.340173800560000,0.188098142273201,-22.491380713744203,-8.401483682506276,21.977513517441402,35.834323265897687,15.555115352798575,56.810443581571505,11.344889361586066,41.434250687220668,38.680874096666585,26.717974931876249,7.976610219701276,1.121396269712214,0.143953564622316,1.340173800173390,0.059497792096547
17,125,00424261,17125,0500000US17125,Mason,Mason County,06,H1,G4020, , , ,A,1396914845.000000000000000,62748509.000000000000000,+40.2369926,-089.9135746,2.584721256180000,0.154849967661577,-23.748544820955214,-13.271853686422608,23.701320958602082,32.698711408243682,14.894852523952899,54.398707189970374,11.134997505201722,40.668244078093814,37.434120423681861,21.456626184196370,6.990166784161147,1.157145847451434,0.078319584477832,2.584721256051712,0.154480935455805
17,013,00424208,17013,0500000US17013,Calhoun,Calhoun County,06,H1,G4020,476,41180, ,A,657415185.000000000000000,77051402.000000000000000,+39.1642619,-090.6662948,1.811201526070000,0.190704282840165,-23.977848346521089,-10.444692384868411,25.320876506850642,34.626346904149273,15.667439239823182,57.220429852670797,11.789524244778107,43.058205305908039,40.022661970419314,25.418171401644916,8.524981881020883,1.659155871357216,0.196833682783726,1.811201526173453,0.076497780459822
17,121,00424259,17121,0500000US17121,Marion,Marion County,06,H1,G4020,476,16460, ,A,1482866786.000000000000000,9232943.000000000000000,+38.6482361,-088.9203624,1.592125859250000,0.215714412556254,-22.150413320091381,-8.967556305143772,23.480753658728695,34.237070165404411,14.850320769357783,54.236521185013636,10.899936146735667,39.809431434350202,37.648862675810619,21.538949206472900,6.011749514168042,0.881852310665135,0.083546190361494,1.592125859653610,0.154405296597121
17,187,01785134,17187,0500000US17187,Warren,Warren County,06,H1,G4020, , , ,A,1404705831.000000000000000,1735113.000000000000000,+40.8504412,-090.6202228,1.560421838740000,0.135399894707679,-22.628768567079323,-14.604874243561250,25.818105912754937,31.419101777892372,14.853199298573273,54.247192851973054,11.184007797182556,40.847412325226742,33.823214441210766,16.602905713427003,4.048347357406420,0.578499999470534,0.016974031027719,1.560421839650035,0.150187271801907
17,023,00424213,17023,0500000US17023,Clark,Clark County,06,H1,G4020, , , ,A,1298594814.000000000000000,8731439.000000000000000,+39.3323343,-087.7916832,1.731891142540000,0.196941984584312,-23.088006752431539,-11.024185730349055,23.964176850980156,35.177252893650639,16.244698973041661,59.329006066956957,11.864911212121621,43.333384810198666,38.884564580964209,21.213419105846619,5.088387336127115,0.782836744245493,0.095765641262246,1.731891144394707,0.136550069706800
17,191,00424296,17191,0500000US17191,Wayne,Wayne County,06,H1,G4020, , , ,A,1848817749.000000000000000,4217594.000000000000000,+38.4318573,-088.4324302,1.796537327560000,0.205754067579223,-21.557175172369703,-8.662204576049636,23.351130465259750,36.188146031124468,16.313511355042206,59.580267017723955,11.751175156923480,42.918085397778924,41.689664781737676,25.731656089442886,7.124466820881579,1.086313584789901,0.130251360449612,1.796537329502437,0.191179567122175
17,089,00424246,17089,0500000US17089,Kane,Kane County,06,H1,G4020,176,16980,20994,A,1345139287.000000000000000,12480820.000000000000000,+41.9395938,-088.4280395,1.593400313650000,0.039877202246401,-24.266566935121133,-18.076636608131288,26.670428324304133,23.280782016545501,14.811212318589037,54.093764556328480,10.896179004864331,39.796294862787704,26.896452825538560,11.085816661156990,2.225850708374865,0.153553854162610,0.003211654750174,1.593400313567655,0.147388202166021
17,105,00424254,17105,0500000US17105,Livingston,Livingston County,06,H1,G4020,145,38700, ,A,2702983876.000000000000000,5975815.000000000000000,+40.8943761,-088.5528518,2.362343141530000,0.122770364698001,-24.573171424554932,-14.998846452898848,25.352776674834782,30.120229712394050,15.021852460908299,54.862818200532196,11.443825878472900,41.795651234346224,33.364908082428421,16.727903538058928,3.755212181151797,0.364291610786052,0.023665793351063,2.362343139826547,0.289461108662248
17,085,00424244,17085,0500000US17085,Jo Daviess,Jo Daviess County,06,H1,G4020, , , ,A,1556385363.000000000000000,45789931.000000000000000,+42.3623905,-090.2114705,1.957489830540000,0.103178905628176,-23.073444211179368,-19.006787641226673,28.277597139812414,22.006874690866891,15.677841747011493,57.258802499948693,11.577187451140215,42.283403385262382,25.201294585323065,9.131394624705614,1.519040125062024,0.141753560126129,0.002433453372453,1.957489831767478,0.174989764099606
17,199,01785215,17199,0500000US17199,Williamson,Williamson County,06,H1,G4020,166,32060, ,A,1088353644.000000000000000,62455779.000000000000000,+37.7303533,-088.9300182,1.416700280880000,0.229544507992619,-22.701212526171187,-7.973780127407791,24.872063797442934,37.815502619391232,17.353645809692562,63.379182004048822,12.882550309388467,47.050203525754945,43.110265516856380,27.599175408245358,8.092749641476003,1.190086303919781,0.134955722092541,1.416700281460241,0.117618767431933
17,003,00424203,17003,0500000US17003,Alexander,Alexander County,06,H1,G4020,164,16020, ,A,609667770.000000000000000,44639202.000000000000000,+37.1836583,-089.3495158,1.819038647430000,0.242680738110317,-21.463543090819414,-6.659717284663833,23.058554708704527,35.942736490701080,17.375362741194884,63.458790787683149,13.073356242695622,47.747504258675171,40.077116153349593,30.747436434321283,8.761609146164560,1.222325519144161,0.081679837993428,1.819038647193977,0.066294392908240
17,063,00424233,17063,0500000US17063,Grundy,Grundy County,06,H1,G4020,176,16980,16984,A,1082959771.000000000000000,32112492.000000000000000,+41.2924096,-088.4010545,1.387307845490000,0.096687791094517,-23.863749949655293,-15.495642544053151,25.242072649967028,26.066782560415945,14.205251168470308,51.879886979387578,10.432818649844990,38.104106660007815,31.106211157621175,14.624087801774678,3.558908049833154,0.420393195318844,0.024478948801152,1.387307844418466,0.119853765463144
17,079,00424241,17079,0500000US17079,Jasper,Jasper County,06,H1,G4020, , , ,A,1281043466.000000000000000,9334674.000000000000000,+39.0048857,-088.1507245,1.472463216650000,0.206065913831117,-22.832091053110549,-10.297755935887189,23.897586246386851,34.281210789060090,15.484938618699843,56.553948102686874,11.341032815070788,41.420267539068469,39.093302141754073,22.191992548330010,5.449071431827011,0.848177956314973,0.132767138155483,1.472463218054269,0.134197560603000
17,165,00424283,17165,0500000US17165,Saline,Saline County,06,H1,G4020, , , ,A,984186255.000000000000000,17963038.000000000000000,+37.7515083,-088.5450236,1.282824121050000,0.236732945369236,-22.907198005227151,-7.535036267610949,23.612881166214041,37.360535758769053,17.013177344046916,62.135868117811270,12.627662583923810,46.118942795655435,41.060135820968220,31.553167290334333,10.721159120216747,1.708133252581954,0.202355238515000,1.282824123416796,0.102456122449594
17,163,01784987,17163,0500000US17163,St. Clair,St. Clair County,06,H1,G4020,476,41180, ,A,1703560308.000000000000000,41809674.000000000000000,+38.4701976,-089.9285459,1.898579358620000,0.214616058277886,-21.676274616335242,-8.511154387900099,23.881156657041750,35.493463752318256,15.509918266769944,56.645639843126368,11.619802311195990,42.438843382106043,39.774780754878606,26.333363091833586,8.735851846429959,1.519097472854779,0.205170215717112,1.898579361741304,0.180164146761349
17,189,01785150,17189,0500000US17189,Washington,Washington County,06,H1,G4020, , , ,A,1457120178.000000000000000,3386079.000000000000000,+38.3531405,-089.4171873,2.064576600190000,0.208665912997092,-21.926279116881723,-8.818334664064315,23.574904566372055,35.374085608986867,15.263332920563746,55.745489730302040,11.214557525343579,40.958153973929591,38.017134904111821,22.708705123456529,6.086247745346131,1.049169361862335,0.127037203790612,2.064576602561285,0.150523365310454
17,159,00424281,17159,0500000US17159,Richland,Richland County,06,H1,G4020, , , ,A,932518180.000000000000000,4840675.000000000000000,+38.7121872,-088.0854523,1.467412869370000,0.207899660710777,-20.747676894845807,-8.469991655444229,22.475351420901010,32.717808292449412,14.525993151587958,53.051712000142963,10.376949965442368,37.899455252355985,37.416456503998461,21.110094574815751,5.064586535443592,0.725699542417953,0.102154219695311,1.467412870907234,0.097083334524594
17,145,01784940,17145,0500000US17145,Perry,Perry County,06,H1,G4020, , , ,A,1144587288.000000000000000,13199036.000000000000000,+38.0843809,-089.3685249,1.607826537200000,0.219690348608683,-22.097474928978290,-8.353594685623293,24.334723123974932,37.074877792480933,16.648545836588461,60.804524735317756,12.244613255013324,44.720307228764788,41.687930097673693,26.555918294299090,7.780724871871294,1.296118432323991,0.164037293716236,1.607826537414830,0.118892141514671
17,087,00424245,17087,0500000US17087,Johnson,Johnson County,06,H1,G4020, , , ,A,890274791.000000000000000,12813242.000000000000000,+37.4607092,-088.8821305,1.294936375400000,0.222527440505834,-21.710963606984286,-6.900606302224667,24.492134268448208,36.784917023404518,17.689868857275428,64.607779024434123,13.365643596205668,48.814637416763212,41.594222615021515,27.442533491631483,6.982489943732237,0.865670081832034,0.071817809512730,1.294936377726298,0.091970954574527
17,153,01784966,17153,0500000US17153,Pulaski,Pulaski County,06,H1,G4020, , , ,A,516105488.000000000000000,9763459.000000000000000,+37.2156152,-089.1277549,1.429299722570000,0.228338664683009,-21.813345151952287,-6.338899674882167,23.082361601410454,35.963033702399969,17.456088113925809,63.753448758875081,13.206147842117826,48.231961837469534,40.999689897741810,30.196570094936007,8.642920712535993,1.156541294911131,0.084772289984812,1.429299717798284,0.053361351447200
17,119,00424258,17119,0500000US17119,Madison,Madison County,06,H1,G4020,476,41180, ,A,1853192372.000000000000000,63157281.000000000000000,+38.8271195,-089.9002267,2.108111771690000,0.184292459359156,-21.908996842327088,-9.390988254547166,24.275037062844085,34.671502334351722,15.058583345003600,54.997354555722318,11.243492037584513,41.064083530904725,38.706283866746148,22.921274192223077,7.079489227006677,1.122431928803222,0.136810092667693,2.108111773117139,0.198771760110293
17,139,01784885,17139,0500000US17139,Moultrie,Moultrie County,06,H1,G4020, , , ,A,870127368.000000000000000,22111272.000000000000000,+39.6368956,-088.6257259,1.365979010880000,0.166310123653814,-22.824901974941898,-11.380169270087784,23.180541669492495,32.108655015228457,14.743932307163517,53.847800652157893,10.784253129782023,39.386836053651813,35.911263424206261,18.863769725683206,4.665571629860097,0.601987290314905,0.062530477974394,1.365979011924342,0.093619587084153
17,141,01784894,17141,0500000US17141,Ogle,Ogle County,06,H1,G4020,466,40300, ,A,1964903749.000000000000000,12378958.000000000000000,+42.0418840,-089.3201764,2.172771522310000,0.078493369360706,-23.802548096127126,-18.982204694083105,28.039284714467716,22.952313580591454,15.491795648822379,56.579409354313007,11.330614850402863,41.383250941551566,26.902893362127720,10.820923502823623,2.097203747765513,0.162511310697280,0.005641181831825,2.172771523915559,0.215005605742846
17,027,00424215,17027,0500000US17027,Clinton,Clinton County,06,H1,G4020,476,41180, ,A,1227502153.000000000000000,75634262.000000000000000,+38.6062953,-089.4262278,2.154165318640000,0.208279869534729,-22.615052173805815,-9.442686769674042,23.921485849504492,33.869736741058411,14.658954193749683,53.537887890054378,10.836495469529481,39.577703038887826,36.517800362651137,20.764001323853279,5.855911513453465,0.910240317442746,0.093941061313110,2.154165323315604,0.134771188640466
17,099,00422247,17099,0500000US17099,LaSalle,LaSalle County,06,H1,G4020,176,36837, ,A,2939940625.000000000000000,33828203.000000000000000,+41.3433407,-088.8859312,2.547444696070000,0.097464114053375,-23.481773745630075,-15.651119428507696,25.314571902440484,27.182288747546171,14.427645780497215,52.692633056159465,10.587844915163668,38.669765387735964,31.543364625201541,14.637039650000917,3.568953638457228,0.395043585874635,0.021557004790946,2.547444695605661,0.319921647463142
17,143,01784920,17143,0500000US17143,Peoria,Peoria County,06,H1,G4020,427,37900, ,A,1602412938.000000000000000,29919375.000000000000000,+40.7859722,-089.7669933,1.870484157780000,0.130730065410452,-23.565607747807892,-14.664404666780786,26.349536766816158,30.241023034121859,14.978680027918127,54.705108025413161,11.156111281034061,40.745397721153530,32.783285218297380,16.267581140184571,4.119638780830304,0.527774435880765,0.022050026341824,1.870484155274682,0.174151906782403
17,069,00424236,17069,0500000US17069,Hardin,Hardin County,06,H1,G4020, , , ,A,459438162.000000000000000,10482693.000000000000000,+37.5178517,-088.2661478,1.007806681810000,0.233397835492491,-22.878752318632358,-7.383065636074349,24.540211406621399,38.262473014807654,17.179179267926695,62.742095727735681,12.735203100211718,46.512278843773252,39.565094993285513,25.102127519517342,5.474015434580504,0.736401540283460,0.055638899639103,1.007806681454848,0.047818133664905
17,093,00424248,17093,0500000US17093,Kendall,Kendall County,06,H1,G4020,176,16980,20994,A,829425891.000000000000000,5122499.000000000000000,+41.5881403,-088.4306257,1.211095886630000,0.072040037492531,-24.613110354162671,-16.852317578206350,25.593061823262801,26.496687546255213,14.980877496498593,54.713529327454395,11.178455478923219,40.827102640925617,30.162694734642599,14.254034075757986,3.142446168256185,0.247938683216715,0.010578002984485,1.211095886985539,0.090118327167998
17,177,01785076,17177,0500000US17177,Stephenson,Stephenson County,06,H1,G4020,466,23300, ,A,1461392058.000000000000000,1350223.000000000000000,+42.3497262,-089.6659942,1.659834283430000,0.079630602545454,-23.517576102675566,-19.678116827117698,28.791678421014478,21.472166175370113,15.837503088328519,57.841887388353484,11.860137918591398,43.317216839492637,25.969928378883360,9.444864081084635,1.548572464961072,0.127104238844628,0.005217466606606,1.659834284495099,0.159817694874329
17,057,00424230,17057,0500000US17057,Fulton,Fulton County,06,H1,G4020,427,15900, ,A,2242138203.000000000000000,43898933.000000000000000,+40.4652401,-090.2022689,2.060472492200000,0.142383181145763,-23.587841281467114,-13.975207452398715,24.777049917991441,32.281990865665989,14.957153272541884,54.626553102466353,11.140496678035809,40.688049968713038,35.331736659288858,18.779397602911011,5.531526737829011,0.827432345208211,0.042632041360798,2.060472489914529,0.242764211179164
17,135,01784866,17135,0500000US17135,Montgomery,Montgomery County,06,H1,G4020, , , ,A,1822745305.000000000000000,15472187.000000000000000,+39.2280681,-089.4781406,2.173868322340000,0.173936513857159,-23.804728199790755,-10.733308995097881,23.802053818200189,33.904806692018617,15.404638179683209,56.261150956373967,11.458008862280744,41.847386126929841,39.951222691477398,22.640084323011116,6.842282660768478,1.067463613110030,0.126614639296893,2.173868324472075,0.191763242725684
17,115,00424256,17115,0500000US17115,Macon,Macon County,06,H1,G4020, ,19500, ,A,1503613053.000000000000000,13477733.000000000000000,+39.8602372,-088.9615288,1.745623453620000,0.153537161005224,-23.651583571258044,-12.082545947690265,23.091214013687406,33.110852540021007,15.209390012296826,55.547722990547740,11.329778235624120,41.379368990872891,37.013768707716643,20.800741946702185,5.295582916575429,0.654256559029011,0.067178603778002,1.745623458035837,0.159681025011356
17,155,00424279,17155,0500000US17155,Putnam,Putnam County,06,H1,G4020,176,36837, ,A,414649975.000000000000000,31194387.000000000000000,+41.1989613,-089.2983474,1.048363358950000,0.108840969434106,-23.235039114612672,-15.104144174337714,24.330929469199702,24.265138446024398,14.322622361296665,52.308856057262126,10.500501058538958,38.350564848771455,33.002671878932837,16.315827421912982,4.453291540690585,0.503862451081071,0.023331083279388,1.048363360566395,0.047863455754369
17,169,01785037,17169,0500000US17169,Schuyler,Schuyler County,06,H1,G4020, , , ,A,1132602766.000000000000000,10510632.000000000000000,+40.1569048,-090.6134641,2.018094175230000,0.147161411092696,-23.937282828444392,-12.905555435795234,24.511060252442856,32.968650633821177,14.642819909273388,53.478778149880185,10.708211724547338,39.109397207843152,35.520887350415954,19.485447047017193,6.158535241104147,0.978136117242081,0.069587701408274,2.018094172597038,0.120836146890358
17,103,00424253,17103,0500000US17103,Lee,Lee County,06,H1,G4020,221,19940, ,A,1877142078.000000000000000,9779872.000000000000000,+41.7474465,-089.2993616,2.070273242790000,0.083166005958989,-23.925707089201428,-18.186562338017715,27.195362922553471,24.772944473883669,14.888428200886011,54.376137209734758,10.959019485109547,40.025848399494912,27.683360165091564,11.831370356173837,2.560998620838161,0.233711250988731,0.005744463576315,2.070273245323149,0.204243885295753
17,175,00424288,17175,0500000US17175,Stark,Stark County,06,H1,G4020,427,37900, ,A,746189904.000000000000000,684784.000000000000000,+41.0969077,-089.7974111,1.212334519970000,0.126342906982598,-24.344712328626503,-16.214593588432336,26.212407594595184,25.338203585578270,14.761729602286373,53.912441287379558,10.792148603549048,39.415749134136867,30.963292767691886,13.412234399746582,3.135496567853723,0.331691957546003,0.010876542617395,1.212334522012198,0.080046746128763
17,017,00424210,17017,0500000US17017,Cass,Cass County,06,H1,G4020, , , ,A,973198198.000000000000000,20569928.000000000000000,+39.9692024,-090.2457045,1.875509658070000,0.149122042413846,-24.010154032947753,-12.621890798452359,24.171370807898711,32.497121521215917,14.709444304070848,53.721548307853197,10.761960582724889,39.305241817791490,37.316119825242609,19.818311259666498,6.108068099964327,0.975696972995003,0.063968620423732,1.875509656174392,0.104769534647343
17,201,01785216,17201,0500000US17201,Winnebago,Winnebago County,06,H1,G4020,466,40420, ,A,1328789495.000000000000000,15877063.000000000000000,+42.3373957,-089.1612053,1.613398211120000,0.065100773087334,-23.488691977519213,-18.434665056427828,28.208895462384831,24.562077197215217,15.365248377278562,56.117176956047942,11.343337444785071,41.429547894021304,27.645006790189861,11.643856449582563,2.458249260249554,0.208285828166166,0.009934327500967,1.613398207994054,0.146883410992749
17,185,00424293,17185,0500000US17185,Wabash,Wabash County,06,H1,G4020, , , ,A,578403989.000000000000000,10973571.000000000000000,+38.4458209,-087.8391674,1.763273261910000,0.209279402276579,-22.470615400457515,-8.217548643108765,22.581995159368262,35.008901932318736,15.577435316953720,56.891213482352200,11.509610268711091,42.036050878326606,39.442186916415807,25.434591802875389,7.093189834505577,0.889194611923104,0.106081563333028,1.763273260462065,0.060770169420814
17,073,00424238,17073,0500000US17073,Henry,Henry County,06,H1,G4020,209,19340, ,A,2132042739.000000000000000,6481370.000000000000000,+41.3500209,-090.1308378,1.966158506120000,0.125759947416283,-24.335377109528849,-16.744619720909551,26.295855414947102,31.137893638156665,15.439510955936308,56.388339659735060,11.486660818344930,41.952553220892355,32.375657700208968,15.816369813810157,4.282075851434888,0.426056408640260,0.015344035020908,1.966158507505311,0.230096271423360
17,109,01784729,17109,0500000US17109,McDonough,McDonough County,06,H1,G4020, ,31380, ,A,1526291866.000000000000000,2060301.000000000000000,+40.4558082,-090.6789543,1.624835488850000,0.149263702579612,-22.743007422033752,-13.726200813962295,24.140518176261843,30.505988575094833,14.523609701015872,53.043426808591342,10.867084879696272,39.689674038972669,34.193511637369184,17.833376217675131,5.074099220419743,0.748798043902305,0.046831768360507,1.624835486946781,0.162262722385580
17,065,00424234,17065,0500000US17065,Hamilton,Hamilton County,06,H1,G4020, , , ,A,1125745190.000000000000000,3158473.000000000000000,+38.0852273,-088.5390093,1.363204427840000,0.217304157530001,-22.731797091381551,-8.345740110403195,23.637607791092158,36.627003623327901,16.360193324996320,59.750429303253078,11.885127337163823,43.407557821209672,39.763256360521531,27.617534838954612,8.231019591422418,1.264889144679213,0.148973858027642,1.363204430645614,0.115922865433274
17,021,00424212,17021,0500000US17021,Christian,Christian County,06,H1,G4020,522,45380, ,A,1837552893.000000000000000,16227346.000000000000000,+39.5455242,-089.2795927,2.024309927320000,0.159447238398835,-24.257763670199651,-11.595453233071037,24.014323163765745,34.001832898186613,15.542309617705644,56.763838745606321,11.428246528375299,41.738791147710728,39.221610093116354,21.350368950531212,5.859538709899335,0.917960269808787,0.102199531368994,2.024309936455219,0.194246994870311
17,171,00424286,17171,0500000US17171,Scott,Scott County,06,H1,G4020,522,27300, ,A,649542040.000000000000000,4814547.000000000000000,+39.6370016,-090.4777707,1.155593802320000,0.157404726053474,-23.609697562640303,-11.497178952592344,25.304952171417707,33.861076488328230,14.556700598260866,53.163306012111967,10.654697707501835,38.913681762985178,37.208502225887777,19.684544512031760,5.985539504400262,1.055675142784232,0.084265836222224,1.155593803223956,0.068661954433284
17,081,00424242,17081,0500000US17081,Jefferson,Jefferson County,06,H1,G4020, ,34500, ,A,1479496305.000000000000000,32544477.000000000000000,+38.3007796,-088.9242100,1.590185345940000,0.220211961038328,-21.526315401990370,-8.649345921234783,24.030233362991783,35.027747105573802,15.414020547972688,56.295080862748890,11.525206524234424,42.092784554936593,37.997691581981634,21.852604264733063,5.486451917777919,0.757329195323833,0.082035706387600,1.590185344205456,0.155725530279968
17,097,01784796,17097,0500000US17097,Lake,Lake County,06,H1,G4020,176,16980,29404,A,1149124986.000000000000000,2394833743.000000000000000,+42.1859677,-087.8059389,1.651983121960000,-0.036395516604180,-25.428809700161715,-19.264703855539466,29.610603651337016,22.335551389713306,13.567733250375818,49.552070214836071,9.692453608090199,35.401258795285848,19.605962472996676,7.410285854210393,1.440501411605771,0.112745535647805,0.003229397270979,1.651983123246519,0.133065140035486
17,055,00424229,17055,0500000US17055,Franklin,Franklin County,06,H1,G4020, , , ,A,1059137475.000000000000000,58368794.000000000000000,+37.9918516,-088.9263215,1.619776008370000,0.226686007338221,-22.152547179805762,-8.139117581117421,24.380537596277062,38.049814525019499,16.911144827213128,61.763184031884066,12.539780249756035,45.797925344731738,41.565308902806514,27.427059782814982,8.076330405420144,1.213869110751246,0.134493452073770,1.619776009802833,0.114614997503351
17,083,00424243,17083,0500000US17083,Jersey,Jersey County,06,H1,G4020,476,41180, ,A,957144905.000000000000000,20332592.000000000000000,+39.0801945,-090.3613850,1.630021845960000,0.191160208730006,-23.320096727157186,-10.421093277494505,25.116350138948420,35.162435683029500,15.550219611338946,56.792133743157301,11.798465157274590,43.090516074782997,39.591835043216790,24.276363830266209,7.804092062726327,1.417092839014714,0.161355899139569,1.630021844185901,0.101720616087253
17,183,01785114,17183,0500000US17183,Vermilion,Vermilion County,06,H1,G4020,169,19180, ,A,2326639022.000000000000000,7527081.000000000000000,+40.1867546,-087.7267776,2.110133037870000,0.140463415919272,-24.392298598942023,-13.226461833670427,25.273270776417579,32.804472723043247,15.800518396053908,57.706948951756168,12.003147404890777,43.838511303599994,35.181113700067570,18.032056178826636,4.052761263505883,0.435969303083209,0.038536426655336,2.110133038011348,0.246825085942418
17,007,00424205,17007,0500000US17007,Boone,Boone County,06,H1,G4020,466,40420, ,A,727137091.000000000000000,3338156.000000000000000,+42.3189831,-088.8242951,1.150290714580000,0.027097254112275,-24.008780485505934,-18.382261855895603,27.017457719470652,22.508580056726728,14.572154137954461,53.220396439370184,10.746479218521250,39.249509490586547,26.155768175192350,11.718599844901073,2.496851022587899,0.196284347520371,0.005719461275830,1.150290714019305,0.079771379806375
17,137,00424270,17137,0500000US17137,Morgan,Morgan County,06,H1,G4020,522,27300, ,A,1473595806.000000000000000,9053547.000000000000000,+39.7176572,-090.2049929,2.011451701920000,0.161352218859123,-23.876109356926431,-12.169797021601754,25.475628007006769,32.316653350304342,14.921725280228371,54.496924746748263,10.887440610611506,39.763771963989768,37.933911692945706,19.214283047924752,5.292316077253960,0.877610791960636,0.067314200313760,2.011451703058487,0.155733751766979
17,161,00424282,17161,0500000US17161,Rock Island,Rock Island County,06,H1,G4020,209,19340, ,A,1107212317.000000000000000,61631338.000000000000000,+41.4684205,-090.5721252,2.554242549700000,0.127740802499533,-23.715973830167698,-16.489836657745528,26.525165276847535,32.053967443918197,15.311348824990054,55.920433327007821,11.546769284365887,42.172673846134671,31.195847635950503,15.452031326956471,3.866814630717601,0.409425201908426,0.011552452163277,2.554242549498376,0.125849772631042
17,111,01784815,17111,0500000US17111,McHenry,McHenry County,06,H1,G4020,176,16980,16984,A,1562806157.000000000000000,19855932.000000000000000,+42.3242982,-088.4522450,1.696252172440000,-0.016757372784989,-24.402740408916227,-19.021911552572561,27.315218807022866,20.546200629403472,14.145452725023739,51.662117450237190,10.351589092756228,37.807761874094645,23.885082805615788,10.177444136827766,2.103675044794172,0.162943932556421,0.002612205873059,1.696252171813441,0.172837099763269
17,037,00422190,17037,0500000US17037,DeKalb,DeKalb County,06,H1,G4020,176,16980,20994,A,1635155498.000000000000000,8560431.000000000000000,+41.8946145,-088.7689224,1.753754581340000,0.052814353504678,-23.979409879967076,-18.870462734657270,26.943563881476280,23.598545714425725,14.859810354447577,54.271533647814870,10.862843260743773,39.674292737812863,26.013129079774377,10.607695940565097,1.979959914498837,0.139282674559060,0.003732595779051,1.753754581351832,0.178323203675960
