STATEFP,COUNTYFP,COUNTYNS,GEOID,GEOIDFQ,NAME,NAMELSAD,LSAD,CLASSFP,MTFCC,CSAFP,CBSAFP,METDIVFP,FUNCSTAT,ALAND,AWATER,INTPTLAT,INTPTLON,Shape_Leng,dry_days,dry_spells,pr_anz90,pr_anz95,pr_anz99,pr_annual,pr_danz90,pr_danz95,pr_danz99,pr_dge1in,pr_dge2in,pr_dge3in,pr_dge4in,pr_dge5in,prmax1day,prmax5day,prmax10day,wet_spell,wet_days,Shape_Length,Shape_Area
17,015,00424209,17015,0500000US17015,Carroll,Carroll County,06,H1,G4020, , , ,A,1153597409.000000000000000,55881823.000000000000000,+42.0708996,-089.9241898,1.761081195090000,-1.082642427043800,-0.240337331708235,1.384604095391331,1.439390514813913,0.893088786474931,1.630066914797967,0.611842975412349,0.658816317761346,0.321455474981496,0.621982858168044,0.340541608509757,0.078916782302500,0.027649432229554,0.015650232382864,0.238005666455082,0.287698739623413,0.317222016492828,0.056839429830858,1.082643280553236,1.761081193945115,0.131532834248581
17,043,00422191,17043,0500000US17043,DuPage,DuPage County,06,H1,G4020,176,16980,16984,A,849236415.000000000000000,22006224.000000000000000,+41.8520577,-088.0860389,1.284918945090000,-1.126920698473856,0.049275701413760,1.569439199936358,1.401002882586861,0.770544990674671,1.942642086838172,0.767626048372465,0.616597036986061,0.215582328593068,0.747512196827235,0.237807111484309,0.070426531166156,0.033386416502474,0.023965987209952,0.323134025559732,0.391664023092569,0.459006699151710,0.030559717720658,1.126922926068991,1.284918945183785,0.094458450629890
17,133,01784865,17133,0500000US17133,Monroe,Monroe County,06,H1,G4020,476,41180, ,A,997924032.000000000000000,33756312.000000000000000,+38.2779831,-090.1790777,1.568861752230000,-1.165810789033308,0.388627790879129,2.056815809816800,1.830696079475020,1.263576359242270,2.344738945363461,0.877592316948541,0.686880790593565,0.369031068141034,0.898423766452607,0.452037700349920,0.194625505188055,0.095823126286445,0.036951613013945,0.332268526427972,0.438506307393530,0.471316337364890,0.277697772094638,1.165809926682441,1.568861753805904,0.106167838212736
17,157,01784967,17157,0500000US17157,Randolph,Randolph County,06,H1,G4020, , , ,A,1490194102.000000000000000,56150220.000000000000000,+38.0565149,-089.8212096,1.978064407330000,-0.817131721182977,0.294367115330586,1.957101563527179,1.734982098993247,1.073988591190383,2.139563058961941,0.846475601565875,0.668924808438613,0.305305669768534,0.856610957036739,0.412018839275217,0.159554428327369,0.073268022613265,0.040943262510890,0.303368154204193,0.402067657923362,0.438727764835810,0.144023696068871,0.817131331488578,1.978064413440576,0.158501804787295
17,149,01784941,17149,0500000US17149,Pike,Pike County,06,H1,G4020, , , ,A,2153190712.000000000000000,45251538.000000000000000,+39.6251059,-090.8890344,2.317944000350000,-1.139534425142565,0.258659377313390,1.785992961462868,1.696172227815623,0.877005201809231,1.943789722078795,0.826957254633608,0.751238452744022,0.281961528312201,0.839288242617444,0.372640037409253,0.104373216565742,0.035300197691743,0.016412975370807,0.247399365921420,0.242896087877742,0.317063119105706,0.131601842004868,1.139534915596357,2.317943999125090,0.230564953142434
17,203,01785231,17203,0500000US17203,Woodford,Woodford County,06,H1,G4020,427,37900, ,A,1366366883.000000000000000,39858698.000000000000000,+40.7897888,-089.2105875,1.861819457300000,-1.517596234817518,0.213814655093744,1.986244070491724,1.794975118854294,0.839087346578106,2.155993449827322,1.110897904828963,0.944184427696673,0.308485582378419,1.097944898006630,0.277414755414878,0.077868665738171,0.024062056232512,0.013232551789546,0.203593089375212,0.270218652684238,0.348632787189964,0.125866591915844,1.517597210875294,1.861819455035893,0.150029135016348
17,001,00424202,17001,0500000US17001,Adams,Adams County,06,H1,G4020,448,39500, ,A,2214827090.000000000000000,41753385.000000000000000,+39.9860525,-091.1949607,2.007785956680000,-1.004844928205559,0.449720086455524,1.992690303452768,1.792092113013319,0.967384188609769,2.090276843585462,0.938468676328078,0.764476700959093,0.290432811783276,0.925871699574229,0.384567930484051,0.159912482718156,0.057852541272708,0.019501161488858,0.296306804507647,0.347090479854875,0.413742740224255,0.093264447814441,1.004844586976880,2.007785956334727,0.237918680493900
17,075,00424239,17075,0500000US17075,Iroquois,Iroquois County,06,H1,G4020, , , ,A,2894072162.000000000000000,4208707.000000000000000,+40.7488665,-087.8336010,2.229104709670000,-1.983797779453589,0.394589824621195,2.222718052557074,1.939748929565952,1.013289581543429,2.651520445972471,1.182482357326129,0.925046246565654,0.346952786793457,1.130493213264526,0.365054519443892,0.105207348026961,0.036870989627776,0.014142684629851,0.269056261089069,0.368550356625302,0.469042929792823,0.156169256333225,1.983797590516353,2.229104711503381,0.309023090555729
17,053,00424228,17053,0500000US17053,Ford,Ford County,06,H1,G4020,169,16580, ,A,1257690139.000000000000000,1640595.000000000000000,+40.5965386,-088.2245882,2.245098577230000,-1.838159916150294,0.323204333620770,2.118314246734926,1.781074602622619,1.067121117383149,2.664659315732378,1.104465103824423,0.808925892605950,0.351200878382789,1.075754260055273,0.360722586563641,0.119401032773269,0.039315902289012,0.021113021243731,0.298710595744875,0.358396233845471,0.463404483554729,0.135613419253122,1.838159687939227,2.245098576470087,0.133978554328545
17,147,00424275,17147,0500000US17147,Piatt,Piatt County,06,H1,G4020,169,16580, ,A,1137492093.000000000000000,754122.000000000000000,+40.0090327,-088.5923546,1.478463080930000,-1.853960125483190,0.467352431001246,1.796973694096175,1.383077153933278,0.671995357003402,2.480468532338535,1.077922899220374,0.682580437654074,0.233102133507009,0.968945737514363,0.236726611042643,0.087798585102858,0.019106224832990,0.003518783357513,0.167153257084274,0.256985631517323,0.304111105250230,0.127716874206400,1.853960298598003,1.478463080934634,0.120065242328232
17,077,00424240,17077,0500000US17077,Jackson,Jackson County,06,H1,G4020,166,16060, ,A,1511448965.000000000000000,48302865.000000000000000,+37.7860959,-089.3812119,1.831825879960000,-0.866684705526849,0.131362172143306,2.011994640709939,1.678452874308984,0.883048133030955,2.204730910533999,0.995333727568546,0.716450487120577,0.272150838252294,1.020906182028217,0.370637209972137,0.113308577354714,0.035689077425502,0.027433468889944,0.235615963655464,0.340506585234193,0.440868221937030,0.192210983066556,0.866685780798512,1.831825884079372,0.159521978922476
17,061,00424232,17061,0500000US17061,Greene,Greene County,06,H1,G4020, , , ,A,1406736598.000000000000000,8423898.000000000000000,+39.3554391,-090.3876823,1.824313476320000,-1.101790108724072,-0.154569912624011,1.726389626943989,1.687740995341033,0.885873938826507,2.072592033582085,0.788017889232526,0.756662681507967,0.293029828541790,0.822582596537973,0.359325055945697,0.096678441726244,0.040075061381337,0.013596798874030,0.239704129123392,0.242493507964132,0.328834053287651,0.149108534402446,1.101790168420020,1.824313476771584,0.147889457446217
17,101,00424252,17101,0500000US17101,Lawrence,Lawrence County,06,H1,G4020, , , ,A,963938120.000000000000000,5076511.000000000000000,+38.7189542,-087.7302207,1.402426363110000,-1.628811826398775,0.624023397632427,2.027032543041034,1.860021790408933,1.002557153900217,2.505035759891518,0.982517018978461,0.841925616740751,0.339305159978245,1.030375322127803,0.422792103334281,0.116306894434589,0.036374164879600,0.012240698279795,0.195725677333174,0.276442059214065,0.364941862306022,0.127786350984647,1.628810722314972,1.402426363312364,0.100339712273579
17,067,00424235,17067,0500000US17067,Hancock,Hancock County,06,H1,G4020, , , ,A,2055798710.000000000000000,53563365.000000000000000,+40.4013180,-091.1688008,2.028387415640000,-1.034404616587320,0.367348277921580,1.872157240507322,1.662448812011017,1.001432112381085,2.118755576198163,0.847986330029597,0.665461303301518,0.308290351014408,0.883907540645033,0.421383684374938,0.134403558554351,0.054494617666932,0.024487092478060,0.290188598209662,0.390733372282383,0.444395141851042,0.035137785193594,1.034404932366840,2.028387415775581,0.223531666977589
17,025,00424214,17025,0500000US17025,Clay,Clay County,06,H1,G4020, , , ,A,1213023045.000000000000000,3064499.000000000000000,+38.7468187,-088.4823254,1.713349087150000,-1.098987592240671,0.488331303211047,1.900391785966621,1.808076441618238,0.904892726255209,2.326570880278337,0.864542892163057,0.785271438288721,0.274388992910795,0.906341051493430,0.370340365220114,0.142257115874825,0.042727162791675,0.026527765013264,0.262917408572955,0.377339768173671,0.453194585043450,0.219316342959750,1.098987786199277,1.713349086696352,0.126024181989256
17,071,00424237,17071,0500000US17071,Henderson,Henderson County,06,H1,G4020,161,15460, ,A,981068776.000000000000000,42565933.000000000000000,+40.8144710,-090.9412464,1.551404578360000,-1.483719271127534,0.044577185470281,1.697148990524997,1.601807302630583,0.789748260572348,1.891784659384824,0.905561804225987,0.814404777111751,0.281354592834385,0.876821225619886,0.287740229977237,0.082931211434070,0.019435694281182,0.003592234395660,0.213002004283722,0.326653103102253,0.376717472898446,0.038775346552519,1.483718162537192,1.551404576083593,0.109230076562488
17,041,00424222,17041,0500000US17041,Douglas,Douglas County,06,H1,G4020, , , ,A,1079117766.000000000000000,1441160.000000000000000,+39.7660778,-088.2228669,1.526174570270000,-1.824652720636379,0.843939291466378,1.482464987128121,1.322826619669702,0.517658848379600,2.128062962656467,0.865432476332651,0.727472383561278,0.209106096716135,0.870102753207746,0.184282688385555,0.017676582799834,0.014022884428579,0.002525067453239,0.088832634230210,0.179276462455199,0.253856811090956,0.151440472877371,1.824653868466408,1.526174569325339,0.113586468496641
17,181,01785113,17181,0500000US17181,Union,Union County,06,H1,G4020, , , ,A,1070733038.000000000000000,22538656.000000000000000,+37.4856521,-089.2446391,1.555339700480000,-0.185413001596788,0.251114494125930,1.800326742593235,1.630925887932192,0.726986850611102,1.654790043079777,0.814306763623140,0.689903676923555,0.216749005592374,0.843967037756975,0.408275830057195,0.101577988495477,0.030624562775278,0.024965497209850,0.201402906152365,0.302193323761621,0.375958964793441,0.116143769730856,0.185412715313282,1.555339700230414,0.111305968583066
17,091,00424247,17091,0500000US17091,Kankakee,Kankakee County,06,H1,G4020,176,28100, ,A,1752101320.000000000000000,12459008.000000000000000,+41.1395105,-087.8611165,2.033784995930000,-2.023566527258936,0.232156811259002,2.207227724490334,1.942186857045353,0.849486238530138,2.739217927851449,1.140919435757905,0.905678049428650,0.252440494043576,1.113989979917893,0.339224826976644,0.124295865422017,0.050679109489845,0.023209392421215,0.287944309891740,0.394188715315644,0.485061599138709,0.143311983331639,2.023566581687388,2.033784996090596,0.189241513980825
17,127,01784730,17127,0500000US17127,Massac,Massac County,06,H1,G4020,424,37140, ,A,614222111.000000000000000,12780838.000000000000000,+37.2161190,-088.7056578,1.196806849610000,-0.331978840845855,0.232361426466615,1.652782506336287,1.475362356068818,0.803708361327182,1.484945364141339,0.774597481704478,0.630030164416419,0.240484050600895,0.820244390393302,0.275931874985929,0.103707987664572,0.033711467570875,0.026094515174817,0.196586810002684,0.352344863885825,0.408793296103815,0.261767582946987,0.331979785895373,1.196806849835246,0.063599877908703
17,197,01785190,17197,0500000US17197,Will,Will County,06,H1,G4020,176,16980,16984,A,2164990677.000000000000000,34485763.000000000000000,+41.4484742,-087.9784563,2.497241836560000,-1.638281820089466,0.397265004978696,1.903211550856969,1.551991039050035,0.848686066680714,2.454718143760734,0.990766344076157,0.676607378522201,0.241840654174125,0.947441821149298,0.303583302768261,0.092318938291995,0.042904389385706,0.026564029717398,0.307357000221677,0.393243056050035,0.474828414785484,0.073007388074182,1.638281541274532,2.497241840166248,0.236982158168716
17,173,01785051,17173,0500000US17173,Shelby,Shelby County,06,H1,G4020, , , ,A,1964526143.000000000000000,24749348.000000000000000,+39.3849162,-088.7988651,2.213360806880000,-1.593003112714475,0.830843366567034,1.917742336964025,1.707852236897855,0.765939441730698,2.325516395673168,1.026922937059810,0.846181067495056,0.271163436725207,1.007384873812583,0.322761124933110,0.079800395250592,0.022141295395394,0.005933237297377,0.171131925677671,0.256663909418333,0.351465426848284,0.186289640665063,1.593003118871206,2.213360808159754,0.207989279519342
17,051,00424227,17051,0500000US17051,Fayette,Fayette County,06,H1,G4020, , , ,A,1855600276.000000000000000,22898580.000000000000000,+39.0011246,-089.0179232,2.082191822140000,-1.343143313638180,0.680531979379024,1.962954102341457,1.875781112994730,0.880167888825289,2.367064416034695,0.956199681280463,0.884192593211662,0.300085245757150,1.001014257203584,0.372673578049085,0.101126065997738,0.034529644714361,0.008755637892605,0.182300665515232,0.295367051281018,0.436217734580460,0.166490735812097,1.343143298568620,2.082191821231034,0.195334717785440
17,117,00424257,17117,0500000US17117,Macoupin,Macoupin County,06,H1,G4020,476,41180, ,A,2235146415.000000000000000,12194715.000000000000000,+39.2659138,-089.9263301,1.951467595340000,-1.342406305378056,-0.206789086414222,1.759998132577401,1.607574629993880,0.839730459645094,2.152093746507813,0.842715035401716,0.719994935797756,0.279506184502375,0.837105368503016,0.360975996941544,0.104015207470943,0.025317042300565,0.012372708439624,0.209905579400472,0.227447989193390,0.330926344531760,0.114713674775446,1.342406954704474,1.951467594323931,0.234541969354084
17,195,01785167,17195,0500000US17195,Whiteside,Whiteside County,06,H1,G4020,221,44580, ,A,1771808926.000000000000000,31883751.000000000000000,+41.7506748,-089.9110053,1.982103975280000,-1.385989406834883,-0.012523271480982,1.425658088006377,1.481195612938393,0.933917311140169,1.760287624532482,0.614949032083669,0.677753557781915,0.317935893610164,0.666785657086248,0.324931593389858,0.107670512268485,0.045188366337204,0.016071094967229,0.258781016921185,0.293803954366195,0.345811402386753,0.135474800072512,1.385990146167797,1.982103973498796,0.195245650484068
17,107,00424255,17107,0500000US17107,Logan,Logan County,06,H1,G4020,522,30660, ,A,1600748259.000000000000000,2262329.000000000000000,+40.1292768,-089.3653086,1.725008940230000,-1.474971748589968,0.341431723613201,1.778505066662107,1.573526011290346,0.768738830641254,2.170229636203615,0.972714432600656,0.773585512499327,0.262213501695409,0.876999322751469,0.279666606502017,0.080579293748094,0.027761418907964,0.011886744761678,0.227206213065928,0.319514428982455,0.321565583962871,0.222949660257144,1.474971500214212,1.725008939454300,0.169368894407941
17,029,00424216,17029,0500000US17029,Coles,Coles County,06,H1,G4020, ,16660, ,A,1316418025.000000000000000,4650073.000000000000000,+39.5136797,-088.2207820,1.636399833600000,-1.816377630805087,0.655002131964258,1.748155501075889,1.516738197916449,0.733345024518034,2.123422065510851,1.012570892345833,0.786061533597762,0.288826331671476,0.912740298740809,0.257049234491238,0.051720663433124,0.002162373271829,-0.002359059506099,0.139835189452600,0.231465897873994,0.342276229610867,0.159657421499768,1.816377424297103,1.636399832142740,0.138376882930111
17,131,01784750,17131,0500000US17131,Mercer,Mercer County,06,H1,G4020,209,19340, ,A,1453604386.000000000000000,19411909.000000000000000,+41.2056046,-090.7417698,1.778514382560000,-1.199478899624422,-0.027202182527137,1.665290632360594,1.597092421707955,0.911477248123011,1.815581111891122,0.785191126110723,0.728877668308126,0.315837959109882,0.805835945533030,0.354893023943811,0.086137165796768,0.027863946582729,0.016117554344369,0.233325072908497,0.314706815008723,0.360030469326833,0.079375098454784,1.199478007526308,1.778514384119255,0.158098949110133
17,011,00424207,17011,0500000US17011,Bureau,Bureau County,06,H1,G4020,176,36837, ,A,2250884555.000000000000000,11523912.000000000000000,+41.4013043,-089.5283772,2.249142807100000,-0.942633231388200,0.293148797092968,1.863507506219244,1.588773203316572,0.970263590002184,1.971453648772039,0.966654902624348,0.716243390661917,0.315704996010168,0.917234585944109,0.312531343278323,0.114990667981015,0.053503499932664,0.024474485447276,0.314072575359496,0.403454723448471,0.432893731819785,0.153270436690585,0.942633501845485,2.249142805739438,0.243613748931615
17,167,01785010,17167,0500000US17167,Sangamon,Sangamon County,06,H1,G4020,522,44100, ,A,2248704917.000000000000000,22747684.000000000000000,+39.7568863,-089.6624350,2.486167954160000,-1.819059108803193,0.193540868121084,1.892009649676482,1.596583268148313,0.767391415207077,2.309638225718704,1.111186311557980,0.817558843380559,0.284372707154814,0.943136717725878,0.279575145042053,0.070553827627231,0.025724552577548,0.007716188644673,0.218550115702289,0.248925347038747,0.300013579066807,0.170122112464295,1.819058448937621,2.486167958152293,0.238732960090115
17,113,01784833,17113,0500000US17113,McLean,McLean County,06,H1,G4020,145,14010, ,A,3064597294.000000000000000,7804856.000000000000000,+40.4945594,-088.8445391,2.557014686770000,-1.693726959075204,0.354451781484552,1.899680774275547,1.663650171495559,0.843423284053784,2.304581403358740,1.049673385996947,0.835185907668680,0.294176082361934,1.017340941058735,0.298306178231584,0.082612945763991,0.030214768313613,0.013112343484171,0.236260989068964,0.299249722807177,0.350643836195968,0.177188425465287,1.693727120952610,2.557014685930990,0.326358155206936
17,005,00424204,17005,0500000US17005,Bond,Bond County,06,H1,G4020,476,41180, ,A,985066653.000000000000000,6462629.000000000000000,+38.8859240,-089.4365916,1.349400619390000,-1.237751730800527,0.534067569694770,1.924870378180981,1.715387859064816,0.887923989883481,2.344155719257431,0.932931067031107,0.756956614970954,0.293549540740560,1.018300171333780,0.397797187062094,0.109327415009050,0.048578192779069,0.009518730116964,0.174133599549606,0.250780818190574,0.369552471324280,0.186443606173908,1.237750663426260,1.349400622866312,0.102941469533280
17,009,00424206,17009,0500000US17009,Brown,Brown County,06,H1,G4020, , , ,A,791828624.000000000000000,4144346.000000000000000,+39.9620694,-090.7503095,1.403237361980000,-1.562501041223042,-0.049294592678720,2.113365591494487,1.918390445473281,0.981106640516956,2.427975827050946,1.014940961434559,0.844691142624521,0.309981763102432,1.120155638633481,0.405926231495168,0.145717135559409,0.052790921230963,0.017891020554430,0.295481285679157,0.295422430684521,0.407144886571705,0.139817966901251,1.562500740770915,1.403237358698351,0.083902450813199
17,095,00424249,17095,0500000US17095,Knox,Knox County,06,H1,G4020, ,23660, ,A,1855351760.000000000000000,8914499.000000000000000,+40.9309446,-090.2137921,1.785567340620000,-1.742473315568857,0.036942143501766,1.637056378168945,1.543464743441278,0.883913934959246,1.979713777804782,0.798042460455991,0.708399917145874,0.294565722973111,0.753721776318104,0.297074240031439,0.087297398165824,0.037342668611764,0.021903524671016,0.268155189243385,0.344813656184611,0.382255163441683,0.166211617645885,1.742474083925728,1.785567340751222,0.199322313340502
17,019,00424211,17019,0500000US17019,Champaign,Champaign County,06,H1,G4020,169,16580, ,A,2579898008.000000000000000,6110542.000000000000000,+40.1389845,-088.1969749,2.108476057590000,-1.942966844936191,0.564116225067462,1.551534952180397,1.179246916351117,0.633722234144314,2.093299944662994,0.950058214163015,0.591288213053424,0.223540131375355,0.808583922174274,0.205590740712860,0.059544011703895,0.020749668179287,0.008702815063129,0.162045588825219,0.226062084546219,0.288296021209543,0.126292550232661,1.942966649010686,2.108476057660813,0.273291281541916
17,045,00424224,17045,0500000US17045,Edgar,Edgar County,06,H1,G4020, , , ,A,1614400671.000000000000000,1565052.000000000000000,+39.6790370,-087.7471102,1.750502255130000,-1.684722355048011,0.869833986961942,1.876233430697043,1.635314986819040,0.895663157606234,2.210031290299438,0.996750094969519,0.772446710389308,0.325562293082908,0.938181165297850,0.335938657528103,0.077255326931668,0.023296463791117,0.008244158146438,0.215298981703285,0.260344234400361,0.337428287027693,0.123188440025252,1.684721637050182,1.750502251487850,0.169641004850937
17,049,00424226,17049,0500000US17049,Effingham,Effingham County,06,H1,G4020, ,20820, ,A,1240001925.000000000000000,3178181.000000000000000,+39.0479445,-088.5928488,1.498475138040000,-1.503132523913636,0.982323728966171,1.976845548540217,1.843167842984041,0.742412268591816,2.366659271642463,0.994547884751938,0.892891943812092,0.253982417332543,1.039701173482473,0.360717478859455,0.082897062575368,0.017275236881224,0.006717865049313,0.151769679736239,0.222331283684602,0.328330207477555,0.203721775687512,1.503132664750270,1.498475138872528,0.129378548184885
17,035,00424219,17035,0500000US17035,Cumberland,Cumberland County,06,H1,G4020, ,20820, ,A,895995630.000000000000000,2532358.000000000000000,+39.2731210,-088.2406193,1.332088898390000,-1.890474620989111,0.902150471572832,1.920111149673672,1.725970490614557,0.748212413345610,2.340573316034201,1.051824288594427,0.877750017692492,0.261899300211449,1.012290368368018,0.285340085146677,0.077159273118152,0.021439700157799,0.011457146312108,0.170645910982935,0.223019222900518,0.361085596481045,0.115073270372030,1.890475215174914,1.332088898176529,0.093790106596425
17,033,00424218,17033,0500000US17033,Crawford,Crawford County,06,H1,G4020, , , ,A,1149031270.000000000000000,5744817.000000000000000,+39.0027865,-087.7606193,1.717445706880000,-1.430251647789091,0.710844619570523,1.994504420442385,1.853995540640642,0.908058741129970,2.452888302329567,0.994546111263723,0.868618665083809,0.304341453225283,0.957048823679816,0.327198107590233,0.101533488119003,0.038664893462280,0.014387849754127,0.219322741060535,0.311021817153551,0.421259829281350,0.094262554801956,1.430252170983136,1.717445706198317,0.120047776633419
17,179,01785094,17179,0500000US17179,Tazewell,Tazewell County,06,H1,G4020,427,37900, ,A,1674390616.000000000000000,29668273.000000000000000,+40.5080743,-089.5162598,2.059346136650000,-1.254318350658309,0.345361259855632,1.652149864427208,1.542513395351986,0.766117676354036,1.960409861069727,0.901066483857095,0.802133956766686,0.280612854989174,0.884906361775704,0.247043502080415,0.073724306659891,0.022645998789419,0.009652832426114,0.198418128633752,0.257218652163068,0.278888703466523,0.204639176959148,1.254318938271998,2.059346137431355,0.181053345813695
17,151,00424277,17151,0500000US17151,Pope,Pope County,06,H1,G4020, , , ,A,955362038.000000000000000,14662240.000000000000000,+37.4171687,-088.5423737,1.604260640810000,-0.059034711251055,0.703674716989521,1.822398857202920,1.596916318209198,0.776684495718967,1.545574018054472,0.829450267780048,0.652799293973205,0.222211997004578,0.854050957877211,0.383657258708672,0.108918001885080,0.053992289915767,0.026860686911744,0.207109347488831,0.332792449112745,0.428554845189287,0.159295491704576,0.059033633618488,1.604260639364448,0.098697510667542
17,129,00424266,17129,0500000US17129,Menard,Menard County,06,H1,G4020,522,44100, ,A,814269348.000000000000000,2640418.000000000000000,+40.0225693,-089.7941326,1.553891095170000,-1.539357335391732,0.058815409453087,2.141595014831315,1.908984577166588,0.855471173601317,2.404527762232094,1.140918826796188,0.932262672902536,0.285768569964812,1.137781834349607,0.340277085690199,0.113105201432850,0.032811337440242,0.008506406481385,0.270345669866788,0.262110991448479,0.360529077594732,0.175017495636511,1.539356975375471,1.553891092571984,0.086190873306336
17,123,00424260,17123,0500000US17123,Marshall,Marshall County,06,H1,G4020,427,37900, ,A,1001865238.000000000000000,30343574.000000000000000,+41.0311192,-089.3423714,1.712604689610000,-1.368959311664501,-0.126641359458617,2.097233755104016,1.815999051751775,0.939791478193176,2.184277645217526,1.124573728608208,0.876085511905656,0.332849112875906,1.102035430669546,0.348254201835011,0.087013495102217,0.036165909164005,0.016008476468709,0.240569495633341,0.361415540421530,0.405626883142197,0.107393395977426,1.368957913819642,1.712604689873165,0.110527855029563
17,031,01784766,17031,0500000US17031,Cook,Cook County,06,H1,G4020,176,16980,16984,A,2447358069.000000000000000,1786339736.000000000000000,+41.8942937,-087.6454546,3.177791022020000,-1.050846872819406,0.256628985619090,1.308914169222354,1.093024855706114,0.678213629815510,1.644362568849165,0.661703918236313,0.458357283843011,0.199072518318273,0.597428207881589,0.218635106178773,0.079405419195189,0.037810178455069,0.025493451075478,0.238634364984582,0.272110020578531,0.332209382744278,0.145050006687003,1.050847929451873,3.177791035908847,0.268942232445138
17,059,00424231,17059,0500000US17059,Gallatin,Gallatin County,06,H1,G4020, , , ,A,836415230.000000000000000,13355417.000000000000000,+37.7686768,-088.2279642,1.416438839350000,-0.692866415214842,0.830708103998265,1.806652562078011,1.626514944426606,0.955232648987827,1.979632583994261,0.845657605881841,0.692811995372680,0.284202060416562,0.888740054268426,0.315562766618982,0.159250167933950,0.061222184320255,0.024643677351808,0.296258728930928,0.364323611432396,0.431459620577501,0.216546386974106,0.692866976725084,1.416438838353986,0.086836414694777
17,193,00424297,17193,0500000US17193,White,White County,06,H1,G4020, , , ,A,1281999215.000000000000000,17833681.000000000000000,+38.0873070,-088.1786196,1.965336327200000,-0.615458672255773,1.138685000040938,1.802737725157776,1.598843085493419,0.825191008474919,1.843331511896460,0.831881763699866,0.650209819350151,0.219675927345354,0.895606036915971,0.313938058005183,0.133834423983472,0.063008802139818,0.033539188502211,0.260643235521682,0.375502974809808,0.468777912564845,0.164072607946296,0.615459632129595,1.965336323826726,0.133364384432321
17,039,00426598,17039,0500000US17039,De Witt,De Witt County,06,H1,G4020, , , ,A,1029678313.000000000000000,19492326.000000000000000,+40.1814993,-088.9018526,1.531595538430000,-1.713230070422014,0.765183005193220,1.976269834787766,1.681795176362994,0.797132935425272,2.519950288086417,1.122096901035094,0.839971067577455,0.252188747567830,1.017250495648369,0.274245466193275,0.112717155869421,0.037479435465615,0.012240244052480,0.233280604040764,0.304373508320694,0.342614858059018,0.225918848474737,1.713230158079066,1.531595538307093,0.110932345175239
17,047,00424225,17047,0500000US17047,Edwards,Edwards County,06,H1,G4020, , , ,A,576012469.000000000000000,781202.000000000000000,+38.4170954,-088.0479408,1.340173800560000,-1.030740774730553,0.614981420313728,1.768933384510765,1.471169279472674,0.810251294000290,1.932401102582789,0.900696675423825,0.666669623844504,0.254622962522154,0.899439941609975,0.287467078034646,0.090534054247247,0.046077108606989,0.017977631570810,0.219017177593685,0.350940593472957,0.393422196866131,0.161624679675007,1.030741450667131,1.340173800173390,0.059497792096547
17,125,00424261,17125,0500000US17125,Mason,Mason County,06,H1,G4020, , , ,A,1396914845.000000000000000,62748509.000000000000000,+40.2369926,-089.9135746,2.584721256180000,-1.770612523159951,-0.125584296560052,2.149817748880995,1.963163482204833,0.956556544952846,2.481736601474832,1.091073473231201,0.937201615805668,0.332602730138308,1.059603303930817,0.405534061394812,0.101187839612943,0.022980193606141,0.010702123337059,0.259064967176580,0.284322889450999,0.379416300061873,0.176835864232019,1.770612924184976,2.584721256051712,0.154480935455805
17,013,00424208,17013,0500000US17013,Calhoun,Calhoun County,06,H1,G4020,476,41180, ,A,657415185.000000000000000,77051402.000000000000000,+39.1642619,-090.6662948,1.811201526070000,-0.700139460967552,-0.068347146562690,1.718196407815601,1.691603424406276,0.938938451613268,1.914191194815281,0.755972924748949,0.732549923214272,0.315493214201040,0.741191103797231,0.392463578517013,0.097929795217564,0.026984365848844,0.015138181170995,0.255763259662701,0.268647118782637,0.312302117543717,0.168231680269467,0.700138978970533,1.811201526173453,0.076497780459822
17,121,00424259,17121,0500000US17121,Marion,Marion County,06,H1,G4020,476,16460, ,A,1482866786.000000000000000,9232943.000000000000000,+38.6482361,-088.9203624,1.592125859250000,-0.924317055423793,0.316022234173796,2.062545991766535,1.895643684944876,0.779958024547987,2.306250686447124,0.989391432479449,0.850366204470941,0.225681067993789,0.992850950806483,0.358739048874143,0.143298663580456,0.057436745504894,0.019952162711861,0.219957551173847,0.341001007666360,0.448522559878039,0.160892508247636,0.924315631254898,1.592125859653610,0.154405296597121
17,187,01785134,17187,0500000US17187,Warren,Warren County,06,H1,G4020, , , ,A,1404705831.000000000000000,1735113.000000000000000,+40.8504412,-090.6202228,1.560421838740000,-1.419677387813232,0.172332304384079,1.672662054666198,1.574583463566770,0.788025560535447,1.830228511857227,0.814098879005542,0.725197851851006,0.253222988212373,0.787540244090461,0.303156814812207,0.074076242207961,0.037789446761505,0.022767277685839,0.244708166426212,0.355989861942575,0.382239399837105,0.127125225850183,1.419677457400282,1.560421839650035,0.150187271801907
17,023,00424213,17023,0500000US17023,Clark,Clark County,06,H1,G4020, , , ,A,1298594814.000000000000000,8731439.000000000000000,+39.3323343,-087.7916832,1.731891142540000,-1.599000718303581,1.058041430594652,2.138838991529969,2.038296448203444,0.948118963287661,2.442607936726122,1.049990483689618,0.954107695879671,0.298974290805003,1.007441965860755,0.355042777545912,0.111454784173059,0.045434847852829,0.023660245841460,0.273239998242624,0.315759616297025,0.473080049176581,0.133939514661839,1.599002013522831,1.731891144394707,0.136550069706800
17,191,00424296,17191,0500000US17191,Wayne,Wayne County,06,H1,G4020, , , ,A,1848817749.000000000000000,4217594.000000000000000,+38.4318573,-088.4324302,1.796537327560000,-1.103757255662243,0.586427132506392,1.713984008466082,1.550183052385014,0.813838955551418,1.998231566408219,0.821234488427913,0.687916351440621,0.250465044168423,0.827984192916939,0.315571168313174,0.102229341204179,0.043264915908409,0.021218495172082,0.248634981909760,0.336579436164158,0.379352166848020,0.124999058382922,1.103756660958779,1.796537329502437,0.191179567122175
17,089,00424246,17089,0500000US17089,Kane,Kane County,06,H1,G4020,176,16980,20994,A,1345139287.000000000000000,12480820.000000000000000,+41.9395938,-088.4280395,1.593400313650000,-1.201480399657393,0.241182720700506,1.488258748112207,1.387645960807896,0.828797766691757,1.786477280111356,0.670900916843393,0.575157187602343,0.238721871689962,0.625373564940570,0.250403708540233,0.101774345887116,0.048017969557589,0.023242158335232,0.311637195384148,0.367288540128303,0.426168880005791,0.070177434517804,1.201479442797490,1.593400313567655,0.147388202166021
17,105,00424254,17105,0500000US17105,Livingston,Livingston County,06,H1,G4020,145,38700, ,A,2702983876.000000000000000,5975815.000000000000000,+40.8943761,-088.5528518,2.362343141530000,-1.670536877906534,0.415368651855208,1.893802147055429,1.617044693053347,0.799738416637603,2.317399017937275,1.054215791521075,0.798407716557351,0.275367534186255,0.996788487970777,0.286758119029800,0.085629675604161,0.025892867843934,0.013503387941426,0.209186473313851,0.311526725551472,0.396010718797517,0.169043506818908,1.670536085535878,2.362343139826547,0.289461108662248
17,085,00424244,17085,0500000US17085,Jo Daviess,Jo Daviess County,06,H1,G4020, , , ,A,1556385363.000000000000000,45789931.000000000000000,+42.3623905,-090.2114705,1.957489830540000,-1.164011099754536,-0.475833813182497,1.321451441013151,1.365014952600660,0.871740954059941,1.567559398889311,0.510672578545897,0.560968205474993,0.263956518842190,0.556710743498497,0.249161456758475,0.094378328052870,0.032864274700114,0.022500151988300,0.332692338336174,0.368544399068686,0.391880852496653,0.026274175320079,1.164010829095897,1.957489831767478,0.174989764099606
17,199,01785215,17199,0500000US17199,Williamson,Williamson County,06,H1,G4020,166,32060, ,A,1088353644.000000000000000,62455779.000000000000000,+37.7303533,-088.9300182,1.416700280880000,-0.727157565813548,0.600218191247631,1.582804983887874,1.377163973734308,0.756195917797791,1.814636489359996,0.738175824520115,0.569602285642904,0.232523693976237,0.780184939429256,0.330303694236420,0.067353179897998,0.025668789948822,0.015673567925749,0.251327919250258,0.314027164161779,0.434085249526463,0.227829461657739,0.727157899251434,1.416700281460241,0.117618767431933
17,003,00424203,17003,0500000US17003,Alexander,Alexander County,06,H1,G4020,164,16020, ,A,609667770.000000000000000,44639202.000000000000000,+37.1836583,-089.3495158,1.819038647430000,0.001295516819759,0.481052509594458,1.552070964466442,1.415389935032512,0.625602834349168,1.374231061383191,0.734844349219639,0.621888428300556,0.177737351632876,0.723410222134312,0.270641642928433,0.093348084043155,0.051490150150400,0.022021786064071,0.197422717303464,0.326377185961881,0.344460027916978,0.132851773766769,-0.001295419344485,1.819038647193977,0.066294392908240
17,063,00424233,17063,0500000US17063,Grundy,Grundy County,06,H1,G4020,176,16980,16984,A,1082959771.000000000000000,32112492.000000000000000,+41.2924096,-088.4010545,1.387307845490000,-1.170859288535044,0.310079585772679,1.837516362147995,1.575790048661334,0.765390857880396,2.295985305794526,0.979808166504193,0.749690320729280,0.247209889184285,0.991923869618274,0.300566053977965,0.094955829814552,0.024764477129285,0.017199387345271,0.214103529735593,0.340042366607390,0.422107241358539,0.044406425625053,1.170858497936283,1.387307844418466,0.119853765463144
17,079,00424241,17079,0500000US17079,Jasper,Jasper County,06,H1,G4020, , , ,A,1281043466.000000000000000,9334674.000000000000000,+39.0048857,-088.1507245,1.472463216650000,-1.719420784659142,0.432609935868546,2.018541563729416,1.816653445694903,1.089549583430470,2.504889426340643,0.996537616326302,0.812717765951352,0.376946819040451,0.999882110218191,0.423700613656978,0.131821254067034,0.037811852658350,0.005997442125531,0.213062627753716,0.246754405758043,0.345360365828606,0.165933595000924,1.719421631245222,1.472463218054269,0.134197560603000
17,165,00424283,17165,0500000US17165,Saline,Saline County,06,H1,G4020, , , ,A,984186255.000000000000000,17963038.000000000000000,+37.7515083,-088.5450236,1.282824121050000,-0.712535458461218,0.534388245397931,1.844160779116930,1.483984031104824,0.903189772546706,1.943625858602044,0.881425905633808,0.571575793150318,0.257278505052933,0.941472493100414,0.352889450412196,0.088332163380294,0.045780690594628,0.024480504209416,0.306252061887539,0.384022440895079,0.507113336682236,0.178747460688695,0.712534203300296,1.282824123416796,0.102456122449594
17,163,01784987,17163,0500000US17163,St. Clair,St. Clair County,06,H1,G4020,476,41180, ,A,1703560308.000000000000000,41809674.000000000000000,+38.4701976,-089.9285459,1.898579358620000,-0.901604715830476,0.372179993344184,1.837029953945601,1.765813717571014,1.180207429981098,2.050364381492777,0.765522014543196,0.702076722232316,0.366312539479181,0.760989133382769,0.433842777484854,0.152261590129447,0.070566300667165,0.027127107753128,0.297287330773412,0.405410627011949,0.494148658446056,0.236990651681404,0.901604773143358,1.898579361741304,0.180164146761349
17,189,01785150,17189,0500000US17189,Washington,Washington County,06,H1,G4020, , , ,A,1457120178.000000000000000,3386079.000000000000000,+38.3531405,-089.4171873,2.064576600190000,-0.820857462333154,0.371436171927968,2.109934588114802,1.887192606379931,0.950202364501434,2.352504629964343,0.973158304478386,0.796082277724309,0.290760573073558,1.027568249893684,0.429542946913550,0.140831415910218,0.055773912103429,0.025114679191694,0.251402818250565,0.371940771062704,0.458716511337718,0.167207710439413,0.820857856488008,2.064576602561285,0.150523365310454
17,159,00424281,17159,0500000US17159,Richland,Richland County,06,H1,G4020, , , ,A,932518180.000000000000000,4840675.000000000000000,+38.7121872,-088.0854523,1.467412869370000,-0.957002357645445,0.463757833913274,1.921161496814507,1.802256435551087,1.059590499176241,2.302604498578519,0.906877311948227,0.799753328146535,0.368659868667407,0.931346431304507,0.429544956352797,0.116062609013645,0.027351736250554,0.006797680068109,0.216865044580077,0.343061399011567,0.408284585811410,0.107817659614269,0.957003579538865,1.467412870907234,0.097083334524594
17,145,01784940,17145,0500000US17145,Perry,Perry County,06,H1,G4020, , , ,A,1144587288.000000000000000,13199036.000000000000000,+38.0843809,-089.3685249,1.607826537200000,-0.655074452350834,0.096640016470138,1.849324580742987,1.726910451166144,1.039408227154449,1.989102345242254,0.838879438175751,0.729711207160196,0.314154748110571,0.830387494814978,0.339665073360424,0.138580526108538,0.048109256645682,0.031786290930870,0.295703156038845,0.343404200576435,0.407886018675796,0.165425873138938,0.655074321417328,1.607826537414830,0.118892141514671
17,087,00424245,17087,0500000US17087,Johnson,Johnson County,06,H1,G4020, , , ,A,890274791.000000000000000,12813242.000000000000000,+37.4607092,-088.8821305,1.294936375400000,0.085672729145760,0.456366549838673,1.694826575038028,1.527603293293201,0.698401873207579,1.367038210554949,0.787911271164329,0.659004643446196,0.217725520382578,0.777800707229794,0.370712491727904,0.079438777278467,0.030744533154704,0.021536321163179,0.173212150583650,0.260879232381174,0.347103082101838,0.157398869689315,-0.085673913155474,1.294936377726298,0.091970954574527
17,153,01784966,17153,0500000US17153,Pulaski,Pulaski County,06,H1,G4020, , , ,A,516105488.000000000000000,9763459.000000000000000,+37.2156152,-089.1277549,1.429299722570000,-0.078089024897175,0.261802100815742,1.632090432003537,1.473723170964841,0.464380558208499,1.396235742392248,0.806519267555406,0.679761305750936,0.118587571506938,0.856057502616652,0.227270340453851,0.056974741856630,0.038008088052546,0.027644670161418,0.162497172804537,0.308922182726271,0.344376225383137,0.124745388921112,0.078089852115261,1.429299717798284,0.053361351447200
17,119,00424258,17119,0500000US17119,Madison,Madison County,06,H1,G4020,476,41180, ,A,1853192372.000000000000000,63157281.000000000000000,+38.8271195,-089.9002267,2.108111771690000,-1.209621965990183,0.276117592056294,1.707806097711617,1.563064718319460,0.735936714355234,2.041014987338931,0.855588720298720,0.731140925250595,0.248197384587831,0.888149829451798,0.313219654466271,0.091943170471707,0.029334088310122,0.008184664996230,0.176333773393565,0.220474856684671,0.296435136046775,0.209997220142216,1.209621535003655,2.108111773117139,0.198771760110293
17,139,01784885,17139,0500000US17139,Moultrie,Moultrie County,06,H1,G4020, , , ,A,870127368.000000000000000,22111272.000000000000000,+39.6368956,-088.6257259,1.365979010880000,-1.812449179081299,0.658069966850695,1.742702821580935,1.448467452129404,0.674654270981727,2.275105383234243,0.994227194494377,0.723376804848339,0.235906696221769,0.938803679174426,0.240256023347769,0.062544478246745,0.027580536860348,0.008594859821318,0.162184282575889,0.261656711800725,0.357949672339976,0.138013553587103,1.812450197707353,1.365979011924342,0.093619587084153
17,141,01784894,17141,0500000US17141,Ogle,Ogle County,06,H1,G4020,466,40300, ,A,1964903749.000000000000000,12378958.000000000000000,+42.0418840,-089.3201764,2.172771522310000,-1.165503542632183,-0.042339398451389,1.570356622904982,1.558442760977096,0.917787888825079,1.859857290615491,0.683528599020197,0.679564499581009,0.290329647987268,0.718303689987645,0.305924670058107,0.104089545934863,0.052139412936573,0.023963878755720,0.285569345474681,0.352238845819543,0.380088801897471,0.078545477637145,1.165503454800592,2.172771523915559,0.215005605742846
17,027,00424215,17027,0500000US17027,Clinton,Clinton County,06,H1,G4020,476,41180, ,A,1227502153.000000000000000,75634262.000000000000000,+38.6062953,-089.4262278,2.154165318640000,-1.302056815178571,0.424680596712244,1.972129042313830,1.727332941369183,0.898446640411321,2.251954354561739,0.919256739657406,0.715327864493688,0.277575092006772,0.934510433198166,0.411623999438282,0.110983765086211,0.042245225478137,0.021593493359587,0.245992031613878,0.359990042653700,0.459844999130231,0.221192816634550,1.302058077969665,2.154165323315604,0.134771188640466
17,099,00422247,17099,0500000US17099,LaSalle,LaSalle County,06,H1,G4020,176,36837, ,A,2939940625.000000000000000,33828203.000000000000000,+41.3433407,-088.8859312,2.547444696070000,-1.175191272622920,0.108516835886264,1.865003767881394,1.580060289856811,0.833443706593450,2.030206092259817,0.974959849840897,0.722013731519534,0.257372702817086,0.947869175512612,0.278592555861903,0.104520681047667,0.050232221573840,0.023961639497891,0.280642877974298,0.379685955981912,0.424335602283812,0.088812796795870,1.175190877398093,2.547444695605661,0.319921647463142
17,143,01784920,17143,0500000US17143,Peoria,Peoria County,06,H1,G4020,427,37900, ,A,1602412938.000000000000000,29919375.000000000000000,+40.7859722,-089.7669933,1.870484157780000,-1.422726172247252,-0.109197791266288,1.616706235013684,1.467994916386507,0.692234219132121,1.872560825057515,0.882879201421295,0.749614954437704,0.243135722399063,0.866547803948410,0.224018041914473,0.084142133716363,0.030846675339132,0.009586984738824,0.185411695128567,0.254575468709446,0.291752179907574,0.180759822951104,1.422725739881442,1.870484155274682,0.174151906782403
17,069,00424236,17069,0500000US17069,Hardin,Hardin County,06,H1,G4020, , , ,A,459438162.000000000000000,10482693.000000000000000,+37.5178517,-088.2661478,1.007806681810000,-0.450830665799742,0.971752700232313,1.857316722547022,1.452731559110625,0.918298366305494,1.838350367314797,0.938068393248655,0.602604003814068,0.290689485528544,0.963503016890472,0.351870599755234,0.125016668964006,0.038942228669221,0.014150582250626,0.231450720895754,0.308568277067751,0.399458996330885,0.252323312530359,0.450829927105101,1.007806681454848,0.047818133664905
17,093,00424248,17093,0500000US17093,Kendall,Kendall County,06,H1,G4020,176,16980,20994,A,829425891.000000000000000,5122499.000000000000000,+41.5881403,-088.4306257,1.211095886630000,-1.113746376010890,0.347899781372816,1.638695151375806,1.437662088934984,0.868919786468810,2.098323294650427,0.795422334978929,0.610751084092419,0.245747075980306,0.737497912576469,0.248521521778165,0.093785768546026,0.043440733944615,0.028815104656856,0.342347324437951,0.439095821122938,0.493613057070249,0.043477144428749,1.113747505464967,1.211095886985539,0.090118327167998
17,177,01785076,17177,0500000US17177,Stephenson,Stephenson County,06,H1,G4020,466,23300, ,A,1461392058.000000000000000,1350223.000000000000000,+42.3497262,-089.6659942,1.659834283430000,-1.069318836155058,-0.225949968272583,1.173179287646108,1.269703895202314,0.836765761774341,1.409964453193647,0.469509442128686,0.564700362885774,0.291790428606766,0.515208183741472,0.290485159129396,0.080293586301755,0.022478498595448,0.012307342296171,0.223082286468879,0.227507944979874,0.259749881111750,0.039354115636936,1.069318398009160,1.659834284495099,0.159817694874329
17,057,00424230,17057,0500000US17057,Fulton,Fulton County,06,H1,G4020,427,15900, ,A,2242138203.000000000000000,43898933.000000000000000,+40.4652401,-090.2022689,2.060472492200000,-1.791537400861262,-0.128818129680776,2.114336531380914,1.887884622248554,0.904274158008131,2.396025545850805,1.071199922343285,0.880875589123203,0.292847707244526,1.050403559516964,0.372000535354766,0.115497384586232,0.042400259869684,0.014917418328887,0.259998388287809,0.324879135642378,0.409287031950202,0.178893085656083,1.791536957167603,2.060472489914529,0.242764211179164
17,135,01784866,17135,0500000US17135,Montgomery,Montgomery County,06,H1,G4020, , , ,A,1822745305.000000000000000,15472187.000000000000000,+39.2280681,-089.4781406,2.173868322340000,-1.456160688587667,0.536164641214725,1.794779861462122,1.660082426109777,0.681568290060840,2.243952714086287,0.933024405620635,0.817864875710303,0.235195495051877,0.932894535335427,0.287197111229363,0.077330697663617,0.030178944949156,0.006020972766636,0.152997437886109,0.210528787455607,0.304857675845331,0.172111777197096,1.456160494117559,2.173868324472075,0.191763242725684
17,115,00424256,17115,0500000US17115,Macon,Macon County,06,H1,G4020, ,19500, ,A,1503613053.000000000000000,13477733.000000000000000,+39.8602372,-088.9615288,1.745623453620000,-1.567889383967482,0.412781440267194,1.867083151993184,1.484484827268565,0.768673021439683,2.459519578169233,1.056967544947124,0.704132159896208,0.257865352980649,0.985896718888374,0.297675419841067,0.079386200343080,0.039820505170227,0.010735711720463,0.186478019862700,0.287862237190015,0.345985003905269,0.198159570503656,1.567889739964091,1.745623458035837,0.159681025011356
17,155,00424279,17155,0500000US17155,Putnam,Putnam County,06,H1,G4020,176,36837, ,A,414649975.000000000000000,31194387.000000000000000,+41.1989613,-089.2983474,1.048363358950000,-1.212367601735153,0.216523075380353,1.888951449075190,1.659052989031985,0.930942722158928,2.164076535937096,0.968514387494790,0.766272467331286,0.302674015200246,0.922521836186113,0.303172404633345,0.107328651901051,0.050644232401342,0.018741874748820,0.275087926566976,0.399749115522247,0.437830030053768,0.125041530613709,1.212367586093329,1.048363360566395,0.047863455754369
17,169,01785037,17169,0500000US17169,Schuyler,Schuyler County,06,H1,G4020, , , ,A,1132602766.000000000000000,10510632.000000000000000,+40.1569048,-090.6134641,2.018094175230000,-1.593493926486853,-0.119793699395137,2.450887038791956,2.188574715148444,1.156089983555559,2.608516661831588,1.188135717504639,0.979161640367941,0.362293078384189,1.183600380747325,0.422986376107185,0.151331986389680,0.058665867686851,0.023802010623663,0.348398317779092,0.371659332659590,0.468273548204493,0.139379152194939,1.593493814641437,2.018094172597038,0.120836146890358
17,103,00424253,17103,0500000US17103,Lee,Lee County,06,H1,G4020,221,19940, ,A,1877142078.000000000000000,9779872.000000000000000,+41.7474465,-089.2993616,2.070273242790000,-1.269015629081612,0.088577151536555,1.777815521814531,1.618145362683152,0.935348529085960,2.005615038216365,0.862790509734618,0.715581460423035,0.283022519433149,0.816989245335094,0.312321011114308,0.109452278862665,0.061361470933841,0.032040649572305,0.295460178607121,0.338386109324580,0.386071019971133,0.068921704865233,1.269015866684728,2.070273245323149,0.204243885295753
17,175,00424288,17175,0500000US17175,Stark,Stark County,06,H1,G4020,427,37900, ,A,746189904.000000000000000,684784.000000000000000,+41.0969077,-089.7974111,1.212334519970000,-1.230574192950630,-0.189849987806396,1.773708467123082,1.570124022605536,0.934907897374889,2.074264481002433,0.894073641675531,0.706667044170359,0.319581050354201,0.863498170748943,0.340753465394761,0.097706439495257,0.034132202243467,0.011085351410033,0.237846285660485,0.303047664461013,0.360604470180357,0.139411505704785,1.230574928775281,1.212334522012198,0.080046746128763
17,017,00424210,17017,0500000US17017,Cass,Cass County,06,H1,G4020, , , ,A,973198198.000000000000000,20569928.000000000000000,+39.9692024,-090.2457045,1.875509658070000,-1.799361939978188,0.143940413900704,2.523892683669217,2.302111059454086,1.081816176646955,2.853993799597653,1.235542430382361,1.044245554430626,0.344721969258914,1.287843193547521,0.444157469191444,0.146208508600982,0.042998467657568,0.013852496968523,0.295655214935954,0.299073455110925,0.434265128174563,0.154897772913540,1.799361564701596,1.875509656174392,0.104769534647343
17,201,01785216,17201,0500000US17201,Winnebago,Winnebago County,06,H1,G4020,466,40420, ,A,1328789495.000000000000000,15877063.000000000000000,+42.3373957,-089.1612053,1.613398211120000,-1.269287107696377,-0.290300948487030,1.231003798450371,1.204607246246132,0.792831231087837,1.455446068126330,0.546346964129377,0.526572487855961,0.259726969162003,0.556144793939204,0.257399571150562,0.083383340058424,0.030532054246722,0.016374971478669,0.237904865623224,0.241203630712106,0.266367019281493,0.040875482979260,1.269286712740331,1.613398207994054,0.146883410992749
17,185,00424293,17185,0500000US17185,Wabash,Wabash County,06,H1,G4020, , , ,A,578403989.000000000000000,10973571.000000000000000,+38.4458209,-087.8391674,1.763273261910000,-1.467023123559581,0.497991050979070,1.723673384023344,1.531591775705400,0.751802964628670,2.136945080801767,0.883883125522145,0.718713319254087,0.226042129361549,0.905236749393029,0.252430011502159,0.094735664623727,0.040477382316710,0.021385948992296,0.203931799928628,0.289431589618814,0.343474138377964,0.187844583351310,1.467022688640575,1.763273260462065,0.060770169420814
17,073,00424238,17073,0500000US17073,Henry,Henry County,06,H1,G4020,209,19340, ,A,2132042739.000000000000000,6481370.000000000000000,+41.3500209,-090.1308378,1.966158506120000,-1.130318216649193,0.065542993765853,1.652579422178831,1.514076601676692,0.767407046378671,1.717435971627777,0.911040258007691,0.775305390202132,0.270313577325363,0.848601989596352,0.256148826710226,0.074994048601838,0.037252416871625,0.013603741941825,0.217681219089732,0.264080345277240,0.296598284643383,0.136617100812936,1.130318835563974,1.966158507505311,0.230096271423360
17,109,01784729,17109,0500000US17109,McDonough,McDonough County,06,H1,G4020, ,31380, ,A,1526291866.000000000000000,2060301.000000000000000,+40.4558082,-090.6789543,1.624835488850000,-1.651842038273863,-0.263184327610922,1.963751508267071,1.684634157223324,0.942851444245394,2.246128569301987,0.997329591315846,0.761568795736740,0.304958271726928,0.988021980711916,0.337794054573057,0.095179658069585,0.050956624725353,0.027656516797200,0.295353335022120,0.409557675448569,0.455717419001898,0.138351043922828,1.651840986218196,1.624835486946781,0.162262722385580
17,065,00424234,17065,0500000US17065,Hamilton,Hamilton County,06,H1,G4020, , , ,A,1125745190.000000000000000,3158473.000000000000000,+38.0852273,-088.5390093,1.363204427840000,-0.836083945613790,0.640832629927707,1.831512804597196,1.602236039832969,0.787260134678797,1.976649646962184,0.860808996426867,0.665607626838545,0.207226767141086,0.901703532063516,0.300812158987697,0.136501148805348,0.065984933248100,0.033086642869563,0.262783548992054,0.382942200520716,0.459907577197329,0.165675122501350,0.836083884954043,1.363204430645614,0.115922865433274
17,021,00424212,17021,0500000US17021,Christian,Christian County,06,H1,G4020,522,45380, ,A,1837552893.000000000000000,16227346.000000000000000,+39.5455242,-089.2795927,2.024309927320000,-1.647926129577537,0.607229114086514,1.811458595450951,1.605813892812879,0.714887157643771,2.347319923113905,0.955404280894306,0.763698099516848,0.244914259054094,0.904983618681958,0.322577316737230,0.073528848178669,0.016765125251744,0.008012755600278,0.197185727272490,0.260821436257533,0.326582428203421,0.163748681688118,1.647926621880558,2.024309936455219,0.194246994870311
17,171,00424286,17171,0500000US17171,Scott,Scott County,06,H1,G4020,522,27300, ,A,649542040.000000000000000,4814547.000000000000000,+39.6370016,-090.4777707,1.155593802320000,-1.352254669572315,0.351752871794952,2.132174476145125,2.095099160017133,0.992586883666062,2.401586903863521,0.993692738884992,0.965786948798928,0.322517807075195,1.031436442889064,0.411461519970606,0.118641125174398,0.039391347480769,0.011903042683056,0.284442526136044,0.227971056422192,0.353523791430453,0.138237121096160,1.352254910854863,1.155593803223956,0.068661954433284
17,081,00424242,17081,0500000US17081,Jefferson,Jefferson County,06,H1,G4020, ,34500, ,A,1479496305.000000000000000,32544477.000000000000000,+38.3007796,-088.9242100,1.590185345940000,-0.788376396233366,0.472647787163360,2.069777107067091,1.822372839851181,0.928435218242398,2.189613403173815,0.949164437739798,0.765065529035537,0.265397369150448,0.934222742542886,0.368478844911292,0.125240857404440,0.053465014396168,0.033330334156471,0.285055512000899,0.346925569313838,0.442676710386206,0.138908556320987,0.788374675251342,1.590185344205456,0.155725530279968
17,097,01784796,17097,0500000US17097,Lake,Lake County,06,H1,G4020,176,16980,29404,A,1149124986.000000000000000,2394833743.000000000000000,+42.1859677,-087.8059389,1.651983121960000,-0.561258535385883,0.008707574479925,1.151622304933232,1.084441102830300,0.697295446878641,1.417450081795932,0.568372016692712,0.502749363835678,0.257611685482842,0.541610464653558,0.236146761695748,0.067959760325041,0.019809018677335,0.005750945751419,0.175799110498591,0.202267683533528,0.256406251960103,0.075374621342440,0.561257307566361,1.651983123246519,0.133065140035486
17,055,00424229,17055,0500000US17055,Franklin,Franklin County,06,H1,G4020, , , ,A,1059137475.000000000000000,58368794.000000000000000,+37.9918516,-088.9263215,1.619776008370000,-0.738432426820145,0.245448109082835,1.678733268472263,1.460759485652138,0.905903682956879,1.793187819758538,0.750221690139036,0.570955313869081,0.248590855508716,0.738179392295944,0.279633077832148,0.122454245999368,0.055271306301645,0.025356980980567,0.290495086775727,0.347611022954878,0.412716050247679,0.129576963207128,0.738433001523622,1.619776009802833,0.114614997503351
17,083,00424243,17083,0500000US17083,Jersey,Jersey County,06,H1,G4020,476,41180, ,A,957144905.000000000000000,20332592.000000000000000,+39.0801945,-090.3613850,1.630021845960000,-1.007260638173201,-0.028928178284340,1.578682993060343,1.449472176308730,0.844533954226107,1.996806016050826,0.739190082943275,0.631357197184641,0.272517726591519,0.774496492284192,0.311235411043274,0.120792796569637,0.031518390739583,0.013967349737258,0.233040618979599,0.284541922127366,0.340972870571697,0.173880498693892,1.007262499931638,1.630021844185901,0.101720616087253
17,183,01785114,17183,0500000US17183,Vermilion,Vermilion County,06,H1,G4020,169,19180, ,A,2326639022.000000000000000,7527081.000000000000000,+40.1867546,-087.7267776,2.110133037870000,-2.281413431783332,0.422893667294987,1.811244019838952,1.582187165752501,0.872429282809374,2.451807292153253,1.015955880415410,0.789788692861678,0.312879099863667,0.907350924877764,0.247412926527106,0.095601276401237,0.037443078853755,0.015073317508262,0.240599336485236,0.328775713888043,0.363149348356216,0.075526714423309,2.281413774857012,2.110133038011348,0.246825085942418
17,007,00424205,17007,0500000US17007,Boone,Boone County,06,H1,G4020,466,40420, ,A,727137091.000000000000000,3338156.000000000000000,+42.3189831,-088.8242951,1.150290714580000,-1.208361448683523,-0.146682202810048,1.317156437011856,1.179848044483798,0.680609512827148,1.381820646727862,0.668904938264485,0.542427035321012,0.223507628938044,0.676722652586984,0.253497572080179,0.074963053000867,0.034144248569236,0.013466902550109,0.204933214662321,0.200159384734822,0.241353815303793,0.004392120799777,1.208360809594237,1.150290714019305,0.079771379806375
17,137,00424270,17137,0500000US17137,Morgan,Morgan County,06,H1,G4020,522,27300, ,A,1473595806.000000000000000,9053547.000000000000000,+39.7176572,-090.2049929,2.011451701920000,-1.721481803453782,0.160709111919590,2.346309554680596,2.073892758384038,1.077973099372449,2.680513286924395,1.157517634410002,0.922631980136986,0.345174248815715,1.188611386206904,0.446095811782545,0.147669301402308,0.049760310691316,0.017798713947033,0.332630121559366,0.254280519258476,0.395559522743427,0.156296510190060,1.721482361386166,2.011451703058487,0.155733751766979
17,161,00424282,17161,0500000US17161,Rock Island,Rock Island County,06,H1,G4020,209,19340, ,A,1107212317.000000000000000,61631338.000000000000000,+41.4684205,-090.5721252,2.554242549700000,-1.087261911548138,-0.302323357166439,1.389040644604859,1.371684829551659,0.677434864877321,1.476480863630323,0.742528177746546,0.723596990105178,0.267332474761079,0.745996825976479,0.229497390858452,0.034646428309714,0.015038911713933,0.006218399912249,0.154257324010134,0.196587627200127,0.223741655399221,0.032468272639652,1.087261453823474,2.554242549498376,0.125849772631042
17,111,01784815,17111,0500000US17111,McHenry,McHenry County,06,H1,G4020,176,16980,16984,A,1562806157.000000000000000,19855932.000000000000000,+42.3242982,-088.4522450,1.696252172440000,-0.807219357698303,0.307492217505086,1.292145941902622,1.226837710219192,0.701789028503454,1.376247064095320,0.602780819040547,0.546698853269706,0.235671481455958,0.616827248334765,0.258122893737263,0.084236619887506,0.031506346257996,0.012972825568531,0.191688520218681,0.187145511165247,0.228844141343770,0.008293049899476,0.807218848035568,1.696252171813441,0.172837099763269
17,037,00422190,17037,0500000US17037,DeKalb,DeKalb County,06,H1,G4020,176,16980,20994,A,1635155498.000000000000000,8560431.000000000000000,+41.8946145,-088.7689224,1.753754581340000,-1.208738475878026,-0.020006918990166,1.595225785368105,1.427292869781086,0.934538620715638,1.785516157473597,0.744415842938766,0.589075289137360,0.287445828035694,0.709469301949287,0.296517427632672,0.086526848608341,0.047153188585572,0.032964269657948,0.325567406886068,0.372238375688388,0.450068188785819,0.044738434705857,1.208738780671026,1.753754581351832,0.178323203675960
