STATEFP,COUNTYFP,COUNTYNS,GEOID,GEOIDFQ,NAME,NAMELSAD,LSAD,CLASSFP,MTFCC,CSAFP,CBSAFP,METDIVFP,FUNCSTAT,ALAND,AWATER,INTPTLAT,INTPTLON,County,Tot_wetland_dependent,Tot_wetland_threatened_endangered,Wetland_frog_toad,Wetland_salamander,Wetland_turtle,Wetland_liz_snake,Wetland_amphibian,Wetland_reptile,Wetland_frog_toad_te,Wetland_salamander_te,Wetland_turtle_te,Wetland_liz_snake_te,Wetland_amphibian_te,Wetland_reptile_te,Shape_Length,Shape_Area
17,015,00424209,17015,0500000US17015,Carroll,Carroll County,06,H1,G4020, , , ,A,1153597409.000000000000000,55881823.000000000000000,+42.0708996,-089.9241898,Carroll,20,2,7,2,4,7,9,11,0,0,1,1,0,2,159310.164368124911562,1209140929.334605932235718
17,043,00422191,17043,0500000US17043,DuPage,DuPage County,06,H1,G4020,176,16980,16984,A,849236415.000000000000000,22006224.000000000000000,+41.8520577,-088.0860389,DuPage,30,4,8,5,6,11,13,17,0,1,1,2,1,3,123725.440933331861743,871242569.202781438827515
17,133,01784865,17133,0500000US17133,Monroe,Monroe County,06,H1,G4020,476,41180, ,A,997924032.000000000000000,33756312.000000000000000,+38.2779831,-090.1790777,Monroe,41,2,15,7,4,15,22,19,1,0,0,1,1,1,154224.578782268799841,1031160454.416635513305664
17,157,01784967,17157,0500000US17157,Randolph,Randolph County,06,H1,G4020, , , ,A,1490194102.000000000000000,56150220.000000000000000,+38.0565149,-089.8212096,Randolph,38,3,13,5,6,14,18,20,1,0,1,1,1,2,191446.741808985883836,1544165468.465666055679321
17,149,01784941,17149,0500000US17149,Pike,Pike County,06,H1,G4020, , , ,A,2153190712.000000000000000,45251538.000000000000000,+39.6251059,-090.8890344,Pike,33,1,11,4,4,14,15,18,0,0,0,1,0,1,217559.294297276413999,2197983898.347265243530273
17,203,01785231,17203,0500000US17203,Woodford,Woodford County,06,H1,G4020,427,37900, ,A,1366366883.000000000000000,39858698.000000000000000,+40.7897888,-089.2105875,Woodford,16,1,7,0,1,8,7,9,0,0,0,1,0,1,173739.790853927755961,1406225593.557296037673950
17,001,00424202,17001,0500000US17001,Adams,Adams County,06,H1,G4020,448,39500, ,A,2214827090.000000000000000,41753385.000000000000000,+39.9860525,-091.1949607,Adams,34,5,11,4,7,12,15,19,0,1,1,3,1,4,192657.127337840473047,2256254308.888607978820801
17,075,00424239,17075,0500000US17075,Iroquois,Iroquois County,06,H1,G4020, , , ,A,2894072162.000000000000000,4208707.000000000000000,+40.7488665,-087.8336010,Iroquois,22,2,9,2,5,6,11,11,0,1,1,0,1,1,215789.863654490822228,2898233526.295774459838867
17,053,00424228,17053,0500000US17053,Ford,Ford County,06,H1,G4020,169,16580, ,A,1257690139.000000000000000,1640595.000000000000000,+40.5965386,-088.2245882,Ford,8,0,3,1,0,4,4,4,0,0,0,0,0,0,221986.181649433739949,1259330711.045911312103271
17,147,00424275,17147,0500000US17147,Piatt,Piatt County,06,H1,G4020,169,16580, ,A,1137492093.000000000000000,754122.000000000000000,+40.0090327,-088.5923546,Piatt,20,3,8,2,2,8,10,10,0,1,0,2,1,2,151291.981379182689125,1138246230.286213159561157
17,077,00424240,17077,0500000US17077,Jackson,Jackson County,06,H1,G4020,166,16060, ,A,1511448965.000000000000000,48302865.000000000000000,+37.7860959,-089.3812119,Jackson,50,5,16,10,7,17,26,24,2,1,1,1,3,2,178018.397302516794298,1559661691.488748311996460
17,061,00424232,17061,0500000US17061,Greene,Greene County,06,H1,G4020, , , ,A,1406736598.000000000000000,8423898.000000000000000,+39.3554391,-090.3876823,Greene,30,1,11,4,6,9,15,15,0,0,0,1,0,1,178937.598573412775295,1415160577.020782947540283
17,101,00424252,17101,0500000US17101,Lawrence,Lawrence County,06,H1,G4020, , , ,A,963938120.000000000000000,5076511.000000000000000,+38.7189542,-087.7302207,Lawrence,11,2,4,2,2,3,6,5,0,1,0,1,1,1,134413.168529572285479,968698472.775225996971130
17,067,00424235,17067,0500000US17067,Hancock,Hancock County,06,H1,G4020, , , ,A,2055798710.000000000000000,53563365.000000000000000,+40.4013180,-091.1688008,Hancock,17,1,7,0,3,7,7,10,0,0,0,1,0,1,193338.737546034826664,2107059389.246686935424805
17,025,00424214,17025,0500000US17025,Clay,Clay County,06,H1,G4020, , , ,A,1213023045.000000000000000,3064499.000000000000000,+38.7468187,-088.4823254,Clay,13,0,5,2,3,3,7,6,0,0,0,0,0,0,163478.427781856589718,1216087582.425084590911865
17,071,00424237,17071,0500000US17071,Henderson,Henderson County,06,H1,G4020,161,15460, ,A,981068776.000000000000000,42565933.000000000000000,+40.8144710,-090.9412464,Henderson,20,2,8,1,5,6,9,11,0,0,2,0,0,2,152688.747269480576506,1023361173.733791828155518
17,041,00424222,17041,0500000US17041,Douglas,Douglas County,06,H1,G4020, , , ,A,1079117766.000000000000000,1441160.000000000000000,+39.7660778,-088.2228669,Douglas,22,2,7,3,5,7,10,12,0,1,0,1,1,1,141884.387237227405421,1080558947.790184020996094
17,181,01785113,17181,0500000US17181,Union,Union County,06,H1,G4020, , , ,A,1070733038.000000000000000,22538656.000000000000000,+37.4856521,-089.2446391,Union,51,5,16,9,7,19,25,26,2,0,1,2,2,3,149044.006286593968980,1092776847.877478837966919
17,091,00424247,17091,0500000US17091,Kankakee,Kankakee County,06,H1,G4020,176,28100, ,A,1752101320.000000000000000,12459008.000000000000000,+41.1395105,-087.8611165,Kankakee,24,1,9,2,7,6,11,13,0,0,1,0,0,1,186089.172476512292633,1764539875.784595489501953
17,127,01784730,17127,0500000US17127,Massac,Massac County,06,H1,G4020,424,37140, ,A,614222111.000000000000000,12780838.000000000000000,+37.2161190,-088.7056578,Massac,34,3,9,7,6,12,16,18,0,1,1,1,1,2,114818.616027544325334,626474992.993095278739929
17,197,01785190,17197,0500000US17197,Will,Will County,06,H1,G4020,176,16980,16984,A,2164990677.000000000000000,34485763.000000000000000,+41.4484742,-087.9784563,Will,37,6,10,7,8,12,17,20,0,2,2,2,2,4,237490.305341370956739,2199455495.258749485015869
17,173,01785051,17173,0500000US17173,Shelby,Shelby County,06,H1,G4020, , , ,A,1964526143.000000000000000,24749348.000000000000000,+39.3849162,-088.7988651,Shelby,17,2,8,2,2,5,10,7,0,1,0,1,1,1,212350.466010573552921,1989275526.411885023117065
17,051,00424227,17051,0500000US17051,Fayette,Fayette County,06,H1,G4020, , , ,A,1855600276.000000000000000,22898580.000000000000000,+39.0011246,-089.0179232,Fayette,31,2,10,5,5,11,15,16,0,0,0,2,0,2,203853.859565695078345,1878498894.128500461578369
17,117,00424257,17117,0500000US17117,Macoupin,Macoupin County,06,H1,G4020,476,41180, ,A,2235146415.000000000000000,12194715.000000000000000,+39.2659138,-089.9263301,Macoupin,25,0,9,3,6,7,12,13,0,0,0,0,0,0,194624.800149577902630,2247341197.925743579864502
17,195,01785167,17195,0500000US17195,Whiteside,Whiteside County,06,H1,G4020,221,44580, ,A,1771808926.000000000000000,31883751.000000000000000,+41.7506748,-089.9110053,Whiteside,10,2,4,0,3,3,4,6,0,0,2,0,0,2,182603.125711568980478,1803509788.389210939407349
17,107,00424255,17107,0500000US17107,Logan,Logan County,06,H1,G4020,522,30660, ,A,1600748259.000000000000000,2262329.000000000000000,+40.1292768,-089.3653086,Logan,12,1,6,0,1,5,6,6,0,0,0,1,0,1,168097.809625201538438,1603010630.951473712921143
17,029,00424216,17029,0500000US17029,Coles,Coles County,06,H1,G4020, ,16660, ,A,1316418025.000000000000000,4650073.000000000000000,+39.5136797,-088.2207820,Coles,10,2,0,0,2,8,0,10,0,0,0,2,0,2,156007.908633611252299,1321068108.873950958251953
17,131,01784750,17131,0500000US17131,Mercer,Mercer County,06,H1,G4020,209,19340, ,A,1453604386.000000000000000,19411909.000000000000000,+41.2056046,-090.7417698,Mercer,9,1,4,0,1,4,4,5,0,0,0,1,0,1,162029.614484076155350,1472660556.120718002319336
17,011,00424207,17011,0500000US17011,Bureau,Bureau County,06,H1,G4020,176,36837, ,A,2250884555.000000000000000,11523912.000000000000000,+41.4013043,-089.5283772,Bureau,13,0,5,1,3,4,6,7,0,0,0,0,0,0,211836.875119996402645,2262408523.485108375549316
17,167,01785010,17167,0500000US17167,Sangamon,Sangamon County,06,H1,G4020,522,44100, ,A,2248704917.000000000000000,22747684.000000000000000,+39.7568863,-089.6624350,Sangamon,30,1,11,5,5,9,16,14,0,0,0,1,0,1,237434.244396641268395,2271452576.694627285003662
17,113,01784833,17113,0500000US17113,McLean,McLean County,06,H1,G4020,145,14010, ,A,3064597294.000000000000000,7804856.000000000000000,+40.4945594,-088.8445391,McLean,24,2,8,3,4,9,11,13,0,0,1,1,0,2,241298.756173054833198,3072402204.533659934997559
17,005,00424204,17005,0500000US17005,Bond,Bond County,06,H1,G4020,476,41180, ,A,985066653.000000000000000,6462629.000000000000000,+38.8859240,-089.4365916,Bond,28,2,8,3,6,11,11,17,0,1,0,1,1,1,130903.002008596246014,991529302.496755719184875
17,009,00424206,17009,0500000US17009,Brown,Brown County,06,H1,G4020, , , ,A,791828624.000000000000000,4144346.000000000000000,+39.9620694,-090.7503095,Brown,11,0,5,1,1,4,6,5,0,0,0,0,0,0,133596.865516520076199,795973012.706231951713562
17,095,00424249,17095,0500000US17095,Knox,Knox County,06,H1,G4020, ,23660, ,A,1855351760.000000000000000,8914499.000000000000000,+40.9309446,-090.2137921,Knox,10,2,3,1,0,6,4,6,0,1,0,1,1,1,174003.109750660107238,1864266316.208975076675415
17,019,00424211,17019,0500000US17019,Champaign,Champaign County,06,H1,G4020,169,16580, ,A,2579898008.000000000000000,6110542.000000000000000,+40.1389845,-088.1969749,Champaign,31,4,12,4,6,9,16,15,0,1,1,2,1,3,206738.075534230942139,2586008616.434655189514160
17,045,00424224,17045,0500000US17045,Edgar,Edgar County,06,H1,G4020, , , ,A,1614400671.000000000000000,1565052.000000000000000,+39.6790370,-087.7471102,Edgar,21,2,11,3,3,4,14,7,0,1,0,1,1,1,171394.015630144189345,1615904533.766225576400757
17,049,00424226,17049,0500000US17049,Effingham,Effingham County,06,H1,G4020, ,20820, ,A,1240001925.000000000000000,3178181.000000000000000,+39.0479445,-088.5928488,Effingham,28,2,9,2,5,12,11,17,0,0,0,2,0,2,144511.931255376839545,1243180115.522276878356934
17,035,00424219,17035,0500000US17035,Cumberland,Cumberland County,06,H1,G4020, ,20820, ,A,895995630.000000000000000,2532358.000000000000000,+39.2731210,-088.2406193,Cumberland,34,4,10,4,7,13,14,20,0,1,1,2,1,3,124777.654921792927780,898528009.918719172477722
17,033,00424218,17033,0500000US17033,Crawford,Crawford County,06,H1,G4020, , , ,A,1149031270.000000000000000,5744817.000000000000000,+39.0027865,-087.7606193,Crawford,16,0,5,3,4,4,8,8,0,0,0,0,0,0,163695.585933186346665,1154438662.774179697036743
17,179,01785094,17179,0500000US17179,Tazewell,Tazewell County,06,H1,G4020,427,37900, ,A,1674390616.000000000000000,29668273.000000000000000,+40.5080743,-089.5162598,Tazewell,18,2,9,2,4,3,11,7,0,0,1,1,0,2,195288.143915054359240,1704058946.282189369201660
17,151,00424277,17151,0500000US17151,Pope,Pope County,06,H1,G4020, , , ,A,955362038.000000000000000,14662240.000000000000000,+37.4171687,-088.5423737,Pope,45,4,15,8,7,15,23,22,2,0,0,2,2,2,163944.892909773770953,969733695.841638803482056
17,129,00424266,17129,0500000US17129,Menard,Menard County,06,H1,G4020,522,44100, ,A,814269348.000000000000000,2640418.000000000000000,+40.0225693,-089.7941326,Menard,12,0,5,1,0,6,6,6,0,0,0,0,0,0,150946.152176898962352,816909812.370838284492493
17,123,00424260,17123,0500000US17123,Marshall,Marshall County,06,H1,G4020,427,37900, ,A,1001865238.000000000000000,30343574.000000000000000,+41.0311192,-089.3423714,Marshall,12,0,6,0,3,3,6,6,0,0,0,0,0,0,155360.726299128262326,1032208794.677475690841675
17,031,01784766,17031,0500000US17031,Cook,Cook County,06,H1,G4020,176,16980,16984,A,2447358069.000000000000000,1786339736.000000000000000,+41.8942937,-087.6454546,Cook,39,6,11,6,8,14,17,22,0,2,2,2,2,4,301462.810224972898141,2481039978.045485496520996
17,059,00424231,17059,0500000US17059,Gallatin,Gallatin County,06,H1,G4020, , , ,A,836415230.000000000000000,13355417.000000000000000,+37.7686768,-088.2279642,Gallatin,26,2,6,5,6,9,11,15,0,1,0,1,1,1,139426.157215472660027,849259836.314616322517395
17,193,00424297,17193,0500000US17193,White,White County,06,H1,G4020, , , ,A,1281999215.000000000000000,17833681.000000000000000,+38.0873070,-088.1786196,White,17,1,7,2,6,2,9,8,0,0,1,0,0,1,190703.202064224868082,1298651137.235092878341675
17,039,00426598,17039,0500000US17039,De Witt,De Witt County,06,H1,G4020, , , ,A,1029678313.000000000000000,19492326.000000000000000,+40.1814993,-088.9018526,De Witt,17,2,6,0,3,8,6,11,0,0,0,2,0,2,141307.337614817661233,1049170679.907037496566772
17,047,00424225,17047,0500000US17047,Edwards,Edwards County,06,H1,G4020, , , ,A,576012469.000000000000000,781202.000000000000000,+38.4170954,-088.0479408,Edwards,18,1,6,3,4,5,9,9,0,0,0,1,0,1,132202.099531414714875,576793684.316753268241882
17,125,00424261,17125,0500000US17125,Mason,Mason County,06,H1,G4020, , , ,A,1396914845.000000000000000,62748509.000000000000000,+40.2369926,-089.9135746,Mason,26,3,10,3,8,5,13,13,0,0,3,0,0,3,249587.225317095086211,1459663434.223996877670288
17,013,00424208,17013,0500000US17013,Calhoun,Calhoun County,06,H1,G4020,476,41180, ,A,657415185.000000000000000,77051402.000000000000000,+39.1642619,-090.6662948,Calhoun,32,2,10,2,7,13,12,20,0,0,1,1,0,2,179449.486710283468710,733930228.778424382209778
17,121,00424259,17121,0500000US17121,Marion,Marion County,06,H1,G4020,476,16460, ,A,1482866786.000000000000000,9232943.000000000000000,+38.6482361,-088.9203624,Marion,24,1,8,3,4,9,11,13,0,0,0,1,0,1,155413.225637677940540,1492099758.720022916793823
17,187,01785134,17187,0500000US17187,Warren,Warren County,06,H1,G4020, , , ,A,1404705831.000000000000000,1735113.000000000000000,+40.8504412,-090.6202228,Warren,12,1,7,1,1,3,8,4,0,0,0,1,0,1,155158.586787260923302,1406440995.236120700836182
17,023,00424213,17023,0500000US17023,Clark,Clark County,06,H1,G4020, , , ,A,1298594814.000000000000000,8731439.000000000000000,+39.3323343,-087.7916832,Clark,24,2,8,5,4,7,13,11,0,1,0,1,1,1,165283.526317285955884,1307068900.684902667999268
17,191,00424296,17191,0500000US17191,Wayne,Wayne County,06,H1,G4020, , , ,A,1848817749.000000000000000,4217594.000000000000000,+38.4318573,-088.4324302,Wayne,11,0,5,0,4,2,5,6,0,0,0,0,0,0,173101.935782003245549,1853035367.702933311462402
17,089,00424246,17089,0500000US17089,Kane,Kane County,06,H1,G4020,176,16980,20994,A,1345139287.000000000000000,12480820.000000000000000,+41.9395938,-088.4280395,Kane,21,2,7,2,6,6,9,12,0,1,1,0,1,1,156711.254547744058073,1357620109.175392150878906
17,105,00424254,17105,0500000US17105,Livingston,Livingston County,06,H1,G4020,145,38700, ,A,2702983876.000000000000000,5975815.000000000000000,+40.8943761,-088.5528518,Livingston,8,0,4,0,1,3,4,4,0,0,0,0,0,0,225552.871256234124303,2708959793.499500274658203
17,085,00424244,17085,0500000US17085,Jo Daviess,Jo Daviess County,06,H1,G4020, , , ,A,1556385363.000000000000000,45789931.000000000000000,+42.3623905,-090.2114705,Jo Daviess,18,2,10,0,3,5,10,8,0,0,1,1,0,2,176409.027607764088316,1601189608.828780651092529
17,199,01785215,17199,0500000US17199,Williamson,Williamson County,06,H1,G4020,166,32060, ,A,1088353644.000000000000000,62455779.000000000000000,+37.7303533,-088.9300182,Williamson,35,1,11,5,7,12,16,19,0,0,0,1,0,1,136746.270525178493699,1150809403.558439493179321
17,003,00424203,17003,0500000US17003,Alexander,Alexander County,06,H1,G4020,164,16020, ,A,609667770.000000000000000,44639202.000000000000000,+37.1836583,-089.3495158,Alexander,50,5,16,8,7,19,24,26,2,0,1,2,2,3,179139.106753735075472,653247672.967756509780884
17,063,00424233,17063,0500000US17063,Grundy,Grundy County,06,H1,G4020,176,16980,16984,A,1082959771.000000000000000,32112492.000000000000000,+41.2924096,-088.4010545,Grundy,16,1,6,1,4,5,7,9,0,0,1,0,0,1,135414.718074274540413,1115072294.221180200576782
17,079,00424241,17079,0500000US17079,Jasper,Jasper County,06,H1,G4020, , , ,A,1281043466.000000000000000,9334674.000000000000000,+39.0048857,-088.1507245,Jasper,24,2,9,1,5,9,10,14,0,0,1,1,0,2,143271.670838710735552,1290378167.852465629577637
17,165,00424283,17165,0500000US17165,Saline,Saline County,06,H1,G4020, , , ,A,984186255.000000000000000,17963038.000000000000000,+37.7515083,-088.5450236,Saline,30,1,11,5,5,9,16,14,0,0,0,1,0,1,127264.458434281696100,1002149349.286516904830933
17,163,01784987,17163,0500000US17163,St. Clair,St. Clair County,06,H1,G4020,476,41180, ,A,1703560308.000000000000000,41809674.000000000000000,+38.4701976,-089.9285459,St. Clair,39,2,10,8,5,16,18,21,0,1,0,1,1,1,184500.542857355496380,1745296249.450654983520508
17,189,01785150,17189,0500000US17189,Washington,Washington County,06,H1,G4020, , , ,A,1457120178.000000000000000,3386079.000000000000000,+38.3531405,-089.4171873,Washington,31,0,10,5,5,11,15,16,0,0,0,0,0,0,200673.526509334042203,1460506307.607318878173828
17,159,00424281,17159,0500000US17159,Richland,Richland County,06,H1,G4020, , , ,A,932518180.000000000000000,4840675.000000000000000,+38.7121872,-088.0854523,Richland,26,1,10,3,3,10,13,13,0,0,0,1,0,1,140797.229332607326796,937358860.570258140563965
17,145,01784940,17145,0500000US17145,Perry,Perry County,06,H1,G4020, , , ,A,1144587288.000000000000000,13199036.000000000000000,+38.0843809,-089.3685249,Perry,31,2,10,4,6,11,14,17,0,1,0,1,1,1,153054.037217139150016,1157786354.136499881744385
17,087,00424245,17087,0500000US17087,Johnson,Johnson County,06,H1,G4020, , , ,A,890274791.000000000000000,12813242.000000000000000,+37.4607092,-088.8821305,Johnson,43,3,12,10,5,16,22,21,1,0,0,2,1,2,128717.097824213371496,903088099.856120347976685
17,153,01784966,17153,0500000US17153,Pulaski,Pulaski County,06,H1,G4020, , , ,A,516105488.000000000000000,9763459.000000000000000,+37.2156152,-089.1277549,Pulaski,31,3,10,4,6,11,14,17,1,0,0,2,1,2,138934.107033758977195,525594304.924776613712311
17,119,00424258,17119,0500000US17119,Madison,Madison County,06,H1,G4020,476,41180, ,A,1853192372.000000000000000,63157281.000000000000000,+38.8271195,-089.9002267,Madison,38,2,13,4,6,15,17,21,0,0,0,2,0,2,197398.951194302644581,1916074947.123424530029297
17,139,01784885,17139,0500000US17139,Moultrie,Moultrie County,06,H1,G4020, , , ,A,870127368.000000000000000,22111272.000000000000000,+39.6368956,-088.6257259,Moultrie,20,1,9,2,4,5,11,9,0,0,0,1,0,1,134761.517742884112522,892238677.938138246536255
17,141,01784894,17141,0500000US17141,Ogle,Ogle County,06,H1,G4020,466,40300, ,A,1964903749.000000000000000,12378958.000000000000000,+42.0418840,-089.3201764,Ogle,17,2,7,2,3,5,9,8,0,1,1,0,1,1,198361.116917325794930,1977282745.545249938964844
17,027,00424215,17027,0500000US17027,Clinton,Clinton County,06,H1,G4020,476,41180, ,A,1227502153.000000000000000,75634262.000000000000000,+38.6062953,-089.4262278,Clinton,15,0,9,3,3,0,12,3,0,0,0,0,0,0,209961.570052884664619,1303136433.013887643814087
17,099,00422247,17099,0500000US17099,LaSalle,LaSalle County,06,H1,G4020,176,36837, ,A,2939940625.000000000000000,33828203.000000000000000,+41.3433407,-088.8859312,LaSalle,23,3,10,2,3,8,12,11,0,1,1,1,1,2,252145.530054440867389,2973768931.430713653564453
17,143,01784920,17143,0500000US17143,Peoria,Peoria County,06,H1,G4020,427,37900, ,A,1602412938.000000000000000,29919375.000000000000000,+40.7859722,-089.7669933,Peoria,21,4,8,1,7,5,9,12,0,0,3,1,0,4,180467.319992444041418,1632332375.989511728286743
17,069,00424236,17069,0500000US17069,Hardin,Hardin County,06,H1,G4020, , , ,A,459438162.000000000000000,10482693.000000000000000,+37.5178517,-088.2661478,Hardin,32,3,11,7,4,10,18,14,1,1,0,1,2,1,96838.406127400798141,469177807.810424983501434
17,093,00424248,17093,0500000US17093,Kendall,Kendall County,06,H1,G4020,176,16980,20994,A,829425891.000000000000000,5122499.000000000000000,+41.5881403,-088.4306257,Kendall,15,1,6,2,3,4,8,7,0,1,0,0,1,0,115503.964533104459406,834548414.512328505516052
17,177,01785076,17177,0500000US17177,Stephenson,Stephenson County,06,H1,G4020,466,23300, ,A,1461392058.000000000000000,1350223.000000000000000,+42.3497262,-089.6659942,Stephenson,10,0,6,0,2,2,6,4,0,0,0,0,0,0,154134.846833409130340,1462681718.862344503402710
17,057,00424230,17057,0500000US17057,Fulton,Fulton County,06,H1,G4020,427,15900, ,A,2242138203.000000000000000,43898933.000000000000000,+40.4652401,-090.2022689,Fulton,25,2,7,2,5,11,9,16,0,0,0,2,0,2,200677.126816939446144,2286037243.171342372894287
17,135,01784866,17135,0500000US17135,Montgomery,Montgomery County,06,H1,G4020, , , ,A,1822745305.000000000000000,15472187.000000000000000,+39.2280681,-089.4781406,Montgomery,18,0,9,1,2,6,10,8,0,0,0,0,0,0,213775.224203495803522,1838217527.850199937820435
17,115,00424256,17115,0500000US17115,Macon,Macon County,06,H1,G4020, ,19500, ,A,1503613053.000000000000000,13477733.000000000000000,+39.8602372,-088.9615288,Macon,18,2,8,2,3,5,10,8,0,1,0,1,1,1,169845.540446740953485,1517090763.520284891128540
17,155,00424279,17155,0500000US17155,Putnam,Putnam County,06,H1,G4020,176,36837, ,A,414649975.000000000000000,31194387.000000000000000,+41.1989613,-089.2983474,Putnam,11,0,3,0,4,4,3,8,0,0,0,0,0,0,98899.081319275530404,445844399.513180732727051
17,169,01785037,17169,0500000US17169,Schuyler,Schuyler County,06,H1,G4020, , , ,A,1132602766.000000000000000,10510632.000000000000000,+40.1569048,-090.6134641,Schuyler,12,1,6,0,2,4,6,6,0,0,0,1,0,1,186145.429528823238797,1143113415.824647188186646
17,103,00424253,17103,0500000US17103,Lee,Lee County,06,H1,G4020,221,19940, ,A,1877142078.000000000000000,9779872.000000000000000,+41.7474465,-089.2993616,Lee,21,2,8,2,5,6,10,11,0,0,2,0,0,2,190789.192392009281320,1886921987.713798046112061
17,175,00424288,17175,0500000US17175,Stark,Stark County,06,H1,G4020,427,37900, ,A,746189904.000000000000000,684784.000000000000000,+41.0969077,-089.7974111,Stark,6,1,2,1,0,3,3,3,0,0,0,1,0,1,115921.414560658900882,746874695.244978666305542
17,017,00424210,17017,0500000US17017,Cass,Cass County,06,H1,G4020, , , ,A,973198198.000000000000000,20569928.000000000000000,+39.9692024,-090.2457045,Cass,25,2,11,2,6,6,13,12,0,0,2,0,0,2,178969.612485895951977,993768157.909011721611023
17,201,01785216,17201,0500000US17201,Winnebago,Winnebago County,06,H1,G4020,466,40420, ,A,1328789495.000000000000000,15877063.000000000000000,+42.3373957,-089.1612053,Winnebago,25,2,8,4,6,7,12,13,0,1,1,0,1,1,152907.647085805743700,1344633465.772048711776733
17,185,00424293,17185,0500000US17185,Wabash,Wabash County,06,H1,G4020, , , ,A,578403989.000000000000000,10973571.000000000000000,+38.4458209,-087.8391674,Wabash,33,4,8,6,6,13,14,19,0,1,1,2,1,3,171099.482806508516660,588891052.967256307601929
17,073,00424238,17073,0500000US17073,Henry,Henry County,06,H1,G4020,209,19340, ,A,2132042739.000000000000000,6481370.000000000000000,+41.3500209,-090.1308378,Henry,19,2,5,2,6,6,7,12,0,0,2,0,0,2,187464.438439639256103,2138524149.203216791152954
17,109,01784729,17109,0500000US17109,McDonough,McDonough County,06,H1,G4020, ,31380, ,A,1526291866.000000000000000,2060301.000000000000000,+40.4558082,-090.6789543,McDonough,17,3,8,3,1,5,11,6,0,1,0,2,1,2,156369.739357888407540,1528352156.193631649017334
17,065,00424234,17065,0500000US17065,Hamilton,Hamilton County,06,H1,G4020, , , ,A,1125745190.000000000000000,3158473.000000000000000,+38.0852273,-088.5390093,Hamilton,15,0,7,0,4,4,7,8,0,0,0,0,0,0,136043.078132332826499,1128903628.236522436141968
17,021,00424212,17021,0500000US17021,Christian,Christian County,06,H1,G4020,522,45380, ,A,1837552893.000000000000000,16227346.000000000000000,+39.5455242,-089.2795927,Christian,12,1,6,1,1,4,7,5,0,0,0,1,0,1,199640.697228312143125,1853780284.820506572723389
17,171,00424286,17171,0500000US17171,Scott,Scott County,06,H1,G4020,522,27300, ,A,649542040.000000000000000,4814547.000000000000000,+39.6370016,-090.4777707,Scott,17,0,8,1,4,4,9,8,0,0,0,0,0,0,112115.456784072710434,654356586.650972962379456
17,081,00424242,17081,0500000US17081,Jefferson,Jefferson County,06,H1,G4020, ,34500, ,A,1479496305.000000000000000,32544477.000000000000000,+38.3007796,-088.9242100,Jefferson,24,1,8,4,3,9,12,12,0,0,0,1,0,1,155543.049160480295541,1512040810.528401136398315
17,097,01784796,17097,0500000US17097,Lake,Lake County,06,H1,G4020,176,16980,29404,A,1149124986.000000000000000,2394833743.000000000000000,+42.1859677,-087.8059389,Lake,34,6,10,6,7,11,16,18,0,2,2,2,2,4,155372.990701644099317,1218383117.574940443038940
17,055,00424229,17055,0500000US17055,Franklin,Franklin County,06,H1,G4020, , , ,A,1059137475.000000000000000,58368794.000000000000000,+37.9918516,-088.9263215,Franklin,23,0,6,4,3,10,10,13,0,0,0,0,0,0,154158.304325854434865,1117506248.775197505950928
17,083,00424243,17083,0500000US17083,Jersey,Jersey County,06,H1,G4020,476,41180, ,A,957144905.000000000000000,20332592.000000000000000,+39.0801945,-090.3613850,Jersey,40,4,11,5,8,16,16,24,0,2,1,1,2,2,158977.626046027406119,977068078.293150424957275
17,183,01785114,17183,0500000US17183,Vermilion,Vermilion County,06,H1,G4020,169,19180, ,A,2326639022.000000000000000,7527081.000000000000000,+40.1867546,-087.7267776,Vermilion,35,5,12,8,7,8,20,15,0,3,1,1,3,2,212230.835437507368624,2334103759.824884891510010
17,007,00424205,17007,0500000US17007,Boone,Boone County,06,H1,G4020,466,40420, ,A,727137091.000000000000000,3338156.000000000000000,+42.3189831,-088.8242951,Boone,10,0,5,1,1,3,6,4,0,0,0,0,0,0,114641.162861971359234,730412042.756906747817993
17,137,00424270,17137,0500000US17137,Morgan,Morgan County,06,H1,G4020,522,27300, ,A,1473595806.000000000000000,9053547.000000000000000,+39.7176572,-090.2049929,Morgan,27,3,11,3,8,5,14,13,0,1,2,0,1,2,189449.606368034932530,1482649388.682385444641113
17,161,00424282,17161,0500000US17161,Rock Island,Rock Island County,06,H1,G4020,209,19340, ,A,1107212317.000000000000000,61631338.000000000000000,+41.4684205,-090.5721252,Rock Island,26,4,7,4,4,11,11,15,0,2,1,1,2,2,233926.393491361493943,1167631876.117669343948364
17,111,01784815,17111,0500000US17111,McHenry,McHenry County,06,H1,G4020,176,16980,16984,A,1562806157.000000000000000,19855932.000000000000000,+42.3242982,-088.4522450,McHenry,22,2,8,3,4,7,11,11,0,1,1,0,1,1,159308.859084960742621,1582518893.814109802246094
17,037,00422190,17037,0500000US17037,DeKalb,DeKalb County,06,H1,G4020,176,16980,20994,A,1635155498.000000000000000,8560431.000000000000000,+41.8946145,-088.7689224,DeKalb,21,2,7,2,5,7,9,12,0,0,1,1,0,2,175342.336175453441683,1643715946.007934331893921
