STATEFP,COUNTYFP,COUNTYNS,GEOID,GEOIDFQ,NAME,NAMELSAD,LSAD,CLASSFP,MTFCC,CSAFP,CBSAFP,METDIVFP,FUNCSTAT,ALAND,AWATER,INTPTLAT,INTPTLON,NAME_1,mean_PF_nhd,min_PF_nhd,max_PF_nhd,mean_IE_nhd,min_IE_nhd,max_IE_nhd,mean_SPF_nhd,min_SPF_nhd,max_SPF_nhd,mean_SFS_nhd,min_SFS_nhd,max_SFS_nhd,mean_SF_nhd,min_SF_nhd,max_SF_nhd,mean_PF_brinkerhoff,min_PF_brinkerhoff,max_PF_brinkerhoff,mean_IE_brinkerhoff,min_IE_brinkerhoff,max_IE_brinkerhoff,mean_SPF_brinkerhoff,min_SPF_brinkerhoff,max_SPF_brinkerhoff,mean_SFS_brinkerhoff,min_SFS_brinkerhoff,max_SFS_brinkerhoff,mean_SF_brinkerhoff,min_SF_brinkerhoff,max_SF_brinkerhoff,Shape_Length,Shape_Area
17,015,00424209,17015,0500000US17015,Carroll,Carroll County,06,H1,G4020, , , ,A,1153597409.000000000000000,55881823.000000000000000,+42.0708996,-089.9241898,Carroll,1117.167480962430091,1117.167480962430091,1117.167480962430091,1047.836214360969961,1046.112949810449891,1049.429693353459925,925.320254495453014,922.666535137984965,927.844188294900050,925.320254495453014,922.666535137984965,927.844188294900050,381.107615307491017,370.295191876940009,391.719179922289982,1122.736377621889915,1122.736377621889915,1122.736377621889915,1091.239811939319907,1088.336752661459968,1092.416844574159995,984.008571817062034,980.728529074728954,985.562587916379016,984.008571817062034,980.728529074728954,985.562587916379016,489.922171266208011,482.116278608029006,496.508941418066001,159310.164368124911562,1209140929.334605932235718
17,043,00422191,17043,0500000US17043,DuPage,DuPage County,06,H1,G4020,176,16980,16984,A,849236415.000000000000000,22006224.000000000000000,+41.8520577,-088.0860389,DuPage,0.000000000000000,0.000000000000000,0.000000000000000,0.000000000000000,0.000000000000000,0.000000000000000,0.000000000000000,0.000000000000000,0.000000000000000,0.000000000000000,0.000000000000000,0.000000000000000,0.000000000000000,0.000000000000000,0.000000000000000,0.000000000000000,0.000000000000000,0.000000000000000,0.000000000000000,0.000000000000000,0.000000000000000,0.000000000000000,0.000000000000000,0.000000000000000,0.000000000000000,0.000000000000000,0.000000000000000,0.000000000000000,0.000000000000000,0.000000000000000,123725.440933331861743,871242569.202781438827515
17,133,01784865,17133,0500000US17133,Monroe,Monroe County,06,H1,G4020,476,41180, ,A,997924032.000000000000000,33756312.000000000000000,+38.2779831,-090.1790777,Monroe,4441.020879369620161,4441.020879369620161,4441.020879369620161,4102.344683539529797,4095.224259735080068,4109.530504001009831,4080.831122254970069,4062.423742885539923,4099.216769093979565,4080.831122254970069,4062.423742885539923,4099.216769093979565,2945.931885471180067,2847.708307206669815,3041.620754645619854,4441.020879369620161,4441.020879369620161,4441.020879369620161,4330.432287790369628,4327.751769165650330,4332.902873562499735,4314.731668835650453,4302.563403626159925,4326.635641209990354,4314.731668835650453,4302.563403626159925,4326.635641209990354,3256.961202453469923,3187.890217136270167,3325.690575892780089,154224.578782268799841,1031160454.416635513305664
17,157,01784967,17157,0500000US17157,Randolph,Randolph County,06,H1,G4020, , , ,A,1490194102.000000000000000,56150220.000000000000000,+38.0565149,-089.8212096,Randolph,5240.813556673069797,5240.813556673069797,5240.813556673069797,4923.182135485960316,4901.203030464749645,4943.937127731580404,4897.921597057709732,4873.933484847500040,4920.205436908790034,4897.921597057709732,4873.933484847500040,4920.205436908790034,4166.140556321000076,4124.568342637059686,4205.510919090689640,5240.813556673069797,5240.813556673069797,5240.813556673069797,5138.745335354549752,5133.973297979259769,5142.819470107459892,5118.589347037060179,5112.577625607589653,5123.903165844159957,5118.589347037060179,5112.577625607589653,5123.903165844159957,4408.495692434919874,4388.353447006389615,4427.204942421860324,191446.741808985883836,1544165468.465666055679321
17,149,01784941,17149,0500000US17149,Pike,Pike County,06,H1,G4020, , , ,A,2153190712.000000000000000,45251538.000000000000000,+39.6251059,-090.8890344,Pike,5139.406156007799837,5139.406156007799837,5139.406156007799837,4856.735090433309779,4845.683443568090297,4867.517340507029985,4781.765170248239883,4765.192656703109606,4798.278412676029802,4781.765170248239883,4765.192656703109606,4798.278412676029802,4268.141192350210076,4240.505920146860262,4296.082233612180062,5139.406156007799837,5139.406156007799837,5139.406156007799837,5043.233803214349791,5042.802168386609992,5043.665438042099595,5002.670976133619661,5000.843616537379603,5004.498335729859718,5002.670976133619661,5000.843616537379603,5004.498335729859718,4592.572543361199678,4562.738597820980431,4622.406724907060379,217559.294297276413999,2197983898.347265243530273
17,203,01785231,17203,0500000US17203,Woodford,Woodford County,06,H1,G4020,427,37900, ,A,1366366883.000000000000000,39858698.000000000000000,+40.7897888,-089.2105875,Woodford,1634.789929379009891,1634.789929379009891,1634.789929379009891,1385.558575455670052,1369.780429198709953,1401.179115871990007,1338.195816113749970,1321.129719613089947,1355.104306773770077,1338.195816113749970,1321.129719613089947,1355.104306773770077,1079.031295906110017,1047.150629674119955,1111.190680616389955,1634.789929379009891,1634.789929379009891,1634.789929379009891,1523.055729476099941,1517.720882007130058,1527.989580216860077,1477.229544224390111,1471.894696755420000,1482.163394965150019,1477.229544224390111,1471.894696755420000,1482.163394965150019,1261.492767338359954,1245.875209447540101,1274.649488878369993,173739.790853927755961,1406225593.557296037673950
17,001,00424202,17001,0500000US17001,Adams,Adams County,06,H1,G4020,448,39500, ,A,2214827090.000000000000000,41753385.000000000000000,+39.9860525,-091.1949607,Adams,3868.934644504140124,3868.934644504140124,3868.934644504140124,3247.417883820340194,3236.909591150740198,3257.297934498159975,3216.168111656470046,3197.922450500099785,3233.582335247740048,3216.168111656470046,3197.922450500099785,3233.582335247740048,2895.832822429440057,2846.361678379979821,2946.314138927109980,3881.078710840350141,3881.078710840350141,3881.078710840350141,3658.752072925949960,3655.940418004529874,3661.314001071949860,3640.008901712779789,3631.839203921490025,3647.855011148570156,3640.008901712779789,3631.839203921490025,3647.855011148570156,3345.102754384070067,3311.388361072440148,3377.965670190289984,192657.127337840473047,2256254308.888607978820801
17,075,00424239,17075,0500000US17075,Iroquois,Iroquois County,06,H1,G4020, , , ,A,2894072162.000000000000000,4208707.000000000000000,+40.7488665,-087.8336010,Iroquois,2637.619161627959784,2636.957109644130014,2638.281213611790008,2626.466811445829990,2625.111267508289984,2627.822355383380000,2602.480227245740025,2598.383704598490112,2606.771075028700125,2602.480227245740025,2598.383704598490112,2606.771075028700125,1114.401847150030108,1075.300224268029979,1158.793915155930108,2652.093128886439899,2651.931363692429841,2652.254894080439954,2649.159886119819930,2648.427704469870150,2649.892067769760160,2637.665203083150118,2635.647272851189882,2639.781265646950033,2637.665203083150118,2635.647272851189882,2639.781265646950033,1196.667225252509979,1166.158253415130048,1231.275420056100074,215789.863654490822228,2898233526.295774459838867
17,053,00424228,17053,0500000US17053,Ford,Ford County,06,H1,G4020,169,16580, ,A,1257690139.000000000000000,1640595.000000000000000,+40.5965386,-088.2245882,Ford,163.931025180585010,163.931025180585010,163.931025180585010,137.153344857104003,137.153344857104003,137.153344857104003,133.669646712815990,131.701902449963001,135.637390975668012,133.669646712815990,131.701902449963001,135.637390975668012,91.867516682882098,87.370290676761300,96.456472406535596,163.931025180585010,163.931025180585010,163.931025180585010,153.646915180267001,153.646915180267001,153.646915180267001,152.724196140996014,152.493797248781988,152.954595033208989,152.724196140996014,152.493797248781988,152.954595033208989,113.025996849959995,111.924503782423997,114.127489917496007,221986.181649433739949,1259330711.045911312103271
17,147,00424275,17147,0500000US17147,Piatt,Piatt County,06,H1,G4020,169,16580, ,A,1137492093.000000000000000,754122.000000000000000,+40.0090327,-088.5923546,Piatt,865.238061323886996,865.238061323886996,865.238061323886996,840.211577069869008,837.927917080152952,842.495237059584042,838.827358136188991,836.407495944785978,841.224271648969989,838.827358136188991,836.407495944785978,841.224271648969989,414.161383423684981,408.697794484516010,419.602023684233018,865.238061323886996,865.238061323886996,865.238061323886996,856.752015174701000,856.752015174701000,856.752015174701000,856.752015174701000,856.752015174701000,856.752015174701000,856.752015174701000,856.752015174701000,856.752015174701000,442.622470077758010,439.409709666850972,445.835230488664990,151291.981379182689125,1138246230.286213159561157
17,077,00424240,17077,0500000US17077,Jackson,Jackson County,06,H1,G4020,166,16060, ,A,1511448965.000000000000000,48302865.000000000000000,+37.7860959,-089.3812119,Jackson,6586.259279844070079,6586.259279844070079,6586.259279844070079,6198.214717790029681,6188.902632870220259,6206.986779702259810,6018.161001111810037,5989.321593162630052,6047.995129058430393,6018.161001111810037,5989.321593162630052,6047.995129058430393,4987.814341366040026,4897.352767656519973,5086.404973543560118,6586.259279844070079,6586.259279844070079,6586.259279844070079,6502.196128833210423,6501.041102616140051,6503.249022959449576,6374.146568835960352,6351.231644503470307,6398.483871994049878,6374.146568835960352,6351.231644503470307,6398.483871994049878,5413.241096728220327,5317.146320539070075,5512.094241920939567,178018.397302516794298,1559661691.488748311996460
17,061,00424232,17061,0500000US17061,Greene,Greene County,06,H1,G4020, , , ,A,1406736598.000000000000000,8423898.000000000000000,+39.3554391,-090.3876823,Greene,2744.812968275310141,2744.812968275310141,2744.812968275310141,2376.660103712540149,2366.693983298659987,2387.569646654410008,2358.186845153180002,2344.633035634210046,2372.651575121470160,2358.186845153180002,2344.633035634210046,2372.651575121470160,2147.937616193849863,2057.431720581279933,2241.419611255359996,2744.812968275310141,2744.812968275310141,2744.812968275310141,2524.294322238130007,2521.971656121989781,2526.616988354279783,2516.183041575849984,2512.850001740020161,2519.466740913740068,2516.183041575849984,2512.850001740020161,2519.466740913740068,2376.495870705479774,2336.729211903039868,2418.136992505289982,178937.598573412775295,1415160577.020782947540283
17,101,00424252,17101,0500000US17101,Lawrence,Lawrence County,06,H1,G4020, , , ,A,963938120.000000000000000,5076511.000000000000000,+38.7189542,-087.7302207,Lawrence,3973.003644078939942,3973.003644078939942,3973.003644078939942,3901.485593711379806,3895.470250082079929,3908.036705197569972,3846.787226211140023,3836.936293008870052,3857.173927270309832,3846.787226211140023,3836.936293008870052,3857.173927270309832,3628.532539239549806,3601.712730863199795,3655.724999641120121,3973.003644078939942,3973.003644078939942,3973.003644078939942,3958.546571503320138,3957.481941394109981,3959.611201612539844,3913.624573190650153,3911.432888366400221,3915.396011216979787,3913.624573190650153,3911.432888366400221,3915.396011216979787,3718.063223094549812,3710.840944746580135,3724.782846257719939,134413.168529572285479,968698472.775225996971130
17,067,00424235,17067,0500000US17067,Hancock,Hancock County,06,H1,G4020, , , ,A,2055798710.000000000000000,53563365.000000000000000,+40.4013180,-091.1688008,Hancock,3651.439764527739953,3651.439764527739953,3651.439764527739953,3349.673285295340065,3328.230564989600225,3372.112565022990111,3318.012282021809824,3293.826221895899835,3343.155420157149820,3318.012282021809824,3293.826221895899835,3343.155420157149820,3043.397431118180066,2994.884694754950033,3092.990202856919950,3651.439764527739953,3651.439764527739953,3651.439764527739953,3546.508127296200200,3537.094052601789826,3555.549090389490175,3520.517446596009904,3509.677586839300147,3530.984194751590167,3520.517446596009904,3509.677586839300147,3530.984194751590167,3270.665999812550126,3242.360593191389853,3298.822161021239936,193338.737546034826664,2107059389.246686935424805
17,025,00424214,17025,0500000US17025,Clay,Clay County,06,H1,G4020, , , ,A,1213023045.000000000000000,3064499.000000000000000,+38.7468187,-088.4823254,Clay,5932.888636633680107,5932.888636633680107,5932.888636633680107,5709.202533225739899,5698.887400767929648,5718.853554635819819,5690.949848655340247,5670.899442793769595,5710.196774030830056,5690.949848655340247,5670.899442793769595,5710.196774030830056,5634.218699744459627,5582.608124248539752,5685.025794754309572,5933.298535581920078,5933.298535581920078,5933.298535581920078,5854.963401617120326,5851.097542130500187,5858.206272497470309,5850.502986460140164,5844.695913982090133,5855.849918605449602,5850.502986460140164,5844.695913982090133,5855.849918605449602,5810.135308031690329,5787.494494207639946,5832.315981523010123,163478.427781856589718,1216087582.425084590911865
17,071,00424237,17071,0500000US17071,Henderson,Henderson County,06,H1,G4020,161,15460, ,A,981068776.000000000000000,42565933.000000000000000,+40.8144710,-090.9412464,Henderson,3185.842657098300151,3185.842657098300151,3185.842657098300151,3060.431302298310129,3053.034608936410223,3067.827995660210036,2907.733463812090122,2889.485448770280072,2926.103634259970022,2907.733463812090122,2889.485448770280072,2926.103634259970022,1842.841805170699899,1769.615339060680071,1916.149566152179887,3185.842657098300151,3185.842657098300151,3185.842657098300151,3120.850249561449800,3119.028178022550037,3122.672321100340014,2978.907372754640164,2969.818931789140152,2988.284632746120224,2978.907372754640164,2969.818931789140152,2988.284632746120224,1959.643733637339892,1897.701869395300037,2021.732989817490079,152688.747269480576506,1023361173.733791828155518
17,041,00424222,17041,0500000US17041,Douglas,Douglas County,06,H1,G4020, , , ,A,1079117766.000000000000000,1441160.000000000000000,+39.7660778,-088.2228669,Douglas,1129.950245428239896,1129.950245428239896,1129.950245428239896,1102.798856481929988,1102.769327526920051,1102.828385436939925,1094.038977247630100,1092.702640495810101,1095.375313999450100,1094.038977247630100,1092.702640495810101,1095.375313999450100,1011.292539317459955,1004.634951659690046,1019.105755912299969,1129.950245428239896,1129.950245428239896,1129.950245428239896,1115.733444512240112,1115.703915557229948,1115.762973467250049,1111.306725127539949,1110.173597438890056,1112.439852816190069,1111.306725127539949,1110.173597438890056,1112.439852816190069,1039.658359573039888,1033.037634220849895,1046.853714155030048,141884.387237227405421,1080558947.790184020996094
17,181,01785113,17181,0500000US17181,Union,Union County,06,H1,G4020, , , ,A,1070733038.000000000000000,22538656.000000000000000,+37.4856521,-089.2446391,Union,4385.128106272330115,4385.128106272330115,4385.128106272330115,3996.343578418030120,3988.526109305219961,4004.054089706619834,3934.141184339800020,3923.079565276450012,3943.815910262069792,3934.141184339800020,3923.079565276450012,3943.815910262069792,2896.182886920560122,2867.574850635970051,2926.500136766700052,4386.006708170400088,4386.006708170400088,4386.006708170400088,4313.161617965690311,4309.632701353880293,4316.690534577500330,4274.748629955850447,4267.975563393510129,4280.241761201349618,4274.748629955850447,4267.975563393510129,4280.241761201349618,3247.509662219420079,3229.146972633339828,3264.780687503870013,149044.006286593968980,1092776847.877478837966919
17,091,00424247,17091,0500000US17091,Kankakee,Kankakee County,06,H1,G4020,176,28100, ,A,1752101320.000000000000000,12459008.000000000000000,+41.1395105,-087.8611165,Kankakee,1152.087746621959923,1151.664189484280087,1152.511303759649991,1134.048266382859993,1133.364660002939900,1134.731872762780085,1114.267672966399914,1108.355440741360098,1119.629358078610039,1114.267672966399914,1108.355440741360098,1119.629358078610039,484.205566541216001,450.981155433024014,516.304177671138973,1158.817452654109957,1158.817452654109957,1158.817452654109957,1148.276856843499900,1148.276856843499900,1148.276856843499900,1139.606373795040099,1137.999336516689937,1141.213411073400039,1139.606373795040099,1137.999336516689937,1141.213411073400039,537.482288273346967,517.490861569404046,555.451632355840047,186089.172476512292633,1764539875.784595489501953
17,127,01784730,17127,0500000US17127,Massac,Massac County,06,H1,G4020,424,37140, ,A,614222111.000000000000000,12780838.000000000000000,+37.2161190,-088.7056578,Massac,2984.267578782829787,2984.267578782829787,2984.267578782829787,2765.055180901640142,2760.524120820579810,2769.418986268699882,2646.375357310770141,2588.283900032669862,2706.753284599570179,2646.375357310770141,2588.283900032669862,2706.753284599570179,2296.273745657540076,2173.394087475649940,2420.747354757810172,2984.267578782829787,2984.267578782829787,2984.267578782829787,2937.258274848069959,2935.405939930170007,2939.110609765969912,2834.511804321649834,2772.791885485589773,2896.231723157699889,2834.511804321649834,2772.791885485589773,2896.231723157699889,2506.299008402590061,2394.622389769589972,2617.226544453189945,114818.616027544325334,626474992.993095278739929
17,197,01785190,17197,0500000US17197,Will,Will County,06,H1,G4020,176,16980,16984,A,2164990677.000000000000000,34485763.000000000000000,+41.4484742,-087.9784563,Will,0.000000000000000,0.000000000000000,0.000000000000000,0.000000000000000,0.000000000000000,0.000000000000000,0.000000000000000,0.000000000000000,0.000000000000000,0.000000000000000,0.000000000000000,0.000000000000000,0.000000000000000,0.000000000000000,0.000000000000000,0.000000000000000,0.000000000000000,0.000000000000000,0.000000000000000,0.000000000000000,0.000000000000000,0.000000000000000,0.000000000000000,0.000000000000000,0.000000000000000,0.000000000000000,0.000000000000000,0.000000000000000,0.000000000000000,0.000000000000000,237490.305341370956739,2199455495.258749485015869
17,173,01785051,17173,0500000US17173,Shelby,Shelby County,06,H1,G4020, , , ,A,1964526143.000000000000000,24749348.000000000000000,+39.3849162,-088.7988651,Shelby,2011.053907572580101,2011.053907572580101,2011.053907572580101,1822.943268409479970,1821.380999990290093,1824.221934377580055,1654.441396001320072,1649.075047715889923,1659.524141835649971,1654.441396001320072,1649.075047715889923,1659.524141835649971,1617.682806184679976,1604.201457389870029,1630.981494253059964,2011.053907572580101,2011.053907572580101,2011.053907572580101,1931.003169673939965,1930.186596481089964,1931.819742866799970,1764.864586446509975,1760.812247365189933,1768.916925527840021,1764.864586446509975,1760.812247365189933,1768.916925527840021,1731.408356298780063,1720.391630420089996,1742.500532631439910,212350.466010573552921,1989275526.411885023117065
17,051,00424227,17051,0500000US17051,Fayette,Fayette County,06,H1,G4020, , , ,A,1855600276.000000000000000,22898580.000000000000000,+39.0011246,-089.0179232,Fayette,6608.042107688130272,6608.042107688130272,6608.042107688130272,6154.306551674570073,6145.794997219290053,6162.533926109529602,5911.036656483230217,5897.189750867980365,5924.671042566929827,5911.036656483230217,5897.189750867980365,5924.671042566929827,5261.404991977329701,5219.476795685600337,5305.498589597120372,6608.042107688130272,6608.042107688130272,6608.042107688130272,6321.081095531820210,6318.975375525779782,6323.186815537859729,6123.407010872600040,6119.124723892499787,6127.689297852710297,6123.407010872600040,6119.124723892499787,6127.689297852710297,5526.586469562589627,5501.603955896710431,5553.896729025969762,203853.859565695078345,1878498894.128500461578369
17,117,00424257,17117,0500000US17117,Macoupin,Macoupin County,06,H1,G4020,476,41180, ,A,2235146415.000000000000000,12194715.000000000000000,+39.2659138,-089.9263301,Macoupin,2933.860756467140163,2931.135237693169984,2934.769262725139924,2030.804610462719893,1996.003813429819957,2063.338315198030159,1981.509256778100053,1944.525010986390043,2016.050500221279890,1981.509256778100053,1944.525010986390043,2016.050500221279890,1890.620348030299965,1837.489658732099997,1939.626534060689892,2942.713082999800008,2939.987564225829829,2943.621589257790220,2443.659126731340166,2431.528457602799790,2453.229873994000172,2421.040770117099783,2408.557838485260163,2430.900446597120208,2421.040770117099783,2408.557838485260163,2430.900446597120208,2339.129641422769964,2315.492161984589984,2359.905292367609945,194624.800149577902630,2247341197.925743579864502
17,195,01785167,17195,0500000US17195,Whiteside,Whiteside County,06,H1,G4020,221,44580, ,A,1771808926.000000000000000,31883751.000000000000000,+41.7506748,-089.9110053,Whiteside,1921.483163454410033,1921.483163454410033,1921.483163454410033,1871.578449597430108,1870.984596150839934,1872.172303044020055,1843.534679430599908,1839.958914355969910,1847.110444505219903,1843.534679430599908,1839.958914355969910,1847.110444505219903,1592.830825097639945,1556.389215503769947,1630.395446031390065,1932.771955750140023,1932.771955750140023,1932.771955750140023,1893.294137210240024,1893.294137210240024,1893.294137210240024,1873.360996033509991,1871.166374306739954,1875.482323968409901,1873.360996033509991,1871.166374306739954,1875.482323968409901,1653.928628314019988,1619.020007112640087,1687.579083949189908,182603.125711568980478,1803509788.389210939407349
17,107,00424255,17107,0500000US17107,Logan,Logan County,06,H1,G4020,522,30660, ,A,1600748259.000000000000000,2262329.000000000000000,+40.1292768,-089.3653086,Logan,1613.310803271780060,1613.310803271780060,1613.310803271780060,1564.631146193549966,1560.067971429750060,1569.128216088540057,1557.148599229150022,1552.478764486450018,1561.752329103049988,1557.148599229150022,1552.478764486450018,1561.752329103049988,1516.336011046380008,1503.527294656219965,1532.149546227150040,1613.310803271780060,1613.310803271780060,1613.310803271780060,1591.420523782290047,1591.107265460030021,1591.733782104550073,1586.177146552880004,1585.828305466719939,1586.525987639040068,1586.177146552880004,1585.828305466719939,1586.525987639040068,1560.176531093309904,1554.697789651230096,1565.758356353250065,168097.809625201538438,1603010630.951473712921143
17,029,00424216,17029,0500000US17029,Coles,Coles County,06,H1,G4020, ,16660, ,A,1316418025.000000000000000,4650073.000000000000000,+39.5136797,-088.2207820,Coles,1645.973559383249949,1645.973559383249949,1645.973559383249949,1502.702643234069910,1501.822129853429942,1503.389525365879990,1489.324005472870112,1487.757405492279986,1490.696974204639901,1489.324005472870112,1487.757405492279986,1490.696974204639901,1422.014635891099942,1415.046814855679941,1428.689938267870048,1645.973559383249949,1645.973559383249949,1645.973559383249949,1566.535100916270039,1566.180091174029940,1566.783214426089899,1556.161178745710004,1555.494243166429897,1556.721218092580102,1556.161178745710004,1555.494243166429897,1556.721218092580102,1491.882484037929999,1487.335744564760034,1496.246857661169997,156007.908633611252299,1321068108.873950958251953
17,131,01784750,17131,0500000US17131,Mercer,Mercer County,06,H1,G4020,209,19340, ,A,1453604386.000000000000000,19411909.000000000000000,+41.2056046,-090.7417698,Mercer,2384.416831664389974,2384.416831664389974,2384.416831664389974,2125.141560158740049,2121.150975772459788,2129.088965308550087,2097.809663200080195,2091.650072540569909,2103.898793819309958,2097.809663200080195,2091.650072540569909,2103.898793819309958,1897.099202192280018,1864.451247739129940,1931.612879073270051,2384.416831664389974,2384.416831664389974,2384.416831664389974,2223.844947221070015,2220.314119251459942,2227.332595954229873,2205.250376437969862,2200.935587504010073,2209.432123766000132,2205.250376437969862,2200.935587504010073,2209.432123766000132,2050.656057410859830,2031.731332949670104,2067.121492316439799,162029.614484076155350,1472660556.120718002319336
17,011,00424207,17011,0500000US17011,Bureau,Bureau County,06,H1,G4020,176,36837, ,A,2250884555.000000000000000,11523912.000000000000000,+41.4013043,-089.5283772,Bureau,3474.611389981489992,3474.611389981489992,3474.611389981489992,3363.698956356659892,3359.705891963590147,3367.974040395250086,3226.046474106380174,3208.655950898630181,3243.667815960250209,3226.046474106380174,3208.655950898630181,3243.667815960250209,1698.965431462999959,1631.886581911930080,1765.370503865319961,3474.611389981489992,3474.611389981489992,3474.611389981489992,3397.855427166639856,3397.677456908650129,3398.290776780010219,3280.127063095299945,3264.002574736980023,3296.371124458430131,3280.127063095299945,3264.002574736980023,3296.371124458430131,1782.730042117070070,1723.859305987680045,1841.060169961800057,211836.875119996402645,2262408523.485108375549316
17,167,01785010,17167,0500000US17167,Sangamon,Sangamon County,06,H1,G4020,522,44100, ,A,2248704917.000000000000000,22747684.000000000000000,+39.7568863,-089.6624350,Sangamon,4142.969047204739582,4142.358755897300398,4143.579338512179675,3690.951544622950223,3677.461284382180111,3704.082534361130001,3650.485109440230190,3634.009207717149820,3666.548407083189886,3650.485109440230190,3634.009207717149820,3666.548407083189886,3481.309360564449889,3442.101584749440008,3518.591073868859894,4142.969047204739582,4142.358755897300398,4143.579338512179675,3988.772118353830137,3983.962526764630184,3992.779609627929858,3958.680321736670066,3953.550261480950212,3963.058557380520142,3958.680321736670066,3953.550261480950212,3963.058557380520142,3825.921362076900095,3805.511543058270036,3844.589372771370108,237434.244396641268395,2271452576.694627285003662
17,113,01784833,17113,0500000US17113,McLean,McLean County,06,H1,G4020,145,14010, ,A,3064597294.000000000000000,7804856.000000000000000,+40.4945594,-088.8445391,McLean,1089.630990034180059,1089.630990034180059,1089.630990034180059,952.979727099625961,947.990806845121028,957.652889117523955,949.951189628058955,944.321063331349023,955.319606937074013,949.951189628058955,944.321063331349023,955.319606937074013,922.838597749482005,911.860607398270986,933.521233902332028,1089.630990034180059,1089.630990034180059,1089.630990034180059,1022.625719951569977,1019.010914455550051,1026.146047047539923,1021.083176044380025,1017.092156354940016,1024.846317663000036,1021.083176044380025,1017.092156354940016,1024.846317663000036,998.013374204476008,990.237829596909023,1005.561040741220040,241298.756173054833198,3072402204.533659934997559
17,005,00424204,17005,0500000US17005,Bond,Bond County,06,H1,G4020,476,41180, ,A,985066653.000000000000000,6462629.000000000000000,+38.8859240,-089.4365916,Bond,2916.759065479449873,2916.759065479449873,2916.759065479449873,2623.598875333510023,2615.284944479049955,2631.789702706099888,2611.007099809440206,2602.374036052659903,2619.517060084329842,2611.007099809440206,2602.374036052659903,2619.517060084329842,2527.763131637960214,2503.934118016649791,2551.469041777399980,2916.759065479449873,2916.759065479449873,2916.759065479449873,2784.670784443970206,2780.753782717640206,2788.476120677490144,2779.977103683810128,2775.953229983900201,2783.889311890899990,2779.977103683810128,2775.953229983900201,2783.889311890899990,2707.475830449030127,2691.799617226909959,2723.040378178339779,130903.002008596246014,991529302.496755719184875
17,009,00424206,17009,0500000US17009,Brown,Brown County,06,H1,G4020, , , ,A,791828624.000000000000000,4144346.000000000000000,+39.9620694,-090.7503095,Brown,1055.844253506390032,1055.844253506390032,1055.844253506390032,870.645006444755950,865.374407255298024,875.694617222550050,861.216606503165053,854.808005665847986,867.404218928818977,861.216606503165053,854.808005665847986,867.404218928818977,850.623513485337980,843.751975465197006,857.305456839314957,1055.844253506390032,1055.844253506390032,1055.844253506390032,995.028987050177989,994.301140016966997,995.719196480878963,992.059755361696944,991.331908328485952,992.749964792398032,992.059755361696944,991.331908328485952,992.749964792398032,983.559432053860974,981.665143523987012,985.447476726723949,133596.865516520076199,795973012.706231951713562
17,095,00424249,17095,0500000US17095,Knox,Knox County,06,H1,G4020, ,23660, ,A,1855351760.000000000000000,8914499.000000000000000,+40.9309446,-090.2137921,Knox,1224.437395895600048,1224.437395895600048,1224.437395895600048,987.954603299853034,983.096908146360988,992.764605145275027,973.889853879825978,966.985873117090023,980.665395820414005,973.889853879825978,966.985873117090023,980.665395820414005,915.840990355965005,899.024266356551948,931.821249032527021,1226.351460974939982,1226.351460974939982,1226.351460974939982,1083.103071740499900,1080.923954240630110,1085.036041999339886,1075.027853689789936,1071.850953155299976,1077.958606983260097,1075.027853689789936,1071.850953155299976,1077.958606983260097,1024.966269264029961,1017.942989933419994,1032.098949877359928,174003.109750660107238,1864266316.208975076675415
17,019,00424211,17019,0500000US17019,Champaign,Champaign County,06,H1,G4020,169,16580, ,A,2579898008.000000000000000,6110542.000000000000000,+40.1389845,-088.1969749,Champaign,1615.449102813249965,1615.449102813249965,1615.449102813249965,1571.223163225299913,1569.553269180639973,1572.893057269960082,1563.279129604120044,1556.267958166310109,1570.290301041939983,1563.279129604120044,1556.267958166310109,1570.290301041939983,1068.887975576979898,1045.911780958269901,1099.081252579919919,1617.246056214529972,1617.246056214529972,1617.246056214529972,1602.395118712209978,1601.080894440420025,1603.709342983999932,1599.289032925230003,1597.135336331049984,1601.442729519400018,1599.289032925230003,1597.135336331049984,1601.442729519400018,1128.346096017849959,1112.288092146369991,1144.611450491529922,206738.075534230942139,2586008616.434655189514160
17,045,00424224,17045,0500000US17045,Edgar,Edgar County,06,H1,G4020, , , ,A,1614400671.000000000000000,1565052.000000000000000,+39.6790370,-087.7471102,Edgar,1291.951908950889901,1291.951908950889901,1291.951908950889901,1172.728849110070087,1170.700827191750022,1174.728711479539925,1170.104585487039913,1167.786135608999984,1172.394875816230069,1170.104585487039913,1167.786135608999984,1172.394875816230069,1165.185789596870109,1162.308466203179933,1168.034953441710059,1295.393510972570084,1295.393510972570084,1295.393510972570084,1250.210474262539947,1249.532352660959987,1250.888595864119907,1249.343022632920110,1248.446861169850081,1250.239184095989913,1249.343022632920110,1248.446861169850081,1250.239184095989913,1247.390003833560058,1246.400471264900034,1248.379536402220083,171394.015630144189345,1615904533.766225576400757
17,049,00424226,17049,0500000US17049,Effingham,Effingham County,06,H1,G4020, ,20820, ,A,1240001925.000000000000000,3178181.000000000000000,+39.0479445,-088.5928488,Effingham,1727.278873296199890,1727.278873296199890,1727.278873296199890,1463.759832728710080,1462.090230168080097,1465.310185171859985,1460.811053927789999,1458.221335733059959,1463.231433541549904,1460.811053927789999,1458.221335733059959,1463.231433541549904,1457.650257069700046,1454.557238054290110,1460.771736976819966,1727.278873296199890,1727.278873296199890,1727.278873296199890,1634.812575720130098,1634.080695316939909,1635.368812890309982,1633.461886704219978,1631.777772797549915,1634.801854190990070,1633.461886704219978,1631.777772797549915,1634.801854190990070,1631.512897953710080,1629.729884310700072,1633.149564649490003,144511.931255376839545,1243180115.522276878356934
17,035,00424219,17035,0500000US17035,Cumberland,Cumberland County,06,H1,G4020, ,20820, ,A,895995630.000000000000000,2532358.000000000000000,+39.2731210,-088.2406193,Cumberland,1179.887967262719940,1179.887967262719940,1179.887967262719940,990.440436538958011,989.837236347930002,991.043636729984996,985.859719964449027,985.256519773422042,986.462920155477036,985.859719964449027,985.256519773422042,986.462920155477036,967.756323173874989,965.162341300357980,970.350305047391998,1179.887967262719940,1179.887967262719940,1179.887967262719940,1121.555009874879943,1121.304979867959901,1121.805039881809989,1119.772197028310075,1119.449416535909904,1120.046477197060085,1119.772197028310075,1119.449416535909904,1120.046477197060085,1106.577913710199937,1104.582938941249949,1108.524388155509996,124777.654921792927780,898528009.918719172477722
17,033,00424218,17033,0500000US17033,Crawford,Crawford County,06,H1,G4020, , , ,A,1149031270.000000000000000,5744817.000000000000000,+39.0027865,-087.7606193,Crawford,4185.182151779889864,4185.182151779889864,4185.182151779889864,3959.094525392989908,3956.577259828400202,3961.445451130629863,3938.650956020499962,3928.133250887849954,3949.002321326200217,3938.650956020499962,3928.133250887849954,3949.002321326200217,3878.891726761739847,3851.203595770559787,3905.960495872180218,4185.430699229579659,4185.430699229579659,4185.430699229579659,4119.189318930890295,4118.737366547619786,4119.407482762199834,4104.954157827510244,4098.384129210099672,4111.290397892969850,4104.954157827510244,4098.384129210099672,4111.290397892969850,4064.786814794490056,4050.965565274209894,4077.984358342860105,163695.585933186346665,1154438662.774179697036743
17,179,01785094,17179,0500000US17179,Tazewell,Tazewell County,06,H1,G4020,427,37900, ,A,1674390616.000000000000000,29668273.000000000000000,+40.5080743,-089.5162598,Tazewell,3044.540979892490213,3044.540979892490213,3044.540979892490213,2779.259651790840053,2777.809859403389964,2780.709444178290141,2739.947638991030090,2737.990289473350003,2741.904988508710176,2739.947638991030090,2737.990289473350003,2741.904988508710176,2207.596193721979944,2194.351448384079958,2229.085909775290020,3044.540979892490213,3044.540979892490213,3044.540979892490213,2940.268031462040199,2939.134316341930116,2941.293908087270211,2905.398042040620112,2903.827462750260111,2906.860782836100043,2905.398042040620112,2903.827462750260111,2906.860782836100043,2393.499315073249818,2381.403531513969938,2411.627198296499955,195288.143915054359240,1704058946.282189369201660
17,151,00424277,17151,0500000US17151,Pope,Pope County,06,H1,G4020, , , ,A,955362038.000000000000000,14662240.000000000000000,+37.4171687,-088.5423737,Pope,2852.081048054119947,2852.081048054119947,2852.081048054119947,2700.592329741340109,2696.550429989849818,2704.224723691760119,2477.696003715810093,2446.348791025840001,2508.633710604709904,2477.696003715810093,2446.348791025840001,2508.633710604709904,1870.285652254229944,1782.576088299159892,1958.233977446049948,2852.924586075930165,2852.924586075930165,2852.924586075930165,2823.465447153039804,2823.326800258590083,2823.551289947150053,2631.469654953129975,2606.297934208279912,2656.588571597630107,2631.469654953129975,2606.297934208279912,2656.588571597630107,2102.359776987019814,2031.597348328660019,2173.069401545029905,163944.892909773770953,969733695.841638803482056
17,129,00424266,17129,0500000US17129,Menard,Menard County,06,H1,G4020,522,44100, ,A,814269348.000000000000000,2640418.000000000000000,+40.0225693,-089.7941326,Menard,1020.258966242430006,1020.258966242430006,1020.258966242430006,907.001962678274026,900.785699515218994,913.163362475041026,898.730349937092001,891.173928620124002,906.199423715126954,898.730349937092001,891.173928620124002,906.199423715126954,879.857575514370978,869.801043645520053,889.911721359871990,1020.258966242430006,1020.258966242430006,1020.258966242430006,972.071233757672985,971.404663430140999,972.682940718916029,967.113230631190049,965.992141310652983,968.179456585438970,967.113230631190049,965.992141310652983,968.179456585438970,952.635787501057052,950.550631990078955,954.666079645745981,150946.152176898962352,816909812.370838284492493
17,123,00424260,17123,0500000US17123,Marshall,Marshall County,06,H1,G4020,427,37900, ,A,1001865238.000000000000000,30343574.000000000000000,+41.0311192,-089.3423714,Marshall,1437.767519785659942,1437.767519785659942,1437.767519785659942,1357.470372353199991,1355.934185268330111,1359.006559438060094,1327.109970965949969,1325.573783881090094,1328.646158050810072,1327.109970965949969,1325.573783881090094,1328.646158050810072,750.477215481742974,729.929121960715975,774.767608053865956,1437.767519785659942,1437.767519785659942,1437.767519785659942,1398.586636924779896,1398.328101002540052,1398.845172847009962,1378.556171254359924,1378.297635332120080,1378.814707176599995,1378.556171254359924,1378.297635332120080,1378.814707176599995,924.082087749556990,905.277005748779970,941.121871651886977,155360.726299128262326,1032208794.677475690841675
17,031,01784766,17031,0500000US17031,Cook,Cook County,06,H1,G4020,176,16980,16984,A,2447358069.000000000000000,1786339736.000000000000000,+41.8942937,-087.6454546,Cook,0.000000000000000,0.000000000000000,0.000000000000000,0.000000000000000,0.000000000000000,0.000000000000000,0.000000000000000,0.000000000000000,0.000000000000000,0.000000000000000,0.000000000000000,0.000000000000000,0.000000000000000,0.000000000000000,0.000000000000000,0.000000000000000,0.000000000000000,0.000000000000000,0.000000000000000,0.000000000000000,0.000000000000000,0.000000000000000,0.000000000000000,0.000000000000000,0.000000000000000,0.000000000000000,0.000000000000000,0.000000000000000,0.000000000000000,0.000000000000000,301462.810224972898141,2481039978.045485496520996
17,059,00424231,17059,0500000US17059,Gallatin,Gallatin County,06,H1,G4020, , , ,A,836415230.000000000000000,13355417.000000000000000,+37.7686768,-088.2279642,Gallatin,5770.327423681230357,5770.327423681230357,5770.327423681230357,5718.435047314440453,5717.153662237789831,5719.695869569880415,5479.451914159079934,5416.141798903069684,5542.741466593900441,5479.451914159079934,5416.141798903069684,5542.741466593900441,4211.693660543420265,3954.447443692689831,4477.225211783899795,5770.327423681230357,5770.327423681230357,5770.327423681230357,5749.159651121950446,5748.563174918829645,5749.735564503869682,5573.097049374779999,5510.721750110859830,5635.451785817510427,5573.097049374779999,5510.721750110859830,5635.451785817510427,4378.566427020659830,4141.211965308750223,4620.682202260440135,139426.157215472660027,849259836.314616322517395
17,193,00424297,17193,0500000US17193,White,White County,06,H1,G4020, , , ,A,1281999215.000000000000000,17833681.000000000000000,+38.0873070,-088.1786196,White,5150.478846496320330,5150.478846496320330,5150.478846496320330,4910.935423744959735,4895.683589389749613,4926.094668285370062,4791.315367202430025,4755.007933954489999,4827.308177245059596,4791.315367202430025,4755.007933954489999,4827.308177245059596,4261.887609557799806,4138.607884891869617,4399.533758122750442,5150.478846496320330,5150.478846496320330,5150.478846496320330,5042.698099352440295,5035.807204782359804,5049.588993922519876,4980.172993535679780,4952.679968448090222,5007.666018623270247,4980.172993535679780,4952.679968448090222,5007.666018623270247,4509.740474298750087,4410.514591363919862,4620.327217084989570,190703.202064224868082,1298651137.235092878341675
17,039,00426598,17039,0500000US17039,De Witt,De Witt County,06,H1,G4020, , , ,A,1029678313.000000000000000,19492326.000000000000000,+40.1814993,-088.9018526,De Witt,736.511556208223055,736.511556208223055,736.511556208223055,647.597626084914054,644.165733210502026,651.029518959325969,643.033714522701985,639.156579358801991,646.886299528757945,643.033714522701985,639.156579358801991,646.886299528757945,462.561855928057980,454.084229494518979,470.985216926194994,736.740490722960999,736.740490722960999,736.740490722960999,687.217831599160945,686.364483740500987,688.071179457819994,683.672014542819056,682.720270510572050,684.623758575065949,683.672014542819056,682.720270510572050,684.623758575065949,510.787297284811018,506.523667192165021,515.050927377457015,141307.337614817661233,1049170679.907037496566772
17,047,00424225,17047,0500000US17047,Edwards,Edwards County,06,H1,G4020, , , ,A,576012469.000000000000000,781202.000000000000000,+38.4170954,-088.0479408,Edwards,1961.615537491340092,1961.615537491340092,1961.615537491340092,1814.806112399139920,1808.664670788949934,1820.684183973969994,1803.519283530059965,1796.874147122789964,1809.901049901970055,1803.519283530059965,1796.874147122789964,1809.901049901970055,1757.462881185469996,1743.831143425399887,1775.349144229390049,1961.615537491340092,1961.615537491340092,1961.615537491340092,1926.376430928349919,1926.376430928349919,1926.376430928349919,1922.016881438109976,1921.993424721290012,1922.040338154929941,1922.016881438109976,1921.993424721290012,1922.040338154929941,1879.754507723509960,1874.601588070119988,1889.425322696090007,132202.099531414714875,576793684.316753268241882
17,125,00424261,17125,0500000US17125,Mason,Mason County,06,H1,G4020, , , ,A,1396914845.000000000000000,62748509.000000000000000,+40.2369926,-089.9135746,Mason,5411.422832259149800,5411.422832259149800,5411.422832259149800,5332.102733465009806,5327.367821924090094,5336.837645005930426,4272.023030158869915,4221.630370801160097,4326.897894212779647,4272.023030158869915,4221.630370801160097,4326.897894212779647,2870.570749917359990,2742.534564546199817,3005.247983663719879,5411.422832259149800,5411.422832259149800,5411.422832259149800,5377.100556800370214,5376.219565786150270,5377.981547814580153,4655.788010848190424,4618.804217046449594,4692.726999968779637,4655.788010848190424,4618.804217046449594,4692.726999968779637,3612.075596252489959,3509.948642362749979,3713.315387654609822,249587.225317095086211,1459663434.223996877670288
17,013,00424208,17013,0500000US17013,Calhoun,Calhoun County,06,H1,G4020,476,41180, ,A,657415185.000000000000000,77051402.000000000000000,+39.1642619,-090.6662948,Calhoun,5657.492746739359973,5657.492746739359973,5657.492746739359973,5457.144104517479718,5453.760863562009945,5459.988317478920180,5376.563352913630297,5367.122732706219722,5385.464945127009742,5376.563352913630297,5367.122732706219722,5385.464945127009742,4466.731712804549716,4415.616436670319672,4510.231436500340351,5657.795484899190342,5657.795484899190342,5657.795484899190342,5596.601389239759555,5595.242954747080148,5597.534843013089812,5540.009309806219790,5536.292728441239888,5543.300910451859636,5540.009309806219790,5536.292728441239888,5543.300910451859636,4815.143615071419845,4772.160141117229614,4850.647119631000351,179449.486710283468710,733930228.778424382209778
17,121,00424259,17121,0500000US17121,Marion,Marion County,06,H1,G4020,476,16460, ,A,1482866786.000000000000000,9232943.000000000000000,+38.6482361,-088.9203624,Marion,5350.318328037629726,5350.318328037629726,5350.318328037629726,5007.072311676590289,4993.310669290060105,5019.755701755860173,4962.507645871140085,4947.930416955559849,4975.986258972079668,4962.507645871140085,4947.930416955559849,4975.986258972079668,4877.924784729059866,4855.512980669070203,4899.463558019579978,5350.318328037629726,5350.318328037629726,5350.318328037629726,5254.974108699149838,5252.254294793229747,5257.219439811749908,5228.835837924710177,5225.783324594320220,5231.326363066929844,5228.835837924710177,5225.783324594320220,5231.326363066929844,5156.487645407140008,5147.718024518099810,5164.974996392509638,155413.225637677940540,1492099758.720022916793823
17,187,01785134,17187,0500000US17187,Warren,Warren County,06,H1,G4020, , , ,A,1404705831.000000000000000,1735113.000000000000000,+40.8504412,-090.6202228,Warren,677.700617715662020,677.700617715662020,677.700617715662020,549.882742278843011,546.603431312788985,553.162053244897038,543.737115861492953,538.177812845798030,549.295292106182046,543.737115861492953,538.177812845798030,549.295292106182046,515.141813980776988,502.409903519447994,527.985305018547024,677.700617715662020,677.700617715662020,677.700617715662020,603.417318305786011,602.666312125832974,604.168324485739049,601.291875508443013,599.572322681416949,603.011428335468054,601.291875508443013,599.572322681416949,603.011428335468054,583.860227735616036,577.913150062817977,589.736614669850042,155158.586787260923302,1406440995.236120700836182
17,023,00424213,17023,0500000US17023,Clark,Clark County,06,H1,G4020, , , ,A,1298594814.000000000000000,8731439.000000000000000,+39.3323343,-087.7916832,Clark,2213.994004816459892,2213.994004816459892,2213.994004816459892,1904.274471426379932,1899.366299281490001,1909.219597398270025,1891.454961406019947,1883.957827989150019,1898.944629659890097,1891.454961406019947,1883.957827989150019,1898.944629659890097,1845.814406514929942,1835.181933860600111,1856.439414006259994,2213.994004816459892,2213.994004816459892,2213.994004816459892,2076.101403488370124,2074.697551218820081,2077.587823554869829,2068.743560372659886,2064.818455493620149,2072.706814058669806,2068.743560372659886,2064.818455493620149,2072.706814058669806,2027.201131961490091,2019.323306866250050,2034.532388172900028,165283.526317285955884,1307068900.684902667999268
17,191,00424296,17191,0500000US17191,Wayne,Wayne County,06,H1,G4020, , , ,A,1848817749.000000000000000,4217594.000000000000000,+38.4318573,-088.4324302,Wayne,9478.047039718110682,9478.047039718110682,9478.047039718110682,9171.297441228640309,9146.048902972979704,9196.631516240959172,9094.560444282740718,9050.182594378949943,9139.344290098490092,9094.560444282740718,9050.182594378949943,9139.344290098490092,8777.463603862890523,8706.952247696959603,8848.169356348069414,9478.047039718110682,9478.047039718110682,9478.047039718110682,9404.101912866779458,9392.984179159389896,9411.600532460610339,9371.765882671010331,9348.121637295389519,9391.766737412550356,9371.765882671010331,9348.121637295389519,9391.766737412550356,9078.644894500719602,9028.265852995300520,9121.433784395909242,173101.935782003245549,1853035367.702933311462402
17,089,00424246,17089,0500000US17089,Kane,Kane County,06,H1,G4020,176,16980,20994,A,1345139287.000000000000000,12480820.000000000000000,+41.9395938,-088.4280395,Kane,0.000000000000000,0.000000000000000,0.000000000000000,0.000000000000000,0.000000000000000,0.000000000000000,0.000000000000000,0.000000000000000,0.000000000000000,0.000000000000000,0.000000000000000,0.000000000000000,0.000000000000000,0.000000000000000,0.000000000000000,0.000000000000000,0.000000000000000,0.000000000000000,0.000000000000000,0.000000000000000,0.000000000000000,0.000000000000000,0.000000000000000,0.000000000000000,0.000000000000000,0.000000000000000,0.000000000000000,0.000000000000000,0.000000000000000,0.000000000000000,156711.254547744058073,1357620109.175392150878906
17,105,00424254,17105,0500000US17105,Livingston,Livingston County,06,H1,G4020,145,38700, ,A,2702983876.000000000000000,5975815.000000000000000,+40.8943761,-088.5528518,Livingston,898.629457760250943,898.629457760250943,898.629457760250943,853.018849297032034,851.242836478581012,854.774191394811965,842.217355086682005,839.565278129347007,844.848761323346025,842.217355086682005,839.565278129347007,844.848761323346025,790.269752256411039,781.825126333029971,798.357281791617993,899.287795597001946,899.287795597001946,899.287795597001946,876.624885721534952,876.359530417728024,876.890241025341993,869.078175050206028,868.013408193618034,870.142941906794022,869.078175050206028,868.013408193618034,870.142941906794022,822.367958854964968,815.965677988364973,828.410474881727964,225552.871256234124303,2708959793.499500274658203
17,085,00424244,17085,0500000US17085,Jo Daviess,Jo Daviess County,06,H1,G4020, , , ,A,1556385363.000000000000000,45789931.000000000000000,+42.3623905,-090.2114705,Jo Daviess,823.543088382019050,823.543088382019050,823.543088382019050,771.686621518095990,761.203817730742003,781.412014122370010,758.019401649147994,740.312111311044987,774.956733821377952,758.019401649147994,740.312111311044987,774.956733821377952,265.402836803758021,227.599692439065990,302.905022464030026,823.543088382019050,823.543088382019050,823.543088382019050,808.083928571247043,806.131212470087007,810.036644672406965,797.342910586315043,788.306486488644055,805.953202949600040,797.342910586315043,788.306486488644055,805.953202949600040,321.028133708274027,301.274359966493989,340.168315990452982,176409.027607764088316,1601189608.828780651092529
17,199,01785215,17199,0500000US17199,Williamson,Williamson County,06,H1,G4020,166,32060, ,A,1088353644.000000000000000,62455779.000000000000000,+37.7303533,-088.9300182,Williamson,4889.796899508480237,4889.796899508480237,4889.796899508480237,4481.418622862650409,4461.865311059639680,4500.136834852760330,4346.137231474060172,4289.639480679289591,4403.905823892900116,4346.137231474060172,4289.639480679289591,4403.905823892900116,3887.937805353989916,3752.977559087729787,4023.858596094729819,4889.796899508480237,4889.796899508480237,4889.796899508480237,4782.777777638880252,4776.410014460620005,4787.715404752860195,4692.395661567379648,4653.222261176570100,4732.340242508439587,4692.395661567379648,4653.222261176570100,4732.340242508439587,4294.036218970810296,4174.829143041990392,4410.570075278250442,136746.270525178493699,1150809403.558439493179321
17,003,00424203,17003,0500000US17003,Alexander,Alexander County,06,H1,G4020,164,16020, ,A,609667770.000000000000000,44639202.000000000000000,+37.1836583,-089.3495158,Alexander,4870.835017646460074,4870.835017646460074,4870.835017646460074,4837.671159077120137,4837.480958307140099,4837.781151298700024,4820.359174410259584,4818.627499708550204,4822.010640563559718,4820.359174410259584,4818.627499708550204,4822.010640563559718,2767.455507204670084,2687.928320701189932,2847.249419292820221,4870.835017646460074,4870.835017646460074,4870.835017646460074,4865.686043977069858,4865.565731154460082,4865.726148251270388,4852.344624930709870,4851.348681842930091,4853.260359470100411,4852.344624930709870,4851.348681842930091,4853.260359470100411,2986.531025153310111,2786.105423585309836,3189.016473710460104,179139.106753735075472,653247672.967756509780884
17,063,00424233,17063,0500000US17063,Grundy,Grundy County,06,H1,G4020,176,16980,16984,A,1082959771.000000000000000,32112492.000000000000000,+41.2924096,-088.4010545,Grundy,0.000000000000000,0.000000000000000,0.000000000000000,0.000000000000000,0.000000000000000,0.000000000000000,0.000000000000000,0.000000000000000,0.000000000000000,0.000000000000000,0.000000000000000,0.000000000000000,0.000000000000000,0.000000000000000,0.000000000000000,0.000000000000000,0.000000000000000,0.000000000000000,0.000000000000000,0.000000000000000,0.000000000000000,0.000000000000000,0.000000000000000,0.000000000000000,0.000000000000000,0.000000000000000,0.000000000000000,0.000000000000000,0.000000000000000,0.000000000000000,135414.718074274540413,1115072294.221180200576782
17,079,00424241,17079,0500000US17079,Jasper,Jasper County,06,H1,G4020, , , ,A,1281043466.000000000000000,9334674.000000000000000,+39.0048857,-088.1507245,Jasper,2404.986239818450031,2404.986239818450031,2404.986239818450031,2180.280253637260103,2179.423619858529946,2180.991654632859991,2167.240003231930132,2163.821518261559959,2170.513255419160032,2167.240003231930132,2163.821518261559959,2170.513255419160032,2101.055801759699989,2086.153513627719803,2115.731057211010011,2407.753985518129866,2407.753985518129866,2407.753985518129866,2340.948034075010128,2340.106131349709813,2341.592971559170110,2333.743677364780069,2330.612261825389851,2336.000174754020009,2333.743677364780069,2330.612261825389851,2336.000174754020009,2274.643050987459901,2263.055602804689897,2285.355581020080081,143271.670838710735552,1290378167.852465629577637
17,165,00424283,17165,0500000US17165,Saline,Saline County,06,H1,G4020, , , ,A,984186255.000000000000000,17963038.000000000000000,+37.7515083,-088.5450236,Saline,4794.667084454999895,4794.667084454999895,4794.667084454999895,4624.493942327660079,4607.065189078300136,4641.111577490770287,4553.274010737410208,4534.071829584720035,4571.322513956630246,4553.274010737410208,4534.071829584720035,4571.322513956630246,3764.402781353469891,3700.010383720350092,3827.577304239830028,4794.800211097760439,4794.800211097760439,4794.800211097760439,4756.072084180380443,4752.632581089799714,4759.285223193290221,4703.242547061840014,4699.156475306410357,4707.102254739589625,4703.242547061840014,4699.156475306410357,4707.102254739589625,4001.643748397700165,3942.423045601579815,4062.399997976210216,127264.458434281696100,1002149349.286516904830933
17,163,01784987,17163,0500000US17163,St. Clair,St. Clair County,06,H1,G4020,476,41180, ,A,1703560308.000000000000000,41809674.000000000000000,+38.4701976,-089.9285459,St. Clair,9637.214142483670003,9637.214142483670003,9637.214142483670003,9035.975560495959144,9033.083462399899872,9038.575447733210240,8902.561932044109199,8886.499830296170330,8918.299689497489453,8902.561932044109199,8886.499830296170330,8918.299689497489453,8122.546937548339884,8012.286470944940447,8228.092039413679231,9664.968605897800444,9664.968605897800444,9664.968605897800444,9464.224011800610242,9461.144798291790721,9466.463399090280291,9429.856523648590155,9419.671068790810750,9439.202152287229183,9429.856523648590155,9419.671068790810750,9439.202152287229183,8780.993791405369848,8706.177607374420404,8856.145232529250279,184500.542857355496380,1745296249.450654983520508
17,189,01785150,17189,0500000US17189,Washington,Washington County,06,H1,G4020, , , ,A,1457120178.000000000000000,3386079.000000000000000,+38.3531405,-089.4171873,Washington,6913.694950124880052,6911.003461295040324,6916.386438954709774,6607.206536544669689,6595.437505633000001,6618.682112263440104,6554.964320055900316,6527.865942609209924,6581.823079952379885,6554.964320055900316,6527.865942609209924,6581.823079952379885,6480.275316797339656,6416.452201672889714,6534.022583227009818,6926.624099814510373,6923.932610984669736,6929.315588644340096,6775.090084245290200,6765.900126372889645,6783.467312436089742,6754.057398506710342,6734.752247695810183,6772.581744150479608,6754.057398506710342,6734.752247695810183,6772.581744150479608,6707.697165553689956,6662.882103212449692,6742.288178471409992,200673.526509334042203,1460506307.607318878173828
17,159,00424281,17159,0500000US17159,Richland,Richland County,06,H1,G4020, , , ,A,932518180.000000000000000,4840675.000000000000000,+38.7121872,-088.0854523,Richland,3481.184857215299871,3481.184857215299871,3481.184857215299871,3309.724345699460173,3307.046515383140104,3312.223753376869809,3303.827651429599882,3300.148873486540197,3307.328006733750044,3303.827651429599882,3300.148873486540197,3307.328006733750044,3130.491625516770000,3120.047561572820086,3140.757266821809935,3481.184857215299871,3481.184857215299871,3481.184857215299871,3463.231223876170134,3460.840990163089828,3465.461421847880047,3462.741419738869808,3459.913128815239816,3465.307128109339828,3462.741419738869808,3459.913128815239816,3465.307128109339828,3291.809984134150000,3282.786965020769912,3300.570420694370114,140797.229332607326796,937358860.570258140563965
17,145,01784940,17145,0500000US17145,Perry,Perry County,06,H1,G4020, , , ,A,1144587288.000000000000000,13199036.000000000000000,+38.0843809,-089.3685249,Perry,6534.407744296900091,6534.407744296900091,6534.407744296900091,6159.420369465799922,6147.093747176149918,6170.781672832899858,6062.618190104079986,6042.457572253780199,6081.778326760860182,6062.618190104079986,6042.457572253780199,6081.778326760860182,5204.137011973920380,5114.412895363960160,5311.513888587829570,6534.407744296900091,6534.407744296900091,6534.407744296900091,6408.556529371709985,6403.361052150449723,6413.122867484919880,6343.122168100650015,6330.320983611100019,6353.264667250129605,6343.122168100650015,6330.320983611100019,6353.264667250129605,5589.001072205480341,5490.891874207690307,5684.166248826550145,153054.037217139150016,1157786354.136499881744385
17,087,00424245,17087,0500000US17087,Johnson,Johnson County,06,H1,G4020, , , ,A,890274791.000000000000000,12813242.000000000000000,+37.4607092,-088.8821305,Johnson,2503.614270859489807,2503.614270859489807,2503.614270859489807,2246.933313594379797,2240.578194398930009,2253.429072816530152,2115.840599834430122,2048.984990986969933,2182.836848708579964,2115.840599834430122,2048.984990986969933,2182.836848708579964,1740.918199084110029,1534.252044520809932,1930.748378934400080,2503.614270859489807,2503.614270859489807,2503.614270859489807,2456.406307582039972,2456.027204524240005,2456.822796355780156,2360.627929716679773,2292.033256482280194,2429.259988667020025,2360.627929716679773,2292.033256482280194,2429.259988667020025,2016.607791933159888,1809.525607151329950,2206.939961814499839,128717.097824213371496,903088099.856120347976685
17,153,01784966,17153,0500000US17153,Pulaski,Pulaski County,06,H1,G4020, , , ,A,516105488.000000000000000,9763459.000000000000000,+37.2156152,-089.1277549,Pulaski,2582.371211011839932,2582.371211011839932,2582.371211011839932,2436.146519032040032,2433.258568738870053,2438.868926540289976,2308.992639054089977,2288.589673339669844,2332.817060267329907,2308.992639054089977,2288.589673339669844,2332.817060267329907,1750.602685533490103,1637.632075492739887,1867.354693888770043,2582.435601698559822,2582.435601698559822,2582.435601698559822,2551.034527701250227,2550.967520860359855,2551.101534542140143,2455.786099078380175,2411.333494159369820,2503.825702281139911,2455.786099078380175,2411.333494159369820,2503.825702281139911,1937.982634808299963,1815.555356770430080,2065.161495132179880,138934.107033758977195,525594304.924776613712311
17,119,00424258,17119,0500000US17119,Madison,Madison County,06,H1,G4020,476,41180, ,A,1853192372.000000000000000,63157281.000000000000000,+38.8271195,-089.9002267,Madison,6726.585862524430013,6726.585862524430013,6726.585862524430013,6104.246091412060196,6092.639402453880393,6115.488917676770143,6072.574840654159743,6055.088754933210112,6087.929658911500155,6072.574840654159743,6055.088754933210112,6087.929658911500155,5958.861537240650250,5928.307495292900057,5986.682481459180053,6728.604788835609725,6728.604788835609725,6728.604788835609725,6387.597288295870385,6383.230772462109599,6391.479480633829553,6371.172568099489581,6362.132320868259740,6378.013759479779765,6371.172568099489581,6362.132320868259740,6378.013759479779765,6292.400839029080089,6272.021532026789828,6310.581090180429783,197398.951194302644581,1916074947.123424530029297
17,139,01784885,17139,0500000US17139,Moultrie,Moultrie County,06,H1,G4020, , , ,A,870127368.000000000000000,22111272.000000000000000,+39.6368956,-088.6257259,Moultrie,1508.976080553780093,1508.976080553780093,1508.976080553780093,1424.144930065539938,1424.144930065539938,1424.144930065539938,734.142419195082994,722.381568996047008,747.909093549151976,734.142419195082994,722.381568996047008,747.909093549151976,665.658630399915978,644.334912912690015,689.224262543183045,1509.603374485760014,1509.603374485760014,1509.603374485760014,1447.241578288630080,1447.241578288630080,1447.241578288630080,759.894973206054033,748.476393053966945,771.937206309936983,759.894973206054033,748.476393053966945,771.937206309936983,707.213832066106988,688.374406143847978,726.444656319422052,134761.517742884112522,892238677.938138246536255
17,141,01784894,17141,0500000US17141,Ogle,Ogle County,06,H1,G4020,466,40300, ,A,1964903749.000000000000000,12378958.000000000000000,+42.0418840,-089.3201764,Ogle,1414.708568861349931,1412.689909740560097,1416.727227982139993,1372.899533599410006,1368.934233875520022,1376.664736000780067,1359.358823873649953,1354.264458670789963,1364.253091754000025,1359.358823873649953,1354.264458670789963,1364.253091754000025,793.696609684067994,745.876449228689012,852.326914957496001,1417.293609004030031,1417.293609004030031,1417.293609004030031,1392.360604263910091,1392.088870740770062,1392.632337787059896,1385.892383951490046,1385.271660229379904,1386.513107673599961,1385.892383951490046,1385.271660229379904,1386.513107673599961,870.781765502184953,844.188917426944045,899.668216263130034,198361.116917325794930,1977282745.545249938964844
17,027,00424215,17027,0500000US17027,Clinton,Clinton County,06,H1,G4020,476,41180, ,A,1227502153.000000000000000,75634262.000000000000000,+38.6062953,-089.4262278,Clinton,12026.332866580400150,12026.332866580400150,12026.332866580400150,11858.216485792499952,11848.103987263200906,11869.195148418100871,11724.070695810400139,11688.334567861700634,11760.024624670699268,11724.070695810400139,11688.334567861700634,11760.024624670699268,10922.912320891300624,10759.048400223500721,11100.774414022800556,12026.350255913599540,12026.350255913599540,12026.350255913599540,11975.632860933699703,11966.987167450099150,11983.435906273000001,11907.080171720099315,11885.334655937100251,11927.913629431699519,11907.080171720099315,11885.334655937100251,11927.913629431699519,11241.390874423999776,11074.635999414700564,11404.594549966699560,209961.570052884664619,1303136433.013887643814087
17,099,00422247,17099,0500000US17099,LaSalle,LaSalle County,06,H1,G4020,176,36837, ,A,2939940625.000000000000000,33828203.000000000000000,+41.3433407,-088.8859312,LaSalle,2347.147995810590146,2347.147995810590146,2347.147995810590146,2256.783446990480115,2250.694315682339948,2262.584708471340036,2098.087794644719907,2081.910907425829919,2112.636005859969828,2098.087794644719907,2081.910907425829919,2112.636005859969828,1361.088663382530058,1297.178872482400038,1427.108984997280004,2347.752068462720217,2347.752068462720217,2347.752068462720217,2312.710381083550146,2311.298327999430057,2313.874242162110022,2190.573867274250006,2178.447148607329837,2201.143146933919979,2190.573867274250006,2178.447148607329837,2201.143146933919979,1541.756606312389977,1493.324090583070074,1589.310673013389987,252145.530054440867389,2973768931.430713653564453
17,143,01784920,17143,0500000US17143,Peoria,Peoria County,06,H1,G4020,427,37900, ,A,1602412938.000000000000000,29919375.000000000000000,+40.7859722,-089.7669933,Peoria,2860.739365293080027,2860.739365293080027,2860.739365293080027,2434.491359796730194,2426.458449018939973,2442.347878782280077,2389.866770323109904,2376.115607316060050,2404.368069432080119,2389.866770323109904,2376.115607316060050,2404.368069432080119,2027.649544081949898,1997.452458623250095,2058.146350750510010,2860.739365293080027,2860.739365293080027,2860.739365293080027,2663.443758903139951,2660.486720260119910,2666.400797546169997,2640.996518069230206,2637.426620042319882,2645.603335600440005,2640.996518069230206,2637.426620042319882,2645.603335600440005,2319.710782204479983,2298.087149381270137,2342.237952698850222,180467.319992444041418,1632332375.989511728286743
17,069,00424236,17069,0500000US17069,Hardin,Hardin County,06,H1,G4020, , , ,A,459438162.000000000000000,10482693.000000000000000,+37.5178517,-088.2661478,Hardin,860.406296176275987,860.347573683883979,860.465018668666971,826.375539669006002,826.136653689827995,826.614425648184010,799.915791245370997,799.676905266192989,800.154677224550028,799.915791245370997,799.676905266192989,800.154677224550028,733.158068118254960,731.976127731328006,734.340008505183050,883.980350656564042,883.980350656564042,883.980350656564042,881.101069354542005,881.101069354542005,881.101069354542005,880.863700416579036,880.863700416579036,880.863700416579036,880.863700416579036,880.863700416579036,880.863700416579036,817.525515683420963,817.231860278870954,817.819171087970972,96838.406127400798141,469177807.810424983501434
17,093,00424248,17093,0500000US17093,Kendall,Kendall County,06,H1,G4020,176,16980,20994,A,829425891.000000000000000,5122499.000000000000000,+41.5881403,-088.4306257,Kendall,674.850725394540973,674.850725394540973,674.850725394540973,625.104959666266950,620.917657223762944,629.292262108770046,609.032946526211049,602.646007729735970,615.419885322686014,609.032946526211049,602.646007729735970,615.419885322686014,408.245957609468007,382.721811486960974,433.817140207495015,674.850725394540973,674.850725394540973,674.850725394540973,647.909948506372984,644.484172915070985,651.335724097676007,637.624343069692031,632.508050883199985,642.740635256183964,637.624343069692031,632.508050883199985,642.740635256183964,464.649827859868992,449.956678179462983,479.388225069087014,115503.964533104459406,834548414.512328505516052
17,177,01785076,17177,0500000US17177,Stephenson,Stephenson County,06,H1,G4020,466,23300, ,A,1461392058.000000000000000,1350223.000000000000000,+42.3497262,-089.6659942,Stephenson,1657.086033849370097,1657.086033849370097,1657.086033849370097,1609.327283088450031,1604.793621248840054,1613.763026403860067,1591.790380489359904,1584.107517115370001,1599.375325339150095,1591.790380489359904,1584.107517115370001,1599.375325339150095,849.760094092614963,797.032061185566022,903.365029101579012,1657.162319424500083,1657.162319424500083,1657.162319424500083,1645.883940755679987,1645.685185531049910,1645.974885072210100,1636.680215679180037,1635.419876573110059,1637.832743877160055,1636.680215679180037,1635.419876573110059,1637.832743877160055,939.822898504658951,915.129439577901962,964.679309501627017,154134.846833409130340,1462681718.862344503402710
17,057,00424230,17057,0500000US17057,Fulton,Fulton County,06,H1,G4020,427,15900, ,A,2242138203.000000000000000,43898933.000000000000000,+40.4652401,-090.2022689,Fulton,2772.696485891449811,2772.696485891449811,2772.696485891449811,2364.324350273589971,2340.883675149740156,2386.417179385370218,2317.658776229230170,2283.594978866160091,2350.035593458319909,2317.658776229230170,2283.594978866160091,2350.035593458319909,2093.772922964049940,2042.314007813550006,2142.696231554859878,2775.277225131259911,2775.277225131259911,2775.277225131259911,2582.758262362880032,2580.008171451710041,2585.310520814819938,2552.038473155069823,2540.915552780879807,2562.796957262699834,2552.038473155069823,2540.915552780879807,2562.796957262699834,2364.079139183299958,2341.572560130859983,2386.207738645030076,200677.126816939446144,2286037243.171342372894287
17,135,01784866,17135,0500000US17135,Montgomery,Montgomery County,06,H1,G4020, , , ,A,1822745305.000000000000000,15472187.000000000000000,+39.2280681,-089.4781406,Montgomery,2265.790571051690222,2265.790571051690222,2265.790571051690222,1891.178360643589940,1869.055133131159891,1912.711142139090043,1848.058769272530071,1823.219303236440055,1872.281515398130068,1848.058769272530071,1823.219303236440055,1872.281515398130068,1749.107756895949933,1708.856357657740091,1788.262092713689981,2265.790571051690222,2265.790571051690222,2265.790571051690222,2079.745050052129955,2071.939580347040192,2087.160226581620009,2041.321893997790085,2032.554631412280060,2049.672589514149877,2041.321893997790085,2032.554631412280060,2049.672589514149877,1948.795039223020012,1928.748026693009933,1968.004976312520057,213775.224203495803522,1838217527.850199937820435
17,115,00424256,17115,0500000US17115,Macon,Macon County,06,H1,G4020, ,19500, ,A,1503613053.000000000000000,13477733.000000000000000,+39.8602372,-088.9615288,Macon,1312.611229324809983,1312.611229324809983,1312.611229324809983,1235.759490279320062,1233.463234466890071,1237.914229584850091,1230.907148612270021,1227.458026341839968,1234.214754375790108,1230.907148612270021,1227.458026341839968,1234.214754375790108,1076.707585627239951,1065.847563531199967,1087.426091216369969,1312.611229324809983,1312.611229324809983,1312.611229324809983,1281.537770618379909,1280.135341069350034,1282.940200167420016,1278.465560767770057,1276.120888233100004,1280.787503677280029,1278.465560767770057,1276.120888233100004,1280.787503677280029,1146.291410288130010,1140.879132983069894,1151.680957968040047,169845.540446740953485,1517090763.520284891128540
17,155,00424279,17155,0500000US17155,Putnam,Putnam County,06,H1,G4020,176,36837, ,A,414649975.000000000000000,31194387.000000000000000,+41.1989613,-089.2983474,Putnam,1802.783100036549968,1802.783100036549968,1802.783100036549968,1767.212536637990070,1766.887457934079976,1767.494072937189912,1624.828967252829898,1621.989410010259917,1627.624982090690082,1624.828967252829898,1621.989410010259917,1627.624982090690082,388.641262749270993,379.705736396015993,397.533246697818015,1802.783100036549968,1802.783100036549968,1802.783100036549968,1786.045011744980002,1785.719933041069908,1786.326548044180072,1654.951270697659993,1651.721277906159912,1658.137721084450050,1654.951270697659993,1651.721277906159912,1658.137721084450050,464.281752506752980,450.407181174304014,478.112781434494025,98899.081319275530404,445844399.513180732727051
17,169,01785037,17169,0500000US17169,Schuyler,Schuyler County,06,H1,G4020, , , ,A,1132602766.000000000000000,10510632.000000000000000,+40.1569048,-090.6134641,Schuyler,2221.447318282549986,2221.447318282549986,2221.447318282549986,1967.405395894239973,1953.731197111819938,1979.608169930779923,1937.073906022609890,1915.170048721829971,1957.506338577499946,1937.073906022609890,1915.170048721829971,1957.506338577499946,1860.027991466929961,1821.453216251029971,1899.171489168709968,2221.447318282549986,2221.447318282549986,2221.447318282549986,2109.212586044140153,2108.391754268870045,2110.033417819419810,2093.485038394249841,2087.651829056269889,2099.318247732239797,2093.485038394249841,2087.651829056269889,2099.318247732239797,2039.308648790359939,2021.009920748700097,2057.526315114900171,186145.429528823238797,1143113415.824647188186646
17,103,00424253,17103,0500000US17103,Lee,Lee County,06,H1,G4020,221,19940, ,A,1877142078.000000000000000,9779872.000000000000000,+41.7474465,-089.2993616,Lee,1072.294269116780015,1072.117818575100046,1072.470719658459984,987.831272142945977,986.912288314058969,988.671795872823054,925.166257755397965,917.591478018229054,932.612515177557952,925.166257755397965,917.591478018229054,932.612515177557952,725.923286455535958,670.419862981157962,780.245395097339951,1083.310065738980029,1083.133615197300060,1083.486516280659998,1044.107372762090108,1043.724818374369988,1044.411467050799956,991.956183796234995,987.938644806782008,995.834542160622050,991.956183796234995,987.938644806782008,995.834542160622050,826.018064215675054,787.033442442539013,864.235428955053976,190789.192392009281320,1886921987.713798046112061
17,175,00424288,17175,0500000US17175,Stark,Stark County,06,H1,G4020,427,37900, ,A,746189904.000000000000000,684784.000000000000000,+41.0969077,-089.7974111,Stark,252.375188420927003,252.375188420927003,252.375188420927003,228.339526622716988,227.191629288695992,229.487423956736990,226.412020830050011,224.944997317351010,227.879044342749012,226.412020830050011,224.944997317351010,227.879044342749012,214.409029722029999,210.296066578752999,218.762710030320989,252.375188420927003,252.375188420927003,252.375188420927003,234.655166418580990,234.655166418580990,234.655166418580990,233.322543484444992,233.184578600239007,233.460508368652000,233.322543484444992,233.184578600239007,233.460508368652000,222.427925800820987,220.752394710433009,224.344174056224006,115921.414560658900882,746874695.244978666305542
17,017,00424210,17017,0500000US17017,Cass,Cass County,06,H1,G4020, , , ,A,973198198.000000000000000,20569928.000000000000000,+39.9692024,-090.2457045,Cass,3054.954290163029782,3054.954290163029782,3054.954290163029782,2924.626320029999988,2915.553355407359959,2933.658436880390127,2595.461609063279866,2579.161871930470170,2611.792124432980017,2595.461609063279866,2579.161871930470170,2611.792124432980017,1776.440621048370076,1747.456247455889979,1805.236831856200070,3057.854981671020141,3057.854981671020141,3057.854981671020141,2985.073761611779901,2981.965154703550070,2988.079034318110189,2691.632855508300054,2685.429589707399828,2697.707130274330211,2691.632855508300054,2685.429589707399828,2697.707130274330211,1892.347030894799900,1878.196318928359915,1904.831753726289890,178969.612485895951977,993768157.909011721611023
17,201,01785216,17201,0500000US17201,Winnebago,Winnebago County,06,H1,G4020,466,40420, ,A,1328789495.000000000000000,15877063.000000000000000,+42.3373957,-089.1612053,Winnebago,3348.182425344009971,3348.182425344009971,3348.182425344009971,3229.007151438509936,3223.383902603080060,3234.630400273939813,3169.937338097320207,3151.269651931640055,3187.870498726810183,3169.937338097320207,3151.269651931640055,3187.870498726810183,1218.737528770519930,1056.526572210239920,1394.771822880260061,3358.354360520620048,3358.354360520620048,3358.354360520620048,3329.739102882930183,3329.258385181130052,3330.219820584739864,3305.390089103640094,3299.724247138859937,3311.264193546259776,3305.390089103640094,3299.724247138859937,3311.264193546259776,1549.998777467840000,1426.435367975449935,1672.622141199050020,152907.647085805743700,1344633465.772048711776733
17,185,00424293,17185,0500000US17185,Wabash,Wabash County,06,H1,G4020, , , ,A,578403989.000000000000000,10973571.000000000000000,+38.4458209,-087.8391674,Wabash,2431.633314694190176,2431.633314694190176,2431.633314694190176,2363.449389697999777,2362.813723410090006,2364.042066414689998,2356.771392139100044,2355.375882543440184,2357.617349958380146,2356.771392139100044,2355.375882543440184,2357.617349958380146,2311.790526086139835,2278.087690906700118,2332.104115719219863,2431.694436827920072,2431.694436827920072,2431.694436827920072,2404.315545834149816,2404.315545834149816,2404.315545834149816,2399.045000769860053,2398.448630765190046,2399.243790771410204,2399.045000769860053,2398.448630765190046,2399.243790771410204,2366.270792934799829,2352.645799878489925,2376.761354042590028,171099.482806508516660,588891052.967256307601929
17,073,00424238,17073,0500000US17073,Henry,Henry County,06,H1,G4020,209,19340, ,A,2132042739.000000000000000,6481370.000000000000000,+41.3500209,-090.1308378,Henry,1247.187153122890095,1247.187153122890095,1247.187153122890095,1114.264090671279973,1114.018351949790031,1114.509829392769916,1098.932345504870000,1096.794103408999945,1101.070587600740055,1098.932345504870000,1096.794103408999945,1101.070587600740055,933.726061409366025,913.436452328140945,954.212256530487025,1252.501228785849889,1252.501228785849889,1252.501228785849889,1165.920147621819979,1165.826279827379949,1166.014015416270013,1156.238571656529984,1155.866631555969889,1156.610511757100085,1156.238571656529984,1155.866631555969889,1156.610511757100085,1038.359522157900074,1023.369135714489971,1053.839048498170087,187464.438439639256103,2138524149.203216791152954
17,109,01784729,17109,0500000US17109,McDonough,McDonough County,06,H1,G4020, ,31380, ,A,1526291866.000000000000000,2060301.000000000000000,+40.4558082,-090.6789543,McDonough,2122.222623389930050,2121.710485049250110,2122.734761730609989,1917.080480454470035,1887.967880840469888,1945.495009039219894,1910.668339165139969,1880.182380605059961,1940.435970761950102,1910.668339165139969,1880.182380605059961,1940.435970761950102,1723.581514659159893,1667.319405214339895,1779.190846264370066,2122.734761730609989,2122.734761730609989,2122.734761730609989,2036.524200867130048,2032.416368818519913,2040.579662963210012,2033.055343974579955,2028.596171626059913,2037.441890436530002,2033.055343974579955,2028.596171626059913,2037.441890436530002,1861.783519482019983,1840.707681752689950,1882.321371639269955,156369.739357888407540,1528352156.193631649017334
17,065,00424234,17065,0500000US17065,Hamilton,Hamilton County,06,H1,G4020, , , ,A,1125745190.000000000000000,3158473.000000000000000,+38.0852273,-088.5390093,Hamilton,2420.412409199579997,2420.412409199579997,2420.412409199579997,2236.788794276009867,2222.046717725099825,2250.602622247929958,2224.419193325149990,2208.717832940149947,2239.094220595889965,2224.419193325149990,2208.717832940149947,2239.094220595889965,2149.780727151649899,2107.918878408050205,2190.432075348719991,2420.412409199579997,2420.412409199579997,2420.412409199579997,2361.945701578159969,2360.106946845819948,2362.915383751079844,2357.847999783100022,2355.716751327509883,2359.110175679280019,2357.847999783100022,2355.716751327509883,2359.110175679280019,2322.639451801409905,2297.739148411530095,2346.670682631860018,136043.078132332826499,1128903628.236522436141968
17,021,00424212,17021,0500000US17021,Christian,Christian County,06,H1,G4020,522,45380, ,A,1837552893.000000000000000,16227346.000000000000000,+39.5455242,-089.2795927,Christian,2992.485140408240113,2992.485140408240113,2992.485140408240113,2822.935389355020106,2815.842350421140054,2830.028428288900159,2802.237679551260044,2791.201109605190140,2813.274249497329947,2802.237679551260044,2791.201109605190140,2813.274249497329947,2655.856706420559931,2618.344917733550119,2692.623754823080162,2992.485140408240113,2992.485140408240113,2992.485140408240113,2910.289222142319886,2907.998953624469777,2912.322622563820005,2893.016270710179924,2888.530824477859824,2897.244848846160039,2893.016270710179924,2888.530824477859824,2897.244848846160039,2769.431311602640108,2752.276503204920118,2785.103322008680152,199640.697228312143125,1853780284.820506572723389
17,171,00424286,17171,0500000US17171,Scott,Scott County,06,H1,G4020,522,27300, ,A,649542040.000000000000000,4814547.000000000000000,+39.6370016,-090.4777707,Scott,943.993598846609984,943.993598846609984,943.993598846609984,813.605068950026975,800.150373136204962,827.052498326259979,769.483948253168023,754.065294353841978,784.893558614625022,769.483948253168023,754.065294353841978,784.893558614625022,705.329231986591026,684.761602528319031,725.993770955951959,943.993598846609984,943.993598846609984,943.993598846609984,854.743531152362948,848.345876663652007,860.967873329908002,850.728001198198967,844.066988693722010,857.144493865965046,850.728001198198967,844.066988693722010,857.144493865965046,846.885785920308990,839.801568202677004,853.725483801229984,112115.456784072710434,654356586.650972962379456
17,081,00424242,17081,0500000US17081,Jefferson,Jefferson County,06,H1,G4020, ,34500, ,A,1479496305.000000000000000,32544477.000000000000000,+38.3007796,-088.9242100,Jefferson,7301.879382810169773,7286.663435697760178,7317.095329922590281,6833.795523181400313,6798.056401478599582,6869.022846797959573,6628.813576372779607,6575.699194594229994,6680.423077332019602,6628.813576372779607,6575.699194594229994,6680.423077332019602,5990.042086559239578,5858.272497265909806,6121.422027745869855,7308.750694304850185,7291.387151849379734,7330.409427446429618,7176.745486467810224,7151.476641180390288,7205.843307568429736,7002.163457201880192,6961.113445965869687,7046.238513778440392,7002.163457201880192,6961.113445965869687,7046.238513778440392,6415.941710840939777,6298.311819734490200,6536.427317774119729,155543.049160480295541,1512040810.528401136398315
17,097,01784796,17097,0500000US17097,Lake,Lake County,06,H1,G4020,176,16980,29404,A,1149124986.000000000000000,2394833743.000000000000000,+42.1859677,-087.8059389,Lake,0.000000000000000,0.000000000000000,0.000000000000000,0.000000000000000,0.000000000000000,0.000000000000000,0.000000000000000,0.000000000000000,0.000000000000000,0.000000000000000,0.000000000000000,0.000000000000000,0.000000000000000,0.000000000000000,0.000000000000000,0.000000000000000,0.000000000000000,0.000000000000000,0.000000000000000,0.000000000000000,0.000000000000000,0.000000000000000,0.000000000000000,0.000000000000000,0.000000000000000,0.000000000000000,0.000000000000000,0.000000000000000,0.000000000000000,0.000000000000000,155372.990701644099317,1218383117.574940443038940
17,055,00424229,17055,0500000US17055,Franklin,Franklin County,06,H1,G4020, , , ,A,1059137475.000000000000000,58368794.000000000000000,+37.9918516,-088.9263215,Franklin,8813.701314147590892,8813.701314147590892,8813.701314147590892,8455.873387921719768,8439.021120629400684,8472.404033868990155,8016.581817013289765,7926.595129571050165,8105.931830892540347,8016.581817013289765,7926.595129571050165,8105.931830892540347,6344.711089355179865,6064.050278693180189,6621.677500555319966,8813.701314147590892,8813.701314147590892,8813.701314147590892,8684.692752121600279,8673.957277797899224,8694.639495253419227,8391.294326210239888,8318.642209394489328,8462.371131304649680,8391.294326210239888,8318.642209394489328,8462.371131304649680,6872.256950541270271,6591.725013808370022,7143.900192564979989,154158.304325854434865,1117506248.775197505950928
17,083,00424243,17083,0500000US17083,Jersey,Jersey County,06,H1,G4020,476,41180, ,A,957144905.000000000000000,20332592.000000000000000,+39.0801945,-090.3613850,Jersey,1633.834918771620096,1633.834918771620096,1633.834918771620096,1293.369266373950040,1286.832146100990030,1299.424131254050053,1233.503301791590047,1225.091364212440112,1241.317166192030072,1233.503301791590047,1225.091364212440112,1241.317166192030072,831.240263419846997,818.331593508248943,843.944698226248988,1637.488245714160030,1637.488245714160030,1637.488245714160030,1467.174123194080039,1464.615928270960012,1469.461488381829895,1418.067740561649998,1414.191067246990087,1421.673584140929961,1418.067740561649998,1414.191067246990087,1421.673584140929961,1039.436799070859934,1027.774756928130046,1051.244961445949912,158977.626046027406119,977068078.293150424957275
17,183,01785114,17183,0500000US17183,Vermilion,Vermilion County,06,H1,G4020,169,19180, ,A,2326639022.000000000000000,7527081.000000000000000,+40.1867546,-087.7267776,Vermilion,1616.370001953609972,1613.344654555500028,1619.395349351709910,1597.838544655139913,1593.796616599370054,1601.830217731469929,1566.184862064910021,1561.046457192250045,1571.273011958149937,1566.184862064910021,1561.046457192250045,1571.273011958149937,1067.433565316500108,1044.575576292759933,1090.722277126850031,1664.747659245759905,1664.331737322879917,1665.058648147919939,1658.993302117849908,1658.378672580159900,1659.502998634809956,1632.544214817670081,1631.770840260019895,1633.212656354580076,1632.544214817670081,1631.770840260019895,1633.212656354580076,1154.986174536099952,1147.529611079200095,1162.084061603889950,212230.835437507368624,2334103759.824884891510010
17,007,00424205,17007,0500000US17007,Boone,Boone County,06,H1,G4020,466,40420, ,A,727137091.000000000000000,3338156.000000000000000,+42.3189831,-088.8242951,Boone,1094.876066849009931,1094.421757255990087,1095.330376442019997,1087.987285665210038,1087.320701622519891,1088.653869707909962,1075.518362431889955,1074.489477991129888,1076.547246872660025,1075.518362431889955,1074.489477991129888,1076.547246872660025,634.211206409688998,597.215956564810995,666.348867842033997,1103.713831467209957,1102.138629836480050,1104.666768503469939,1100.266962420090067,1098.435085081669968,1101.476575164060023,1091.494233328890004,1089.541220534209970,1092.824981529119896,1091.494233328890004,1089.541220534209970,1092.824981529119896,705.321669520625051,674.174717234325954,736.102475335847998,114641.162861971359234,730412042.756906747817993
17,137,00424270,17137,0500000US17137,Morgan,Morgan County,06,H1,G4020,522,27300, ,A,1473595806.000000000000000,9053547.000000000000000,+39.7176572,-090.2049929,Morgan,1369.436159093379956,1363.458963353529953,1375.413354833219955,1013.413716837619972,975.748488714565951,1050.959643549700104,954.369007388399041,913.861243775834055,994.977481658797956,954.369007388399041,913.861243775834055,994.977481658797956,868.203976242302019,814.528421264158965,923.177430640300031,1371.732166302269889,1368.050977771330054,1375.413354833219955,1061.860044693369900,1046.751395472339937,1076.584648348839892,1011.902450930759983,995.435975926433002,1027.920503388060069,1011.902450930759983,995.435975926433002,1027.920503388060069,961.047849138346010,936.247548072022028,986.215042445952008,189449.606368034932530,1482649388.682385444641113
17,161,00424282,17161,0500000US17161,Rock Island,Rock Island County,06,H1,G4020,209,19340, ,A,1107212317.000000000000000,61631338.000000000000000,+41.4684205,-090.5721252,Rock Island,2713.032470681279847,2713.032470681279847,2713.032470681279847,2544.941210274670084,2543.414864528850103,2546.264236024179809,2496.190121279660161,2477.547412191309832,2514.679033784740113,2496.190121279660161,2477.547412191309832,2514.679033784740113,1738.931199558300023,1694.862142415659946,1782.082317039089958,2726.158443501290094,2726.158443501290094,2726.158443501290094,2626.141772599220076,2623.100906111340009,2629.182639087100142,2610.307502843229940,2602.637909418449908,2617.977096268019977,2610.307502843229940,2602.637909418449908,2617.977096268019977,1988.528891129270050,1955.869649646680045,2021.292039183570068,233926.393491361493943,1167631876.117669343948364
17,111,01784815,17111,0500000US17111,McHenry,McHenry County,06,H1,G4020,176,16980,16984,A,1562806157.000000000000000,19855932.000000000000000,+42.3242982,-088.4522450,McHenry,0.000000000000000,0.000000000000000,0.000000000000000,0.000000000000000,0.000000000000000,0.000000000000000,0.000000000000000,0.000000000000000,0.000000000000000,0.000000000000000,0.000000000000000,0.000000000000000,0.000000000000000,0.000000000000000,0.000000000000000,0.000000000000000,0.000000000000000,0.000000000000000,0.000000000000000,0.000000000000000,0.000000000000000,0.000000000000000,0.000000000000000,0.000000000000000,0.000000000000000,0.000000000000000,0.000000000000000,0.000000000000000,0.000000000000000,0.000000000000000,159308.859084960742621,1582518893.814109802246094
17,037,00422190,17037,0500000US17037,DeKalb,DeKalb County,06,H1,G4020,176,16980,20994,A,1635155498.000000000000000,8560431.000000000000000,+41.8946145,-088.7689224,DeKalb,0.000000000000000,0.000000000000000,0.000000000000000,0.000000000000000,0.000000000000000,0.000000000000000,0.000000000000000,0.000000000000000,0.000000000000000,0.000000000000000,0.000000000000000,0.000000000000000,0.000000000000000,0.000000000000000,0.000000000000000,0.000000000000000,0.000000000000000,0.000000000000000,0.000000000000000,0.000000000000000,0.000000000000000,0.000000000000000,0.000000000000000,0.000000000000000,0.000000000000000,0.000000000000000,0.000000000000000,0.000000000000000,0.000000000000000,0.000000000000000,175342.336175453441683,1643715946.007934331893921
