STATEFP,COUNTYFP,COUNTYNS,GEOID,GEOIDFQ,NAME,NAMELSAD,LSAD,CLASSFP,MTFCC,CSAFP,CBSAFP,METDIVFP,FUNCSTAT,ALAND,AWATER,INTPTLAT,INTPTLON,Name_1,TNW_SOC_Total,TNW_MOC_Total,TNW_POC_Total,UPNW_SOC_Total,UPNW_MOC_Total,UPNW_POC_Total,county_SOC,county_POC,county_MOC,TNW_SOC_Percent,TNW_POC_Percent,TNW_MOC_Percent,UPNW_SOC_Percent,UPNW_POC_Percent,UPNW_MOC_Percent,Shape_Length,Shape_Area
17,015,00424209,17015,0500000US17015,Carroll,Carroll County,06,H1,G4020, , , ,A,1153597409.000000000000000,55881823.000000000000000,+42.0708996,-089.9241898,Carroll,231.970535252768997,178.979898096129006,52.990637156639799,122.607308208012995,91.465528050049898,31.141780157963002,256.545276804262016,59.946241864396598,196.599034939864993,90.420894955613406,88.396929496446305,91.038034927727296,47.791684078268801,51.949512078519099,46.523894727167402,1.761081195086603,0.131532834227186
17,043,00422191,17043,0500000US17043,DuPage,DuPage County,06,H1,G4020,176,16980,16984,A,849236415.000000000000000,22006224.000000000000000,+41.8520577,-088.0860389,DuPage,400.381738224927005,347.239836044804008,53.141902180122898,0.000000000000000,0.000000000000000,0.000000000000000,448.926698155543988,55.786892986048500,393.139805169494991,89.186439539000801,95.258759424750394,88.324771869665398,0.000000000000000,0.000000000000000,0.000000000000000,1.284918945094300,0.094458450621312
17,133,01784865,17133,0500000US17133,Monroe,Monroe County,06,H1,G4020,476,41180, ,A,997924032.000000000000000,33756312.000000000000000,+38.2779831,-090.1790777,Monroe,545.266656235677033,428.075143354820000,117.191512880857999,457.975796910237989,370.305117713034008,87.670679197204095,566.035938544093028,122.104967392980001,443.930971151112999,96.330748474763595,95.976040437152406,96.428312321805393,80.909314360533799,71.799437049147102,83.415022104187202,1.568861752228495,0.106167838179586
17,157,01784967,17157,0500000US17157,Randolph,Randolph County,06,H1,G4020, , , ,A,1490194102.000000000000000,56150220.000000000000000,+38.0565149,-089.8212096,Randolph,833.604247626151960,625.282812178914014,208.321435447238002,526.757439070030046,398.711334684488008,128.046104385541014,854.774825771668020,213.217211135147011,641.557614636520952,97.523256709578007,97.703855302372304,97.463236023341807,61.625286939690497,60.054300355884301,62.147393404469398,1.978064407325561,0.158501804795841
17,149,01784941,17149,0500000US17149,Pike,Pike County,06,H1,G4020, , , ,A,2153190712.000000000000000,45251538.000000000000000,+39.6251059,-090.8890344,Pike,602.597780643900023,482.144100726222007,120.453679917678002,515.911132742563950,398.329010063378973,117.582122679185005,618.024509531157037,124.328254079724005,493.696255451432990,97.503864547546797,96.883593201942602,97.660068392731205,83.477455147198299,94.573935385424406,80.683012209430203,2.317944000349603,0.230564953135373
17,203,01785231,17203,0500000US17203,Woodford,Woodford County,06,H1,G4020,427,37900, ,A,1366366883.000000000000000,39858698.000000000000000,+40.7897888,-089.2105875,Woodford,211.103122173243008,196.816857411759003,14.286264761484800,182.982724950997010,167.635195795405991,15.347529155590600,229.845242899157000,13.914196486969900,215.931046412188010,91.845765224674693,102.674019120424006,91.148012609570600,79.611273499917104,110.301224867444006,77.633669905628096,1.861819457295471,0.150029135017699
17,001,00424202,17001,0500000US17001,Adams,Adams County,06,H1,G4020,448,39500, ,A,2214827090.000000000000000,41753385.000000000000000,+39.9860525,-091.1949607,Adams,742.325216202272031,564.882657851789986,177.442558350481988,395.243547110231020,295.040768138272995,100.202778971957997,774.032879603144011,187.063700276884987,586.969179326258995,95.903576677888907,94.856756328372995,96.237192300314504,51.062888609186402,53.566126845369801,50.265120985897298,2.007785956676580,0.237918680496578
17,075,00424239,17075,0500000US17075,Iroquois,Iroquois County,06,H1,G4020, , , ,A,2894072162.000000000000000,4208707.000000000000000,+40.7488665,-087.8336010,Iroquois,485.104408246448997,379.506732530681973,105.597675715766997,411.020785220197013,315.893584523586981,95.127200696609293,490.081672069173976,106.788885762993004,383.292786306180972,98.984401150585796,98.884518703688499,99.012229316396599,83.867814008392898,89.079682793708102,82.415739562404994,2.229104709671931,0.309023090512093
17,053,00424228,17053,0500000US17053,Ford,Ford County,06,H1,G4020,169,16580, ,A,1257690139.000000000000000,1640595.000000000000000,+40.5965386,-088.2245882,Ford,25.411998178724900,18.618891727904401,6.793106450820430,25.411998178724900,18.618891727904401,6.793106450820430,27.340809576099101,7.277538589867740,20.063270986231402,92.945302544879993,93.343461761621398,92.800878484280105,92.945302544879993,93.343461761621398,92.800878484280105,2.245098577229946,0.133978554353246
17,147,00424275,17147,0500000US17147,Piatt,Piatt County,06,H1,G4020,169,16580, ,A,1137492093.000000000000000,754122.000000000000000,+40.0090327,-088.5923546,Piatt,159.632775169564013,147.550507845816014,12.082267323747500,113.986938374031993,103.396102413039998,10.590835960992500,160.915956282062012,12.177877769123700,148.738078512939012,99.202576834425699,99.214884176136707,99.201569175159705,70.836317918795899,86.967829385223197,69.515556101556996,1.478463080931667,0.120065242314338
17,077,00424240,17077,0500000US17077,Jackson,Jackson County,06,H1,G4020,166,16060, ,A,1511448965.000000000000000,48302865.000000000000000,+37.7860959,-089.3812119,Jackson,1140.721104479679980,597.151042202251006,543.570062277424995,636.854387811593028,345.743353586915987,291.111034224676985,1164.264895458740057,554.365767433194947,609.899128025548976,97.977797744233101,98.052602489191202,97.909804222123000,54.700127977375800,52.512447796437598,56.688612542569899,1.831825879964710,0.159521978917397
17,061,00424232,17061,0500000US17061,Greene,Greene County,06,H1,G4020, , , ,A,1406736598.000000000000000,8423898.000000000000000,+39.3554391,-090.3876823,Greene,309.264763356918991,215.261265956680006,94.003497400238800,285.703954449087973,200.725954955909003,84.977999493179496,339.826385827968011,107.240498203846997,232.585887624120005,91.006695258054407,87.656714557174794,92.551301437755896,84.073505285055106,79.240586267745201,86.301863370274603,1.824313476316670,0.147889457445084
17,101,00424252,17101,0500000US17101,Lawrence,Lawrence County,06,H1,G4020, , , ,A,963938120.000000000000000,5076511.000000000000000,+38.7189542,-087.7302207,Lawrence,548.242348547785014,407.833660372150007,140.408688175635007,432.259118744539990,321.420414833720997,110.838703910817998,555.440541930367999,142.307984099151014,413.132557831217014,98.704056899129696,98.665362357889705,98.717385652952501,77.822752592433005,77.886497101661703,77.800795105825500,1.402426363105141,0.100339712278520
17,067,00424235,17067,0500000US17067,Hancock,Hancock County,06,H1,G4020, , , ,A,2055798710.000000000000000,53563365.000000000000000,+40.4013180,-091.1688008,Hancock,480.904711987806024,351.710987946840987,129.193724040965009,398.991532692954991,293.226553211471980,105.764979481482996,498.874244807289017,134.649853868751990,364.224390938536999,96.397983458451705,95.947912551687196,96.564369849188097,79.978378688818196,78.548157641950496,80.507116081897493,2.028387415639541,0.223531666989275
17,025,00424214,17025,0500000US17025,Clay,Clay County,06,H1,G4020, , , ,A,1213023045.000000000000000,3064499.000000000000000,+38.7468187,-088.4823254,Clay,622.303531688418047,463.094077849201028,159.209453839216991,609.639742584445003,453.143152972445989,156.496589611999013,630.783469091222969,161.465329507272003,469.318139583950995,98.655650025987299,98.602873028569604,98.673807549764206,96.648021461748201,96.922720245618393,96.553513438486704,1.713349087149457,0.126024182003640
17,071,00424237,17071,0500000US17071,Henderson,Henderson County,06,H1,G4020,161,15460, ,A,981068776.000000000000000,42565933.000000000000000,+40.8144710,-090.9412464,Henderson,410.488238975854983,348.283363001016994,62.204875974838103,333.262753751551998,262.125030004763005,71.137723746788893,440.816237751650021,67.670113362882205,373.146124388767987,93.120035929148102,91.923705877753406,93.336990588210696,75.601288067638706,105.124286352694000,70.247287288361093,1.551404578359715,0.109230076555307
17,041,00424222,17041,0500000US17041,Douglas,Douglas County,06,H1,G4020, , , ,A,1079117766.000000000000000,1441160.000000000000000,+39.7660778,-088.2228669,Douglas,154.880471521542006,134.547971948460997,20.332499573081400,150.266830158015011,130.286039505790995,19.980790652223899,157.368863806956000,20.632640185599499,136.736223621356004,98.418751825986206,98.545311652710794,98.399654740388797,95.487014726335900,96.840687728221297,95.282753944246394,1.526174570265688,0.113586468486580
17,181,01785113,17181,0500000US17181,Union,Union County,06,H1,G4020, , , ,A,1070733038.000000000000000,22538656.000000000000000,+37.4856521,-089.2446391,Union,654.354305005248989,374.644188929114989,279.710116076134000,427.826081718795990,250.030255752546992,177.795825966248998,685.323539725117030,292.381490746504028,392.942048978614025,95.481078217116206,95.666150193701498,95.343369309275801,62.426876784415903,60.809535347912600,63.630313020064598,1.555339700477804,0.111305968582600
17,091,00424247,17091,0500000US17091,Kankakee,Kankakee County,06,H1,G4020,176,28100, ,A,1752101320.000000000000000,12459008.000000000000000,+41.1395105,-087.8611165,Kankakee,200.268355525271005,175.931807713805995,24.336547811465099,161.412444008477991,141.260216650562995,20.152227357915301,203.708143554298005,24.804765980720202,178.903377573578013,98.311413589555499,98.112386266336898,98.339008519529202,79.237109126888697,81.243368204234898,78.958943406457806,2.033784995929917,0.189241514018884
17,127,01784730,17127,0500000US17127,Massac,Massac County,06,H1,G4020,424,37140, ,A,614222111.000000000000000,12780838.000000000000000,+37.2161190,-088.7056578,Massac,398.762289927860991,320.724040084914009,78.038249842946399,301.712172026358985,239.656612244504004,62.055559781854598,409.270084338141999,80.631900922460900,328.638183415680999,97.432552533793299,96.783343751242199,97.591836941005496,73.719576282805406,76.961548806259501,72.924153168584297,1.196806849606078,0.063599877895290
17,197,01785190,17197,0500000US17197,Will,Will County,06,H1,G4020,176,16980,16984,A,2164990677.000000000000000,34485763.000000000000000,+41.4484742,-087.9784563,Will,613.771225717575021,563.856749465718963,49.914476251855703,0.000000000000000,0.000000000000000,0.000000000000000,653.701897052893969,54.317547592982898,599.384349459911050,93.891608466284197,91.893832589569996,94.072651375331304,0.000000000000000,0.000000000000000,0.000000000000000,2.497241836556328,0.236982158172670
17,173,01785051,17173,0500000US17173,Shelby,Shelby County,06,H1,G4020, , , ,A,1964526143.000000000000000,24749348.000000000000000,+39.3849162,-088.7988651,Shelby,216.434557678161013,163.152204983842012,53.282352694318703,205.059970011401987,154.189862449455006,50.870107561946902,237.300946983409005,51.060153449023701,186.240793534386000,91.206782117600497,104.352120186072995,87.602829588308893,86.413464681933505,99.627800007952402,82.790595724661699,2.213360806883161,0.207989279540701
17,051,00424227,17051,0500000US17051,Fayette,Fayette County,06,H1,G4020, , , ,A,1855600276.000000000000000,22898580.000000000000000,+39.0011246,-089.0179232,Fayette,738.198799656270012,542.811817850007969,195.386981806260991,665.707801310345985,490.390933009426021,175.316868300919992,774.003956578544944,192.483562551603001,581.520394026941972,95.374034380838296,101.508398543838993,93.343556550290103,86.008320196847805,91.081475205925102,84.329103165848096,2.082191822144948,0.195334717785597
17,117,00424257,17117,0500000US17117,Macoupin,Macoupin County,06,H1,G4020,476,41180, ,A,2235146415.000000000000000,12194715.000000000000000,+39.2659138,-089.9263301,Macoupin,293.283526471442997,201.221931328521009,92.061595142921902,277.550332730627986,190.738605744584987,86.811726986042999,355.719485544373981,113.097105566737994,242.622379977636001,82.447978924352995,81.400487379048300,82.936261422820394,78.025057386406502,76.758575341979494,78.615421117444598,1.951467595342917,0.234541969331969
17,195,01785167,17195,0500000US17195,Whiteside,Whiteside County,06,H1,G4020,221,44580, ,A,1771808926.000000000000000,31883751.000000000000000,+41.7506748,-089.9110053,Whiteside,319.412616343838010,297.324878426849978,22.087737916988299,247.987616624591993,230.242145955957000,17.745470668635601,329.299852789920976,23.845918049843601,305.453934740076988,96.997497459438506,92.626913632847604,97.338696481305902,75.307539473088696,74.417225755550007,75.377043727355797,1.982103975275709,0.195245650504887
17,107,00424255,17107,0500000US17107,Logan,Logan County,06,H1,G4020,522,30660, ,A,1600748259.000000000000000,2262329.000000000000000,+40.1292768,-089.3653086,Logan,250.321508655743997,206.144761595869994,44.176747059874501,225.170653416865008,185.322947074399991,39.847706342464903,254.447423207727013,44.785163733513400,209.662259474212988,98.378480512803506,98.641477170298600,98.322302789655694,88.493980633884902,88.975238718723801,88.391180911218299,1.725008940231790,0.169368894431828
17,029,00424216,17029,0500000US17029,Coles,Coles County,06,H1,G4020, ,16660, ,A,1316418025.000000000000000,4650073.000000000000000,+39.5136797,-088.2207820,Coles,198.538693203326005,165.030167300828992,33.508525902496601,189.420932171684996,157.710868532030986,31.710063639654098,208.763626212931001,35.723811374463402,173.039814838468004,95.102148206998393,93.798854638588907,95.371211217998905,90.734643581292403,88.764503057256405,91.141376150485002,1.636399833600551,0.138376882895077
17,131,01784750,17131,0500000US17131,Mercer,Mercer County,06,H1,G4020,209,19340, ,A,1453604386.000000000000000,19411909.000000000000000,+41.2056046,-090.7417698,Mercer,401.827534917830974,344.650055489295994,57.177479428535300,288.187407906458986,229.216705397699997,58.970702508758698,434.414360140009023,62.712640289559097,371.701719850449990,92.498676790593393,91.173771610529101,92.722211677675901,66.339291319370204,94.033200063778295,61.666840145351699,1.778514382556733,0.158098949102813
17,011,00424207,17011,0500000US17011,Bureau,Bureau County,06,H1,G4020,176,36837, ,A,2250884555.000000000000000,11523912.000000000000000,+41.4013043,-089.5283772,Bureau,492.628814437417020,342.282730516279003,150.346083921137989,440.037390744209006,298.477932281597020,141.559458462612014,521.940180221787955,156.969065834370014,364.971114387418027,94.384152265894599,95.780708843473604,93.783512454342997,84.308012185845499,90.183029191230702,81.781248026319602,2.249142807098136,0.243613748892087
17,167,01785010,17167,0500000US17167,Sangamon,Sangamon County,06,H1,G4020,522,44100, ,A,2248704917.000000000000000,22747684.000000000000000,+39.7568863,-089.6624350,Sangamon,589.427634189207993,489.232934026675025,100.194700162532001,483.547959343827984,398.909545711738986,84.638413632088799,610.440723399383046,101.805474944070994,508.635248455312023,96.557718316504406,98.417791594780596,96.185416860597101,79.212926138196906,83.137388906231905,78.427428481057504,2.486167954159980,0.238732960086206
17,113,01784833,17113,0500000US17113,McLean,McLean County,06,H1,G4020,145,14010, ,A,3064597294.000000000000000,7804856.000000000000000,+40.4945594,-088.8445391,McLean,167.951725771229007,141.711202246608991,26.240523524619999,146.652874030661991,123.414201553533999,23.238672477128400,176.911249235430006,27.122706078033001,149.788543157396987,94.935582953077997,96.747439024428999,94.607504191891906,82.896296682354802,85.679771075459499,82.392283783580694,2.557014686769674,0.326358155195224
17,005,00424204,17005,0500000US17005,Bond,Bond County,06,H1,G4020,476,41180, ,A,985066653.000000000000000,6462629.000000000000000,+38.8859240,-089.4365916,Bond,311.169212039315028,222.590733956923003,88.578478082391598,306.533447787749992,219.263244627798997,87.270203159950398,326.193276725208989,92.266647180384197,233.926629544825005,95.394121903208102,96.002706058255100,95.154080743197596,93.972950903577001,94.584777735918394,93.731630748685006,1.349400619387673,0.102941469581242
17,009,00424206,17009,0500000US17009,Brown,Brown County,06,H1,G4020, , , ,A,791828624.000000000000000,4144346.000000000000000,+39.9620694,-090.7503095,Brown,118.241779096588999,79.299114619304902,38.942664477284303,105.258752152312994,70.308004648370400,34.950747503942701,127.341828538575996,42.484595442792703,84.857233095783201,92.853841077654906,91.663022964929098,93.450035696774904,82.658426818825603,82.266871414617498,82.854462823469305,1.403237361980925,0.083902450780801
17,095,00424249,17095,0500000US17095,Knox,Knox County,06,H1,G4020, ,23660, ,A,1855351760.000000000000000,8914499.000000000000000,+40.9309446,-090.2137921,Knox,153.883861956910010,103.142579782647005,50.741282174262899,142.807523694547001,96.049025691704998,46.758498002841698,175.403467659828010,56.818728942127699,118.584738717701001,87.731368147947407,89.303796686379698,86.977954244335905,81.416590903152994,82.294164043104999,80.996110233338300,1.785567340620614,0.199322313354627
17,019,00424211,17019,0500000US17019,Champaign,Champaign County,06,H1,G4020,169,16580, ,A,2579898008.000000000000000,6110542.000000000000000,+40.1389845,-088.1969749,Champaign,242.679940210723004,209.973865439001003,32.706074771722598,225.180190543624008,194.514403065933010,30.665787477690500,245.134313640596986,32.914111069770499,212.220202570827013,98.998763823218795,99.367941921302702,98.941506461395207,91.859922505084597,93.169119508304306,91.656873713997896,2.108476057592143,0.273291281556452
17,045,00424224,17045,0500000US17045,Edgar,Edgar County,06,H1,G4020, , , ,A,1614400671.000000000000000,1565052.000000000000000,+39.6790370,-087.7471102,Edgar,154.895391965150992,143.759273536376014,11.136118428775299,154.895391965150992,143.759273536376014,11.136118428775299,160.232580955139014,10.874558400388000,149.358022554750988,96.669098782424300,102.405247355865001,96.251457455977899,96.669098782424300,102.405247355865001,96.251457455977899,1.750502255131459,0.169641004894362
17,049,00424226,17049,0500000US17049,Effingham,Effingham County,06,H1,G4020, ,20820, ,A,1240001925.000000000000000,3178181.000000000000000,+39.0479445,-088.5928488,Effingham,178.461269144742005,129.141842595533006,49.319426549208700,175.455793541002009,127.023585088420006,48.432208452581897,188.354818381087000,51.591746387732499,136.763071993354004,94.747387233637099,95.595574878496095,94.427421608231299,93.151741510542493,93.875884891731602,92.878569658476493,1.498475138044848,0.129378548187882
17,035,00424219,17035,0500000US17035,Cumberland,Cumberland County,06,H1,G4020, ,20820, ,A,895995630.000000000000000,2532358.000000000000000,+39.2731210,-088.2406193,Cumberland,125.658521091571004,89.317682651843796,36.340838439727300,125.658521091571004,89.317682651843796,36.340838439727300,132.546702473967002,38.178399786412797,94.368302687554603,94.803204263984497,95.186908416891100,94.647969824748202,94.803204263984497,95.186908416891100,94.647969824748202,1.332088898387646,0.093790106611647
17,033,00424218,17033,0500000US17033,Crawford,Crawford County,06,H1,G4020, , , ,A,1149031270.000000000000000,5744817.000000000000000,+39.0027865,-087.7606193,Crawford,491.951126602643001,358.170650922317009,133.780475680325992,457.756488036545989,332.719232729477028,125.037255307069003,502.849790359788983,136.711662491011992,366.138127868777019,97.832620403530797,97.855935070002602,97.823914981802901,91.032450805840298,91.460562346163698,90.872599001413704,1.717445706884213,0.120047776625721
17,179,01785094,17179,0500000US17179,Tazewell,Tazewell County,06,H1,G4020,427,37900, ,A,1674390616.000000000000000,29668273.000000000000000,+40.5080743,-089.5162598,Tazewell,361.419956887057026,309.489006443423023,51.930950443634302,337.744278226940025,289.751391949522997,47.992886277417000,376.748507779007014,51.926075646308703,324.822432132699021,95.931357238197407,100.009387956368997,95.279443729116693,89.647144249620595,92.425406079823304,89.203011641496303,2.059346136654902,0.181053345771462
17,151,00424277,17151,0500000US17151,Pope,Pope County,06,H1,G4020, , , ,A,955362038.000000000000000,14662240.000000000000000,+37.4171687,-088.5423737,Pope,393.838030734029985,315.187208301655005,78.650822432375605,270.375268318472024,216.563733115708999,53.811535202762499,413.850095684418022,80.302353407532394,333.547742276886027,95.164416981155398,97.943359185533097,94.495380526368606,65.331691628904807,67.011155861983696,64.927356916700305,1.604260640811113,0.098697510680989
17,129,00424266,17129,0500000US17129,Menard,Menard County,06,H1,G4020,522,44100, ,A,814269348.000000000000000,2640418.000000000000000,+40.0225693,-089.7941326,Menard,164.082653608762001,138.751330339317008,25.331323269445399,125.958404574065000,106.031993365893996,19.926411208171100,171.445147018540013,26.439786105715399,145.005360912825012,95.705627404558896,95.807595296580899,95.687034924682706,73.468632250316304,75.365251172980294,73.122809183337196,1.553891095170545,0.086190873329673
17,123,00424260,17123,0500000US17123,Marshall,Marshall County,06,H1,G4020,427,37900, ,A,1001865238.000000000000000,30343574.000000000000000,+41.0311192,-089.3423714,Marshall,243.560305735968001,228.334273906336989,15.226031829631300,154.287981193428010,141.239486209603996,13.048494983823501,253.996571720544011,14.566460459758799,239.430111260785992,95.891178406904302,104.528014006522994,95.365730193240594,60.744119555747602,89.579036855735694,58.989859490048502,1.712604689613838,0.110527855036433
17,031,01784766,17031,0500000US17031,Cook,Cook County,06,H1,G4020,176,16980,16984,A,2447358069.000000000000000,1786339736.000000000000000,+41.8942937,-087.6454546,Cook,615.387717696797949,544.523986277475956,70.863731419322406,0.000000000000000,0.000000000000000,0.000000000000000,667.087863655684032,73.943530124288401,593.144333531396001,92.249874600391294,95.834931467581697,91.802948371023007,0.000000000000000,0.000000000000000,0.000000000000000,3.177791022018133,0.268942232465560
17,059,00424231,17059,0500000US17059,Gallatin,Gallatin County,06,H1,G4020, , , ,A,836415230.000000000000000,13355417.000000000000000,+37.7686768,-088.2279642,Gallatin,679.629572310949015,510.866173574716981,168.763398736231011,643.178720053894040,481.297261360305015,161.881458693588002,695.309440632822998,172.618722409660990,522.690718223161980,97.744907892002203,97.766566905599007,97.737754998091106,92.502515062720406,93.779780335420199,92.080697930973400,1.416438839349516,0.086836414713273
17,193,00424297,17193,0500000US17193,White,White County,06,H1,G4020, , , ,A,1281999215.000000000000000,17833681.000000000000000,+38.0873070,-088.1786196,White,582.312962990896949,456.518144094399986,125.794818896497006,540.072406092426945,422.116965688712014,117.955440403715002,598.673750412393019,129.471920624722003,469.201829787670988,97.267161386276499,97.159923394599602,97.296752721742195,90.211472562543705,91.105036392881004,89.964901858915198,1.965336327203528,0.133364384443683
17,039,00426598,17039,0500000US17039,De Witt,De Witt County,06,H1,G4020, , , ,A,1029678313.000000000000000,19492326.000000000000000,+40.1814993,-088.9018526,De Witt,96.672256198438703,85.110399796242106,11.561856402196700,92.745248465213706,81.556292914472195,11.188955550741500,104.626055734114999,11.520341910554199,93.105713823560293,92.397878826772597,100.360358155729003,91.412649450849202,88.644504291461104,97.123467668011500,87.595368281075807,1.531595538433221,0.110932345177865
17,047,00424225,17047,0500000US17047,Edwards,Edwards County,06,H1,G4020, , , ,A,576012469.000000000000000,781202.000000000000000,+38.4170954,-088.0479408,Edwards,211.185576428569988,157.924633139140013,53.260943289430102,209.582456195139002,156.765433207472995,52.817022987665098,215.790248902445995,54.086949400732699,161.703299501714014,97.866135056010805,98.472818081894900,97.663210105039497,97.123228348416106,97.652065004334702,96.946341658175001,1.340173800555494,0.059497792111839
17,125,00424261,17125,0500000US17125,Mason,Mason County,06,H1,G4020, , , ,A,1396914845.000000000000000,62748509.000000000000000,+40.2369926,-089.9135746,Mason,684.009182103160015,481.953824281595985,202.055357821564002,524.490508081594044,374.070988306915979,150.419519774678008,798.342939639034967,237.563763112434998,560.779176526599031,85.678616060966206,85.053105395511906,85.943602126377399,65.697394194872999,63.317535386693997,66.705577518742302,2.584721256178018,0.154480935484389
17,013,00424208,17013,0500000US17013,Calhoun,Calhoun County,06,H1,G4020,476,41180, ,A,657415185.000000000000000,77051402.000000000000000,+39.1642619,-090.6662948,Calhoun,625.786825058454951,604.677648671857014,21.109176386598399,509.009637175434989,494.697478178808012,14.312158996627099,640.378883983212972,23.940894849253500,616.437989133959945,97.721339774042207,88.172044192644606,98.092210300240396,79.485699779691302,59.781219903204097,80.250972019718205,1.811201526065638,0.076497780476137
17,121,00424259,17121,0500000US17121,Marion,Marion County,06,H1,G4020,476,16460, ,A,1482866786.000000000000000,9232943.000000000000000,+38.6482361,-088.9203624,Marion,532.842793712173034,398.230555751629026,134.612237960544007,527.173130198579997,393.983033482513008,133.190096716068012,545.876669084119044,137.360496004807999,408.516173079310988,97.612304003793696,97.999236953710394,97.482200704527600,96.573669485285095,96.963901987806906,96.442456736229005,1.592125859254683,0.154405296603313
17,187,01785134,17187,0500000US17187,Warren,Warren County,06,H1,G4020, , , ,A,1404705831.000000000000000,1735113.000000000000000,+40.8504412,-090.6202228,Warren,85.347570133730301,65.955966657235194,19.391603476495099,85.129308454549601,65.751616621544002,19.377691833005599,97.947853427532095,22.426245917997701,75.521607509534405,87.135722884295504,86.468344043854401,87.333901955024402,86.912888313099700,86.406311176024303,87.063317095366500,1.560421838735661,0.150187271822693
17,023,00424213,17023,0500000US17023,Clark,Clark County,06,H1,G4020, , , ,A,1298594814.000000000000000,8731439.000000000000000,+39.3323343,-087.7916832,Clark,266.095057675672990,180.159279810901012,85.935777864771794,242.352453038827008,164.805489271797995,77.546963767029098,282.440333724048003,90.432814149895293,192.007519574153008,94.212839280828305,95.027207405412000,93.829283462684202,85.806601997436999,85.750912979985898,85.832830733564293,1.731891142543133,0.136550069683863
17,191,00424296,17191,0500000US17191,Wayne,Wayne County,06,H1,G4020, , , ,A,1848817749.000000000000000,4217594.000000000000000,+38.4318573,-088.4324302,Wayne,995.544231684635974,767.029513304412944,228.514718380222007,969.940151582086969,748.651391086318995,221.288760495768003,1005.932460019689984,230.668534143859006,775.263925875829955,98.967303596620198,99.066272401812199,98.937856864407195,96.421995524739501,95.933657062111095,96.567293549813101,1.796537327561850,0.191179567086438
17,089,00424246,17089,0500000US17089,Kane,Kane County,06,H1,G4020,176,16980,20994,A,1345139287.000000000000000,12480820.000000000000000,+41.9395938,-088.4280395,Kane,372.102194494721005,343.791328002761986,28.310866491959501,0.000000000000000,0.000000000000000,0.000000000000000,385.613646366753983,28.067751093654000,357.545895273099973,96.496116774046499,100.866173415513003,96.153062459343403,0.000000000000000,0.000000000000000,0.000000000000000,1.593400313647108,0.147388202126505
17,105,00424254,17105,0500000US17105,Livingston,Livingston County,06,H1,G4020,145,38700, ,A,2702983876.000000000000000,5975815.000000000000000,+40.8943761,-088.5528518,Livingston,149.738683290957994,112.298397262801998,37.440286028155803,142.641385650165006,106.631168837084005,36.010216813080902,154.663421833770002,38.595280103094801,116.068141730674995,96.815835001953701,97.007421446731797,96.752128179479300,92.226968703352895,93.302125847749494,91.869454655793405,2.362343141526805,0.289461108686032
17,085,00424244,17085,0500000US17085,Jo Daviess,Jo Daviess County,06,H1,G4020, , , ,A,1556385363.000000000000000,45789931.000000000000000,+42.3623905,-090.2114705,Jo Daviess,379.459347416172022,277.260385154766027,102.198962261407004,89.239809302285806,71.511239177684701,17.728570124601099,386.847183547889983,105.009108187012004,281.838075360878008,98.090244301648696,97.323902684136002,98.375772968130505,23.068491408892001,16.882887999608599,25.373164745791900,1.957489830538840,0.174989764119131
17,199,01785215,17199,0500000US17199,Williamson,Williamson County,06,H1,G4020,166,32060, ,A,1088353644.000000000000000,62455779.000000000000000,+37.7303533,-088.9300182,Williamson,659.222925800338999,429.637875168702010,229.585050631636989,459.631173417393995,300.620500206198983,159.010673211195012,692.867339526276965,241.371933358769013,451.495406167506985,95.144176697816206,95.116713628169606,95.158858606260907,66.337543595524494,65.877863676405696,66.583291014630504,1.416700280877708,0.117618767412405
17,003,00424203,17003,0500000US17003,Alexander,Alexander County,06,H1,G4020,164,16020, ,A,609667770.000000000000000,44639202.000000000000000,+37.1836583,-089.3495158,Alexander,786.224546349336947,462.778299413939976,323.446246935397028,488.838442959799011,299.352451506811974,189.485991452987008,792.311911872380051,325.818478882211991,466.493432990168003,99.231695821831394,99.271916081938201,99.203604313909807,61.697727326171702,58.156919798734997,64.170775049929105,1.819038647430244,0.066294392908319
17,063,00424233,17063,0500000US17063,Grundy,Grundy County,06,H1,G4020,176,16980,16984,A,1082959771.000000000000000,32112492.000000000000000,+41.2924096,-088.4010545,Grundy,334.931853376210995,272.969191213928980,61.962662162282200,0.000000000000000,0.000000000000000,0.000000000000000,361.512380203873988,69.269606490652606,292.242773713221993,92.647408973193905,89.451442416730799,93.404941290967201,0.000000000000000,0.000000000000000,0.000000000000000,1.387307845485147,0.119853765465462
17,079,00424241,17079,0500000US17079,Jasper,Jasper County,06,H1,G4020, , , ,A,1281043466.000000000000000,9334674.000000000000000,+39.0048857,-088.1507245,Jasper,272.733776237114000,193.475843576099010,79.257932661014806,263.129995788718986,186.540351284681009,76.589644504038603,281.475441940432972,81.457009357466504,200.018432582966000,96.894341601151396,97.300322324870507,96.729006960819007,93.482399023785604,94.024621218208594,93.261580383250404,1.472463216649975,0.134197560618456
17,165,00424283,17165,0500000US17165,Saline,Saline County,06,H1,G4020, , , ,A,984186255.000000000000000,17963038.000000000000000,+37.7515083,-088.5450236,Saline,599.952225693986975,439.141040494590982,160.811185199395993,486.836828304249991,358.218221195221020,128.618607109029000,624.574450323430028,168.172917137104008,456.401533186325992,96.057759868868700,95.622522304405194,96.218134375835106,77.946965017884693,76.479976264056901,78.487514863140902,1.282824121047703,0.102456122450851
17,163,01784987,17163,0500000US17163,St. Clair,St. Clair County,06,H1,G4020,476,41180, ,A,1703560308.000000000000000,41809674.000000000000000,+38.4701976,-089.9285459,St. Clair,1203.211300147250086,849.295212868487965,353.916087278763996,1011.106727466879988,722.714117677473041,288.392609789407004,1226.494459419519899,357.039864280290999,869.454595139225944,98.101649861240801,99.125090133051700,97.681376073754706,82.438752144499901,80.773224124633600,83.122698035973301,1.898579358618916,0.180164146763128
17,189,01785150,17189,0500000US17189,Washington,Washington County,06,H1,G4020, , , ,A,1457120178.000000000000000,3386079.000000000000000,+38.3531405,-089.4171873,Washington,707.776349136140993,486.585321234182004,221.191027901958989,691.338501831364965,475.584647251340982,215.753854580022988,723.728866187090944,225.968064362950003,497.760801824141026,97.795788202425300,97.885968322799101,97.754849206887201,95.524516725942902,95.479799408061396,95.544817010192205,2.064576600188179,0.150523365315093
17,159,00424281,17159,0500000US17159,Richland,Richland County,06,H1,G4020, , , ,A,932518180.000000000000000,4840675.000000000000000,+38.7121872,-088.0854523,Richland,384.027989428746025,288.818755029548015,95.209234399197399,368.285625166143973,276.832617041084006,91.453008125060506,386.422482785797001,95.882324436580603,290.540158349215972,99.380343157109095,99.298004046795498,99.407516217569196,95.306469362522506,95.380466277233594,95.282049343534595,1.467412869369602,0.097083334521054
17,145,01784940,17145,0500000US17145,Perry,Perry County,06,H1,G4020, , , ,A,1144587288.000000000000000,13199036.000000000000000,+38.0843809,-089.3685249,Perry,607.081501582604005,388.236579191446992,218.844922391157013,604.237062691718052,386.350808268556989,217.886254423160011,628.622763548577041,226.135745103873006,402.487018444704006,96.573260910188395,96.775908775780906,96.459404005544499,96.120773495506000,96.351974042439295,95.990874379377402,1.607826537202605,0.118892141512245
17,087,00424245,17087,0500000US17087,Johnson,Johnson County,06,H1,G4020, , , ,A,890274791.000000000000000,12813242.000000000000000,+37.4607092,-088.8821305,Johnson,592.089079858614014,447.109591774302999,144.979488084310987,244.251134149580992,187.665123020538005,56.586011129043598,629.769176373437972,157.803320868143999,471.965855505293973,94.016840148987995,91.873534274637507,94.733461448311900,38.784231320452200,35.858568005881899,39.762436377864802,1.294936375401068,0.091970954585122
17,153,01784966,17153,0500000US17153,Pulaski,Pulaski County,06,H1,G4020, , , ,A,516105488.000000000000000,9763459.000000000000000,+37.2156152,-089.1277549,Pulaski,419.727478960597978,254.037126471599009,165.690352488998997,256.478190103507018,156.355810364263988,100.122379739243001,463.069559709855980,184.902677750739002,278.166881959117006,90.640265627389894,89.609493223435507,91.325439132950194,55.386536369224402,54.148691061259001,56.209355068819399,1.429299722570912,0.053361351444752
17,119,00424258,17119,0500000US17119,Madison,Madison County,06,H1,G4020,476,41180, ,A,1853192372.000000000000000,63157281.000000000000000,+38.8271195,-089.9002267,Madison,756.026252579839024,575.390753412085019,180.635499167754006,685.513243040241036,519.434379430270951,166.078863609970000,793.162518017772982,187.665119085134990,605.497398932638021,95.317950029869905,96.254168088534399,95.027782848675301,86.427841390366794,88.497459953987303,85.786393194408703,2.108111771687085,0.198771760108148
17,139,01784885,17139,0500000US17139,Moultrie,Moultrie County,06,H1,G4020, , , ,A,870127368.000000000000000,22111272.000000000000000,+39.6368956,-088.6257259,Moultrie,101.822458943129007,93.394194276567404,8.428264666561500,99.830188853910798,91.641253579407604,8.188935274503130,173.754540176344989,-7.382347972037330,181.136888148383008,58.601322785458301,-114.167805398579006,51.560008141500902,57.454722479534702,-110.925891132752994,50.592264511211802,1.365979010876913,0.093619587097272
17,141,01784894,17141,0500000US17141,Ogle,Ogle County,06,H1,G4020,466,40300, ,A,1964903749.000000000000000,12378958.000000000000000,+42.0418840,-089.3201764,Ogle,189.179905884257010,196.426485602353011,-7.246579718096050,172.798880727626994,178.893655516178995,-6.094774788551780,193.919634639495001,-7.396751004095600,201.316385643589996,97.555828338863407,97.969766916360896,97.571037237925196,89.108501595966800,82.397998596641798,88.861944816003003,2.172771522313536,0.215005605761585
17,027,00424215,17027,0500000US17027,Clinton,Clinton County,06,H1,G4020,476,41180, ,A,1227502153.000000000000000,75634262.000000000000000,+38.6062953,-089.4262278,Clinton,1298.447738890839901,919.503196225340048,378.944542665505026,1277.731338145539894,904.120254397216968,373.611083748324006,1308.978084840349993,380.683616116462019,928.294468723885984,99.195529239835395,99.543170922694799,99.052965110237906,97.612890005059299,98.142149525559304,97.395846346052096,2.154165318637405,0.134771188611272
17,099,00422247,17099,0500000US17099,LaSalle,LaSalle County,06,H1,G4020,176,36837, ,A,2939940625.000000000000000,33828203.000000000000000,+41.3433407,-088.8859312,LaSalle,310.147650450919002,253.976091888584989,56.171558562334702,284.717404455616986,233.438346062662987,51.279058392953701,332.183811679188011,61.267344619492498,270.916467059696004,93.366274799221500,91.682704565040794,93.747011632416502,85.710800600538207,83.697210498394995,86.166170922059607,2.547444696069009,0.319921647451421
17,143,01784920,17143,0500000US17143,Peoria,Peoria County,06,H1,G4020,427,37900, ,A,1602412938.000000000000000,29919375.000000000000000,+40.7859722,-089.7669933,Peoria,366.589253138954007,275.280038837469988,91.309214301484005,302.496594462069993,220.637619955108988,81.858974506961900,393.414103765621007,99.193540305394293,294.220563460227027,93.181522886467704,92.051573137085100,93.562474220019197,76.890124570186899,82.524501348511905,74.990550408939995,1.870484157783138,0.174151906797356
17,069,00424236,17069,0500000US17069,Hardin,Hardin County,06,H1,G4020, , , ,A,459438162.000000000000000,10482693.000000000000000,+37.5178517,-088.2661478,Hardin,118.121862186431002,97.294377448620594,20.827484737810799,89.443932579993799,72.911200868082801,16.532731711910898,120.052140435975005,21.068302711309499,98.983837724665506,98.392133415919304,98.856965476533105,98.293195823802805,74.504238121181302,78.472062692720499,73.659702981908495,1.007806681812176,0.047818133657782
17,093,00424248,17093,0500000US17093,Kendall,Kendall County,06,H1,G4020,176,16980,20994,A,829425891.000000000000000,5122499.000000000000000,+41.5881403,-088.4306257,Kendall,103.794148788339996,82.163837229360993,21.630311558978701,95.635240797128006,76.047363410457393,19.587877386670598,109.212695925960006,22.834334414845401,86.378361511114903,95.038537331507598,94.727138378581699,95.120856418176402,87.567878428679194,85.782563357466799,88.039830902177798,1.211095886632007,0.090118327183551
17,177,01785076,17177,0500000US17177,Stephenson,Stephenson County,06,H1,G4020,466,23300, ,A,1461392058.000000000000000,1350223.000000000000000,+42.3497262,-089.6659942,Stephenson,241.839699244107010,210.707856395790998,31.131842848315799,233.451193367166013,203.922387934188009,29.528805432978100,244.807511755129013,31.547300027814600,213.260211727313987,98.787695487877599,98.683065811868303,98.803173216958598,95.361123395869598,93.601688280592100,95.621394296904398,1.659834283433887,0.159817694879272
17,057,00424230,17057,0500000US17057,Fulton,Fulton County,06,H1,G4020,427,15900, ,A,2242138203.000000000000000,43898933.000000000000000,+40.4652401,-090.2022689,Fulton,474.456068315055973,349.291867840155021,125.164200474900994,305.895829794233009,198.213828802735009,107.682000991497006,505.724691095436015,135.343923256078995,370.380767839357020,93.817066215879194,92.478625906301303,94.306156844420997,60.486631398526399,79.561755268284998,53.516231406676503,2.060472492200018,0.242764211165716
17,135,01784866,17135,0500000US17135,Montgomery,Montgomery County,06,H1,G4020, , , ,A,1822745305.000000000000000,15472187.000000000000000,+39.2280681,-089.4781406,Montgomery,226.368869602447006,174.425636274077988,51.943233328369303,224.495963681095986,172.930618890010010,51.565344791086297,250.972656677054005,57.300477723237201,193.672178953816001,90.196626437171602,90.650611290287003,90.062309009117897,89.450367483646900,89.991125449508800,89.290377081597896,2.173868322338208,0.191763242700979
17,115,00424256,17115,0500000US17115,Macon,Macon County,06,H1,G4020, ,19500, ,A,1503613053.000000000000000,13477733.000000000000000,+39.8602372,-088.9615288,Macon,218.918610688378010,202.803534670590011,16.115076017787398,164.089680347608009,151.881273654005014,12.208406693602400,223.055468600560005,16.227709025619099,206.827759574941012,98.145368083492201,99.305921694467798,98.054311030288801,73.564517999535695,75.231856045290698,73.433698632205804,1.745623453618262,0.159681024993018
17,155,00424279,17155,0500000US17155,Putnam,Putnam County,06,H1,G4020,176,36837, ,A,414649975.000000000000000,31194387.000000000000000,+41.1989613,-089.2983474,Putnam,197.048134221700991,151.675010941128988,45.373123280572500,177.714262637569988,139.009928851367988,38.704333786201900,215.792302930468992,51.039604124751897,164.752698805716989,91.313791801551204,88.897874618444703,92.062231478216802,82.354310243786202,75.831963139055802,84.374902419834498,1.048363358947840,0.047863455783456
17,169,01785037,17169,0500000US17169,Schuyler,Schuyler County,06,H1,G4020, , , ,A,1132602766.000000000000000,10510632.000000000000000,+40.1569048,-090.6134641,Schuyler,328.268163512785975,225.803807405847010,102.464356106937998,222.300748747498005,153.795550542316988,68.505198205180704,347.115607590245020,108.286415869573005,238.829191720671986,94.570268905998702,94.623462494458096,94.546150652279294,64.042279830273301,63.262965770048801,64.395624937755699,2.018094175233201,0.120836146887759
17,103,00424253,17103,0500000US17103,Lee,Lee County,06,H1,G4020,221,19940, ,A,1877142078.000000000000000,9779872.000000000000000,+41.7474465,-089.2993616,Lee,159.781863106022996,155.700675631828005,4.081187474194590,127.588479892780001,125.627741990108007,1.960737902671130,173.230748864606994,2.708312144256740,170.522436720349987,92.236432707974103,150.691178003582991,91.308028800439203,73.652328312971605,72.397042816097795,73.672265307897703,2.070273242792955,0.204243885264717
17,175,00424288,17175,0500000US17175,Stark,Stark County,06,H1,G4020,427,37900, ,A,746189904.000000000000000,684784.000000000000000,+41.0969077,-089.7974111,Stark,34.317920404414600,26.949118783322199,7.368801621092450,34.077432402776800,26.757396866335199,7.320035536441560,37.130833775649798,7.896298971117250,29.234534804532501,92.424319399259304,93.319688730704698,92.182478577165398,91.776642045470595,92.702107192451507,91.526672290973906,1.212334519967119,0.080046746119597
17,017,00424210,17017,0500000US17017,Cass,Cass County,06,H1,G4020, , , ,A,973198198.000000000000000,20569928.000000000000000,+39.9692024,-090.2457045,Cass,650.597398206929029,371.697667120859990,278.899731086068982,304.298662765132974,189.749279600818994,114.549383164313994,782.288664077017984,334.918717112118998,447.369946964898986,83.165898738227895,83.273856263071295,83.085077494046203,38.898513648303798,34.202144374620602,42.414400182251498,1.875509658067919,0.104769534644141
17,201,01785216,17201,0500000US17201,Winnebago,Winnebago County,06,H1,G4020,466,40420, ,A,1328789495.000000000000000,15877063.000000000000000,+42.3373957,-089.1612053,Winnebago,663.448404646217000,615.275423049057054,48.172981597159797,463.589915885634980,432.888228137102999,30.701687748531999,676.246957018046032,49.050164002331897,627.196793015713979,98.107414423235994,98.211662645755098,98.099261651301404,68.553345944781000,62.592426290506303,69.019521935957599,1.613398211121023,0.146883410988083
17,185,00424293,17185,0500000US17185,Wabash,Wabash County,06,H1,G4020, , , ,A,578403989.000000000000000,10973571.000000000000000,+38.4458209,-087.8391674,Wabash,243.781998062832997,216.980623016364007,26.801375046469200,235.092784635849000,207.037152363546994,28.055632272301299,247.310174804253990,27.354542725569100,219.955632078684999,98.573379868331799,97.977784952761098,98.647450381603704,95.059891822859399,102.562973008783004,94.126779299510503,1.763273261905925,0.060770169421189
17,073,00424238,17073,0500000US17073,Henry,Henry County,06,H1,G4020,209,19340, ,A,2132042739.000000000000000,6481370.000000000000000,+41.3500209,-090.1308378,Henry,161.590184160502986,147.973813847425987,13.616370313076800,158.834941891326991,145.907308651117006,12.927633240210000,175.871562492686991,15.012260074463001,160.859302418223990,91.879654601477895,90.701668140157693,91.989590668933602,90.313032783757194,86.113837464093095,90.704924401429196,1.966158506121899,0.230096271426059
17,109,01784729,17109,0500000US17109,McDonough,McDonough County,06,H1,G4020, ,31380, ,A,1526291866.000000000000000,2060301.000000000000000,+40.4558082,-090.6789543,McDonough,295.016690539716990,195.697018728810008,99.319671810906996,259.227697878586980,172.366285266689999,86.861412611897194,307.602180533123999,103.909813653205006,203.692366879919007,95.908517302577394,95.582571384818905,96.074792456104802,84.273686691460895,83.593078996170405,84.620885851998096,1.624835488851631,0.162262722372744
17,065,00424234,17065,0500000US17065,Hamilton,Hamilton County,06,H1,G4020, , , ,A,1125745190.000000000000000,3158473.000000000000000,+38.0852273,-088.5390093,Hamilton,254.710479021972986,192.732196262394012,61.978282759579599,246.353861269434987,186.311103831167998,60.042757438266896,261.234865609048995,62.981107774610599,198.253757834438005,97.502482460806107,98.407736779385004,97.214901935601404,94.303591787060896,95.334552788656694,93.976076855378494,1.363204427836688,0.115922865430181
17,021,00424212,17021,0500000US17021,Christian,Christian County,06,H1,G4020,522,45380, ,A,1837552893.000000000000000,16227346.000000000000000,+39.5455242,-089.2795927,Christian,396.236543043414997,376.947199045901982,19.289343997512901,347.425013984705004,329.442264246907996,17.982749737797501,408.698335349158015,20.524679399878401,388.173655949279976,96.950858071125396,93.981219495331700,97.107877690482695,85.007690008791897,87.615252776635501,84.869815145300294,2.024309927324514,0.194246994857724
17,171,00424286,17171,0500000US17171,Scott,Scott County,06,H1,G4020,522,27300, ,A,649542040.000000000000000,4814547.000000000000000,+39.6370016,-090.4777707,Scott,92.776568560535694,59.606611880157097,33.169956680378597,92.679574396635999,59.552178517775097,33.127395878860803,104.193978153716003,37.999173189493902,66.194804964221603,89.042159829682404,87.291258983365196,90.047265661368101,88.949069839628805,87.179254437093803,89.965033585283905,1.155593802317128,0.068661954438203
17,081,00424242,17081,0500000US17081,Jefferson,Jefferson County,06,H1,G4020, ,34500, ,A,1479496305.000000000000000,32544477.000000000000000,+38.3007796,-088.9242100,Jefferson,661.178159371817969,517.126662829805014,144.051496542013012,654.701529929698040,511.379198232044985,143.322331697652999,699.200912266318028,150.334983767068991,548.865928499248980,94.561970353949206,95.820342632429401,94.217300797623295,93.635680166322501,95.335315910046901,93.170148059708794,1.590185345938235,0.155725530274634
17,097,01784796,17097,0500000US17097,Lake,Lake County,06,H1,G4020,176,16980,29404,A,1149124986.000000000000000,2394833743.000000000000000,+42.1859677,-087.8059389,Lake,1020.653597625989960,525.374928268679014,495.278669357306001,0.000000000000000,0.000000000000000,0.000000000000000,1350.966734168049925,599.828474322554030,751.138259845496009,75.549868979899202,82.570049699069997,69.943838086046298,0.000000000000000,0.000000000000000,0.000000000000000,1.651983121962188,0.133065140052815
17,055,00424229,17055,0500000US17055,Franklin,Franklin County,06,H1,G4020, , , ,A,1059137475.000000000000000,58368794.000000000000000,+37.9918516,-088.9263215,Franklin,848.126476133042047,580.688871162878968,267.437604970163989,817.292479796520979,561.127661667254984,256.164818129265996,882.214457147893995,276.183991014696005,606.030466133197024,96.136089049701795,96.833130692188703,95.818428876684706,92.641020918965793,92.751508582419902,92.590668790556506,1.619776008372260,0.114614997526342
17,083,00424243,17083,0500000US17083,Jersey,Jersey County,06,H1,G4020,476,41180, ,A,957144905.000000000000000,20332592.000000000000000,+39.0801945,-090.3613850,Jersey,213.508624128588991,164.826026444239005,48.682597684349702,161.272308429358986,116.945797444567006,44.326510984791000,242.280126037233003,58.217784110385402,184.062341926848006,88.124695830716803,83.621522921662105,89.549021662316093,66.564398437110995,76.139124259254899,63.535971682380001,1.630021845963513,0.101720616096613
17,183,01785114,17183,0500000US17183,Vermilion,Vermilion County,06,H1,G4020,169,19180, ,A,2326639022.000000000000000,7527081.000000000000000,+40.1867546,-087.7267776,Vermilion,258.441254694322993,226.824704462351008,31.616550231971999,222.370287745084994,194.620834427223997,27.749453317860500,264.023272228243002,30.024203819647600,233.999068408595008,97.885785791983494,105.303542508202995,96.934020295449798,84.223745076854499,92.423610912545001,83.171627883316702,2.110133037866051,0.246825085945607
17,007,00424205,17007,0500000US17007,Boone,Boone County,06,H1,G4020,466,40420, ,A,727137091.000000000000000,3338156.000000000000000,+42.3189831,-088.8242951,Boone,190.599128606838008,172.581878611271009,18.017249995566701,158.798063493511989,144.167315638675007,14.630747854836700,192.998711264689007,18.118465539261599,174.880245725428011,98.756684621297495,99.441368014992094,98.685748007373505,82.279338785701597,80.750479797159002,82.437736200935007,1.150290714578791,0.079771379808485
17,137,00424270,17137,0500000US17137,Morgan,Morgan County,06,H1,G4020,522,27300, ,A,1473595806.000000000000000,9053547.000000000000000,+39.7176572,-090.2049929,Morgan,169.102342906298986,104.134807942313998,64.967534963984903,119.069680185617997,73.167229148474803,45.902451037143599,226.320857788045998,88.545501319472706,137.775356468573989,74.717966589127499,73.371920646291898,75.583043739805106,52.611006051032803,51.840523067939102,53.106180251592498,2.011451701919586,0.155733751773502
17,161,00424282,17161,0500000US17161,Rock Island,Rock Island County,06,H1,G4020,209,19340, ,A,1107212317.000000000000000,61631338.000000000000000,+41.4684205,-090.5721252,Rock Island,512.721121715950972,512.392520389949027,0.328601326002265,324.676437443839006,308.021712916736988,16.654724527102200,532.695090166703039,2.068591718441160,530.626498448262055,96.250393739408906,15.885267405493099,96.563688750630504,60.949770973528999,805.123813395751995,58.048686565315002,2.554242549699510,0.125849772610811
17,111,01784815,17111,0500000US17111,McHenry,McHenry County,06,H1,G4020,176,16980,16984,A,1562806157.000000000000000,19855932.000000000000000,+42.3242982,-088.4522450,McHenry,971.546294981838969,871.540490798848055,100.005804182991000,0.000000000000000,0.000000000000000,0.000000000000000,1067.524065218600072,113.644848586612994,953.879216631984036,91.009310856415695,87.998537044794205,91.368013434251907,0.000000000000000,0.000000000000000,0.000000000000000,1.696252172437303,0.172837099737841
17,037,00422190,17037,0500000US17037,DeKalb,DeKalb County,06,H1,G4020,176,16980,20994,A,1635155498.000000000000000,8560431.000000000000000,+41.8946145,-088.7689224,DeKalb,157.133683220530003,142.371875781567013,14.761807438963601,0.000000000000000,0.000000000000000,0.000000000000000,159.295204672718995,14.792793106194100,144.502411566525012,98.643071863569304,99.790535384304604,98.525605377888297,0.000000000000000,0.000000000000000,0.000000000000000,1.753754581337869,0.178323203724082
