STATEFP,COUNTYFP,COUNTYNS,GEOID,GEOIDFQ,NAME,NAMELSAD,LSAD,CLASSFP,MTFCC,CSAFP,CBSAFP,METDIVFP,FUNCSTAT,ALAND,AWATER,INTPTLAT,INTPTLON,Name_1,TNW_tot_carbon_point,TNW_tot_carbon_zonal,UPNW_tot_carbon_point,UPNW_tot_carbon_zonal,county_carbon_zonal,county_carbon_point,TNW_per_carbon_zonal,TNW_per_carbon_point,UPNW_per_carbon_zonal,UPNW_per_carbon_point,Shape_Length,Shape_Area
17,015,00424209,17015,0500000US17015,Carroll,Carroll County,06,H1,G4020, , , ,A,1153597409.000000000000000,55881823.000000000000000,+42.0708996,-089.9241898,Carroll,62.676250139171898,52.868497905614099,24.255026705531002,21.083880390052101,55.392452292748501,64.921241092048007,95.443504877171193,96.541977763960105,38.062731504689602,37.360694739555697,1.761081195086603,0.131532834227186
17,043,00422191,17043,0500000US17043,DuPage,DuPage County,06,H1,G4020,176,16980,16984,A,849236415.000000000000000,22006224.000000000000000,+41.8520577,-088.0860389,DuPage,44.544860158673799,43.892539821366903,0.000000000000000,0.000000000000000,48.232889731919997,49.791567035278199,91.001265039940805,89.462659665065402,0.000000000000000,0.000000000000000,1.284918945094300,0.094458450621312
17,133,01784865,17133,0500000US17133,Monroe,Monroe County,06,H1,G4020,476,41180, ,A,997924032.000000000000000,33756312.000000000000000,+38.2779831,-090.1790777,Monroe,258.691616271381008,216.038687807858992,212.593444283881013,174.086203895890009,221.451902650262014,264.816794677473979,97.555579889980905,97.687012859757203,78.611292932002300,80.279441695834805,1.568861752228495,0.106167838179586
17,157,01784967,17157,0500000US17157,Randolph,Randolph County,06,H1,G4020, , , ,A,1490194102.000000000000000,56150220.000000000000000,+38.0565149,-089.8212096,Randolph,499.098911860828025,398.774663866223023,303.385869518815014,229.657405152123999,401.445746753563014,501.728919335329010,99.334634154442796,99.475811065866907,57.207582097788404,60.468085021036600,1.978064407325561,0.158501804795841
17,149,01784941,17149,0500000US17149,Pike,Pike County,06,H1,G4020, , , ,A,2153190712.000000000000000,45251538.000000000000000,+39.6251059,-090.8890344,Pike,282.177428783728999,225.744388058233000,218.161645175668014,175.141465460907000,226.432660772833998,282.406885935156026,99.696036467419304,99.918749448807802,77.348146183123205,77.250823560215906,2.317944000349603,0.230564953135373
17,203,01785231,17203,0500000US17203,Woodford,Woodford County,06,H1,G4020,427,37900, ,A,1366366883.000000000000000,39858698.000000000000000,+40.7897888,-089.2105875,Woodford,61.669672289670601,60.229540233630900,48.619796958336302,47.437634132692203,61.981794885327602,63.617623218118702,97.172952711455906,96.938032529493597,76.534786093975697,76.425044663550096,1.861819457295471,0.150029135017699
17,001,00424202,17001,0500000US17001,Adams,Adams County,06,H1,G4020,448,39500, ,A,2214827090.000000000000000,41753385.000000000000000,+39.9860525,-091.1949607,Adams,505.696447374341972,431.463308608524983,169.102844961404003,149.546320493595005,432.589763912189028,506.881542437934002,99.739601951401497,99.766198812864104,34.570009040701997,33.361413033127000,2.007785956676580,0.237918680496578
17,075,00424239,17075,0500000US17075,Iroquois,Iroquois County,06,H1,G4020, , , ,A,2894072162.000000000000000,4208707.000000000000000,+40.7488665,-087.8336010,Iroquois,82.153303704905497,75.429439120039703,70.843165420750296,57.491209103626801,75.723278409141201,82.524157066050293,99.611956461375200,99.550612360877594,75.922768151948503,85.845366907594297,2.229104709671931,0.309023090512093
17,053,00424228,17053,0500000US17053,Ford,Ford County,06,H1,G4020,169,16580, ,A,1257690139.000000000000000,1640595.000000000000000,+40.5965386,-088.2245882,Ford,2.248720940444610,1.845023438139420,2.248720940444610,1.845023438139420,1.845023438139420,2.248720940444610,100.000000000000000,100.000000000000000,100.000000000000000,100.000000000000000,2.245098577229946,0.133978554353246
17,147,00424275,17147,0500000US17147,Piatt,Piatt County,06,H1,G4020,169,16580, ,A,1137492093.000000000000000,754122.000000000000000,+40.0090327,-088.5923546,Piatt,65.173757893381605,49.193779935501396,43.307909428257098,30.086911026497098,49.193779935501396,65.173757893381605,100.000000000000000,100.000000000000000,61.159990279146001,66.449919151669704,1.478463080931667,0.120065242314338
17,077,00424240,17077,0500000US17077,Jackson,Jackson County,06,H1,G4020,166,16060, ,A,1511448965.000000000000000,48302865.000000000000000,+37.7860959,-089.3812119,Jackson,828.749482808541984,678.408853632593946,390.192442623882982,314.575015334741011,687.855666178273964,838.370338294496946,98.626628664968806,98.852433698271497,45.732706845684604,46.541775728570599,1.831825879964710,0.159521978917397
17,061,00424232,17061,0500000US17061,Greene,Greene County,06,H1,G4020, , , ,A,1406736598.000000000000000,8423898.000000000000000,+39.3554391,-090.3876823,Greene,159.927513774157006,126.069771671232999,147.317216823127012,116.049276184419000,126.153970147921996,160.012214101338998,99.933257370663299,99.947066336368593,91.990189486977897,92.066232350130406,1.824313476316670,0.147889457445084
17,101,00424252,17101,0500000US17101,Lawrence,Lawrence County,06,H1,G4020, , , ,A,963938120.000000000000000,5076511.000000000000000,+38.7189542,-087.7302207,Lawrence,287.595983770250996,219.198319958662012,221.191422404011007,166.040012966228005,221.381762450718014,291.363270475659021,99.013720702244996,98.707013859620105,75.001667313580199,75.916028140029297,1.402426363105141,0.100339712278520
17,067,00424235,17067,0500000US17067,Hancock,Hancock County,06,H1,G4020, , , ,A,2055798710.000000000000000,53563365.000000000000000,+40.4013180,-091.1688008,Hancock,213.376476576048987,186.409878009842004,168.961480682103996,145.670844478965989,186.876354515601008,213.923009615826999,99.750382274435907,99.744518815082301,77.950388563902294,78.982378279705799,2.028387415639541,0.223531666989275
17,025,00424214,17025,0500000US17025,Clay,Clay County,06,H1,G4020, , , ,A,1213023045.000000000000000,3064499.000000000000000,+38.7468187,-088.4823254,Clay,343.787321321965976,272.656591759431990,338.059628362115006,266.234329012416993,272.733930076016975,343.828758366936995,99.971643309446904,99.987948348134594,97.616871116187099,98.322092069254595,1.713349087149457,0.126024182003640
17,071,00424237,17071,0500000US17071,Henderson,Henderson County,06,H1,G4020,161,15460, ,A,981068776.000000000000000,42565933.000000000000000,+40.8144710,-090.9412464,Henderson,215.773430857604012,180.755771097955005,166.727732935644013,142.669475289696010,189.786932714795000,225.293118867812012,95.241420740799100,95.774532281301703,75.173497589581203,74.004804839809196,1.551404578359715,0.109230076555307
17,041,00424222,17041,0500000US17041,Douglas,Douglas County,06,H1,G4020, , , ,A,1079117766.000000000000000,1441160.000000000000000,+39.7660778,-088.2228669,Douglas,49.412796871001603,39.009823019784299,47.473417411685702,37.144802835913403,39.085147641594098,49.496927693574499,99.807280702888505,99.830028192671307,95.035595558002100,95.911846702049800,1.526174570265688,0.113586468486580
17,181,01785113,17181,0500000US17181,Union,Union County,06,H1,G4020, , , ,A,1070733038.000000000000000,22538656.000000000000000,+37.4856521,-089.2446391,Union,405.952026765596997,326.802373973572003,236.815979327898987,184.139351154389004,343.593098734910996,427.845442595873976,95.113194990481105,94.882868052200493,53.592272904310001,55.350824328304498,1.555339700477804,0.111305968582600
17,091,00424247,17091,0500000US17091,Kankakee,Kankakee County,06,H1,G4020,176,28100, ,A,1752101320.000000000000000,12459008.000000000000000,+41.1395105,-087.8611165,Kankakee,52.528594938776102,56.380990759176100,40.841353087656898,42.684829661004002,56.519008698401201,52.594139545237198,99.755802618616997,99.875376597035697,75.522962351976702,77.653809798577498,2.033784995929917,0.189241514018884
17,127,01784730,17127,0500000US17127,Massac,Massac County,06,H1,G4020,424,37140, ,A,614222111.000000000000000,12780838.000000000000000,+37.2161190,-088.7056578,Massac,211.266468435387992,179.976649348027991,135.740024101507004,108.359843286718998,181.639623199098992,212.767797024976005,99.084465260507500,99.294381663681904,59.656500810918203,63.797259735491302,1.196806849606078,0.063599877895290
17,197,01785190,17197,0500000US17197,Will,Will County,06,H1,G4020,176,16980,16984,A,2164990677.000000000000000,34485763.000000000000000,+41.4484742,-087.9784563,Will,91.696920825957093,86.647911887599307,0.000000000000000,0.000000000000000,90.407710437907895,95.866255348953700,95.841285514147799,95.650884132461201,0.000000000000000,0.000000000000000,2.497241836556328,0.236982158172670
17,173,01785051,17173,0500000US17173,Shelby,Shelby County,06,H1,G4020, , , ,A,1964526143.000000000000000,24749348.000000000000000,+39.3849162,-088.7988651,Shelby,71.352531222095195,60.978408458307598,65.783036611103697,56.007143424014799,65.197520823661606,75.181255751802695,93.528722699801307,94.907341608728501,85.903793144981904,87.499252244834096,2.213360806883161,0.207989279540701
17,051,00424227,17051,0500000US17051,Fayette,Fayette County,06,H1,G4020, , , ,A,1855600276.000000000000000,22898580.000000000000000,+39.0011246,-089.0179232,Fayette,335.496249671428018,327.012161928996022,281.654322773131980,285.253510159227972,330.131360632921997,337.567282828242014,99.055164375191097,99.386482854777199,86.406062608637001,83.436499062748695,2.082191822144948,0.195334717785597
17,117,00424257,17117,0500000US17117,Macoupin,Macoupin County,06,H1,G4020,476,41180, ,A,2235146415.000000000000000,12194715.000000000000000,+39.2659138,-089.9263301,Macoupin,115.430349125419994,110.906437166369003,107.470738889353001,102.858200180872004,112.291980506290002,116.741697198753002,98.766124407394003,98.876709774828399,91.598883301475297,92.058571588507803,1.951467595342917,0.234541969331969
17,195,01785167,17195,0500000US17195,Whiteside,Whiteside County,06,H1,G4020,221,44580, ,A,1771808926.000000000000000,31883751.000000000000000,+41.7506748,-089.9110053,Whiteside,54.541768915168603,50.687006590382197,38.648525965993301,35.187004262923097,50.938576660166703,54.726860120213502,99.506130547261293,99.661790929283498,69.077321295549496,70.620762603770103,1.982103975275709,0.195245650504887
17,107,00424255,17107,0500000US17107,Logan,Logan County,06,H1,G4020,522,30660, ,A,1600748259.000000000000000,2262329.000000000000000,+40.1292768,-089.3653086,Logan,65.304229066057701,54.643841285841397,58.250773820190602,48.730982546751498,54.833079194431797,65.493323671366397,99.654883673558700,99.711276516889697,88.871504687812703,88.941544809181394,1.725008940231790,0.169368894431828
17,029,00424216,17029,0500000US17029,Coles,Coles County,06,H1,G4020, ,16660, ,A,1316418025.000000000000000,4650073.000000000000000,+39.5136797,-088.2207820,Coles,70.961702395469004,67.226716892300999,66.547448319165596,62.821772772257397,67.273923523548106,70.995166587112806,99.929829228362706,99.952864126879902,93.382055753397097,93.735181588045506,1.636399833600551,0.138376882895077
17,131,01784750,17131,0500000US17131,Mercer,Mercer County,06,H1,G4020,209,19340, ,A,1453604386.000000000000000,19411909.000000000000000,+41.2056046,-090.7417698,Mercer,137.840909896628006,110.486483411994996,73.013843568077803,58.873746949250197,112.974942902375005,141.041475169177005,97.797335031600198,97.730763047741902,52.112216600210800,51.767640320337598,1.778514382556733,0.158098949102813
17,011,00424207,17011,0500000US17011,Bureau,Bureau County,06,H1,G4020,176,36837, ,A,2250884555.000000000000000,11523912.000000000000000,+41.4013043,-089.5283772,Bureau,157.172714090636987,119.872555011412004,142.662059387764998,104.978983491210002,124.820177144734998,162.968642405981996,96.036200038727202,96.443531571609597,84.104177619842503,87.539576498630495,2.249142807098136,0.243613748892087
17,167,01785010,17167,0500000US17167,Sangamon,Sangamon County,06,H1,G4020,522,44100, ,A,2248704917.000000000000000,22747684.000000000000000,+39.7568863,-089.6624350,Sangamon,183.069886201407996,165.509657287859000,135.211008588274012,126.579398242070994,166.407323235462997,183.917684437914005,99.460561031720403,99.539033867734503,76.066002253376794,73.517132950810904,2.486167954159980,0.238732960086206
17,113,01784833,17113,0500000US17113,McLean,McLean County,06,H1,G4020,145,14010, ,A,3064597294.000000000000000,7804856.000000000000000,+40.4945594,-088.8445391,McLean,27.470716840487398,27.795623271151602,20.770716530458799,21.490060920826998,27.803515700767498,27.478410408939801,99.971613555275496,99.972001406420702,77.292602676983805,75.589221579212193,2.557014686769674,0.326358155195224
17,005,00424204,17005,0500000US17005,Bond,Bond County,06,H1,G4020,476,41180, ,A,985066653.000000000000000,6462629.000000000000000,+38.8859240,-089.4365916,Bond,128.882527889224008,107.359121805586000,125.826436696512999,104.611895911765998,107.382713279113005,128.905556489474009,99.978030473614794,99.982135292785600,97.419680242065695,97.611336643030697,1.349400619387673,0.102941469581242
17,009,00424206,17009,0500000US17009,Brown,Brown County,06,H1,G4020, , , ,A,791828624.000000000000000,4144346.000000000000000,+39.9620694,-090.7503095,Brown,38.432369941200797,40.123918705056099,32.358276829129501,34.651943646707302,40.128386642801303,38.432934319110302,99.988865892404206,99.998531525319507,86.352695799006199,84.194135582928297,1.403237361980925,0.083902450780801
17,095,00424249,17095,0500000US17095,Knox,Knox County,06,H1,G4020, ,23660, ,A,1855351760.000000000000000,8914499.000000000000000,+40.9309446,-090.2137921,Knox,39.527160845916100,37.552834413956198,36.203696121574197,34.426081263624603,37.931414431493700,40.058828737929403,99.001935405753898,98.672782233620495,90.758759670826805,90.376322179622207,1.785567340620614,0.199322313354627
17,019,00424211,17019,0500000US17019,Champaign,Champaign County,06,H1,G4020,169,16580, ,A,2579898008.000000000000000,6110542.000000000000000,+40.1389845,-088.1969749,Champaign,51.643165620117003,44.979445133058597,47.864176991981402,41.258079848795603,45.007994647687298,51.671367654898802,99.936567903431097,99.945420382579897,91.668336196168596,92.631914277274902,2.108476057592143,0.273291281556452
17,045,00424224,17045,0500000US17045,Edgar,Edgar County,06,H1,G4020, , , ,A,1614400671.000000000000000,1565052.000000000000000,+39.6790370,-087.7471102,Edgar,43.217015856404799,33.706780917749100,43.217015856404799,33.706780917749100,33.716628048524299,43.222291375704998,99.970794437803605,99.987794447882706,99.970794437803605,99.987794447882706,1.750502255131459,0.169641004894362
17,049,00424226,17049,0500000US17049,Effingham,Effingham County,06,H1,G4020, ,20820, ,A,1240001925.000000000000000,3178181.000000000000000,+39.0479445,-088.5928488,Effingham,73.164347883065105,63.069042197319099,70.987686875643803,61.261480939260800,63.082135383542600,73.176796103645202,99.979244224781098,99.982988841760104,97.113835108446906,97.008465327040497,1.498475138044848,0.129378548187882
17,035,00424219,17035,0500000US17035,Cumberland,Cumberland County,06,H1,G4020, ,20820, ,A,895995630.000000000000000,2532358.000000000000000,+39.2731210,-088.2406193,Cumberland,47.704457594562300,40.809622537352901,47.704457594562300,40.809622537352901,40.816987759090800,47.711822816300298,99.981955499064796,99.984563109721705,99.981955499064796,99.984563109721705,1.332088898387646,0.093790106611647
17,033,00424218,17033,0500000US17033,Crawford,Crawford County,06,H1,G4020, , , ,A,1149031270.000000000000000,5744817.000000000000000,+39.0027865,-087.7606193,Crawford,250.796201137299988,205.611832430903007,230.951595690862007,190.632387605531989,206.295599724863990,251.557023443653009,99.668549743730594,99.697554734931103,92.407393982120098,91.808844185419304,1.717445706884213,0.120047776625721
17,179,01785094,17179,0500000US17179,Tazewell,Tazewell County,06,H1,G4020,427,37900, ,A,1674390616.000000000000000,29668273.000000000000000,+40.5080743,-089.5162598,Tazewell,124.767324661087002,105.563841412669007,109.857112368071000,93.994545269515598,105.832420967076999,125.026876969385995,99.746221855312299,99.792402790031502,88.814509212404303,87.866797148720593,2.059346136654902,0.181053345771462
17,151,00424277,17151,0500000US17151,Pope,Pope County,06,H1,G4020, , , ,A,955362038.000000000000000,14662240.000000000000000,+37.4171687,-088.5423737,Pope,233.532219737849005,213.545557608355011,139.143492215094994,126.470640714303997,219.567322719484991,241.001399588332987,97.257440207155597,96.900773247274799,57.599937526168397,57.735553591295798,1.604260640811113,0.098697510680989
17,129,00424266,17129,0500000US17129,Menard,Menard County,06,H1,G4020,522,44100, ,A,814269348.000000000000000,2640418.000000000000000,+40.0225693,-089.7941326,Menard,39.191327440439700,31.755701591010499,29.760884614331001,23.799301972915998,31.914531495833199,39.325160862717603,99.502327318063706,99.659674825628599,74.571992310221802,75.678990146346607,1.553891095170545,0.086190873329673
17,123,00424260,17123,0500000US17123,Marshall,Marshall County,06,H1,G4020,427,37900, ,A,1001865238.000000000000000,30343574.000000000000000,+41.0311192,-089.3423714,Marshall,119.732160422730999,99.588327007521201,56.399810656409500,53.441473155621097,102.173525786670993,122.467155849209007,97.469795860282701,97.766751903795694,52.304618778843100,46.053009286712900,1.712604689613838,0.110527855036433
17,031,01784766,17031,0500000US17031,Cook,Cook County,06,H1,G4020,176,16980,16984,A,2447358069.000000000000000,1786339736.000000000000000,+41.8942937,-087.6454546,Cook,137.900128287475013,133.364623609688010,0.000000000000000,0.000000000000000,139.709018699649988,143.645039050922009,95.458850724875703,96.000620138777805,0.000000000000000,0.000000000000000,3.177791022018133,0.268942232465560
17,059,00424231,17059,0500000US17059,Gallatin,Gallatin County,06,H1,G4020, , , ,A,836415230.000000000000000,13355417.000000000000000,+37.7686768,-088.2279642,Gallatin,354.033774879554016,278.492011841015028,331.225283842371994,257.389809911259988,284.500971575278982,361.872201146351017,97.887894828269793,97.833924174897504,90.470625982784895,91.531010890890698,1.416438839349516,0.086836414713273
17,193,00424297,17193,0500000US17193,White,White County,06,H1,G4020, , , ,A,1281999215.000000000000000,17833681.000000000000000,+38.0873070,-088.1786196,White,235.159199152766007,185.131314774011003,216.773374095895008,170.013914905543004,186.236850837080993,236.611446786284006,99.406381681122298,99.386231032672796,91.289083842096602,91.615759524809803,1.965336327203528,0.133364384443683
17,039,00426598,17039,0500000US17039,De Witt,De Witt County,06,H1,G4020, , , ,A,1029678313.000000000000000,19492326.000000000000000,+40.1814993,-088.9018526,De Witt,24.549389458943200,21.539974462245699,23.290216556938098,20.385229782501099,22.218841125618301,25.329529355386700,96.944635143054896,96.920037930836997,91.747493342471898,91.948872125352395,1.531595538433221,0.110932345177865
17,047,00424225,17047,0500000US17047,Edwards,Edwards County,06,H1,G4020, , , ,A,576012469.000000000000000,781202.000000000000000,+38.4170954,-088.0479408,Edwards,125.223888931703002,93.604079556086305,123.923724006615998,92.588501255875400,93.835830783770106,125.455030359283995,99.753024803267607,99.815757545218403,98.670732152658204,98.779398204853095,1.340173800555494,0.059497792111839
17,125,00424261,17125,0500000US17125,Mason,Mason County,06,H1,G4020, , , ,A,1396914845.000000000000000,62748509.000000000000000,+40.2369926,-089.9135746,Mason,313.906570391587024,267.819557712245000,233.316404994853997,200.180452510499009,300.212444281273008,346.862675198090017,89.210012047775507,90.498803370041898,66.679598505566105,67.264777007675704,2.584721256178018,0.154480935484389
17,013,00424208,17013,0500000US17013,Calhoun,Calhoun County,06,H1,G4020,476,41180, ,A,657415185.000000000000000,77051402.000000000000000,+39.1642619,-090.6662948,Calhoun,497.666176417198983,380.491024782035026,401.810558205852999,302.259296410768002,382.909761823881013,499.601562951981975,99.368327140492596,99.612613995171102,78.937474712329703,80.426201197547400,1.811201526065638,0.076497780476137
17,121,00424259,17121,0500000US17121,Marion,Marion County,06,H1,G4020,476,16460, ,A,1482866786.000000000000000,9232943.000000000000000,+38.6482361,-088.9203624,Marion,309.447971244309997,258.324791493566011,306.732754390791001,255.566338838116991,259.931752428946027,311.226590193528011,99.381775823706107,99.428513178095798,98.320553933855294,98.556088732668201,1.592125859254683,0.154405296603313
17,187,01785134,17187,0500000US17187,Warren,Warren County,06,H1,G4020, , , ,A,1404705831.000000000000000,1735113.000000000000000,+40.8504412,-090.6202228,Warren,16.592095618683398,15.513869017552500,16.518317383043001,15.419799118586100,15.517758668900100,16.594039308643399,99.974934193587004,99.988286818394002,99.368726164621094,99.543679967293798,1.560421838735661,0.150187271822693
17,023,00424213,17023,0500000US17023,Clark,Clark County,06,H1,G4020, , , ,A,1298594814.000000000000000,8731439.000000000000000,+39.3323343,-087.7916832,Clark,96.594369171004899,88.309340608756699,88.067302877459397,81.757346171449996,90.209336544921001,98.243667777035398,97.893792362370206,98.321216376231504,90.630692235207604,89.641709099591694,1.731891142543133,0.136550069683863
17,191,00424296,17191,0500000US17191,Wayne,Wayne County,06,H1,G4020, , , ,A,1848817749.000000000000000,4217594.000000000000000,+38.4318573,-088.4324302,Wayne,542.176698815891996,403.498611716225014,528.054210142057968,391.607811332148003,404.242460783701006,542.976977209513961,99.815989377752601,99.852612831259506,96.874487299760901,97.251675910063796,1.796537327561850,0.191179567086438
17,089,00424246,17089,0500000US17089,Kane,Kane County,06,H1,G4020,176,16980,20994,A,1345139287.000000000000000,12480820.000000000000000,+41.9395938,-088.4280395,Kane,43.493293904381296,39.494137893761497,0.000000000000000,0.000000000000000,40.228272351575903,44.273292365252701,98.175078334464800,98.238218982142897,0.000000000000000,0.000000000000000,1.593400313647108,0.147388202126505
17,105,00424254,17105,0500000US17105,Livingston,Livingston County,06,H1,G4020,145,38700, ,A,2702983876.000000000000000,5975815.000000000000000,+40.8943761,-088.5528518,Livingston,22.323851137033799,21.266642026407400,21.186943781344201,19.829139932562502,21.355299027885302,22.445093440705701,99.584847763722806,99.459827137756804,92.853487589520299,94.394544791336500,2.362343141526805,0.289461108686032
17,085,00424244,17085,0500000US17085,Jo Daviess,Jo Daviess County,06,H1,G4020, , , ,A,1556385363.000000000000000,45789931.000000000000000,+42.3623905,-090.2114705,Jo Daviess,109.651379880950003,102.271209693214004,23.350326356220201,22.243784460162200,103.007808614775996,110.164577554990998,99.284909628243000,99.534153640461298,21.594270142517601,21.195857029964401,1.957489830538840,0.174989764119131
17,199,01785215,17199,0500000US17199,Williamson,Williamson County,06,H1,G4020,166,32060, ,A,1088353644.000000000000000,62455779.000000000000000,+37.7303533,-088.9300182,Williamson,415.413399869778004,350.563107881520978,270.818942415257027,223.266323369540004,358.471918201528979,424.016183969341000,97.793743409613199,97.971118927812995,62.282793165411100,63.869954179588298,1.416700280877708,0.117618767412405
17,003,00424203,17003,0500000US17003,Alexander,Alexander County,06,H1,G4020,164,16020, ,A,609667770.000000000000000,44639202.000000000000000,+37.1836583,-089.3495158,Alexander,491.132713834914000,381.706286462740024,282.348397017819991,215.713989651459002,384.016957403859010,493.449896112737008,99.398289347236101,99.530411841997093,56.173037542349697,57.219263646032303,1.819038647430244,0.066294392908319
17,063,00424233,17063,0500000US17063,Grundy,Grundy County,06,H1,G4020,176,16980,16984,A,1082959771.000000000000000,32112492.000000000000000,+41.2924096,-088.4010545,Grundy,45.578382738543503,43.373150485170001,0.000000000000000,0.000000000000000,44.824598193725699,47.202764190479300,96.761939276549199,96.558715406197706,0.000000000000000,0.000000000000000,1.387307845485147,0.119853765465462
17,079,00424241,17079,0500000US17079,Jasper,Jasper County,06,H1,G4020, , , ,A,1281043466.000000000000000,9334674.000000000000000,+39.0048857,-088.1507245,Jasper,109.169471676222003,84.877014910505494,106.000261161436001,82.188956438137495,84.968147584315801,109.269673844826997,99.892744897468901,99.908298281600807,96.729137653118201,97.007941390916997,1.472463216649975,0.134197560618456
17,165,00424283,17165,0500000US17165,Saline,Saline County,06,H1,G4020, , , ,A,984186255.000000000000000,17963038.000000000000000,+37.7515083,-088.5450236,Saline,309.366847675132021,258.310954075965981,233.888656976786990,195.450872147760009,266.206147462948024,317.611878529252976,97.034180667040800,97.404054630355503,73.420871009360695,73.639770042556805,1.282824121047703,0.102456122450851
17,163,01784987,17163,0500000US17163,St. Clair,St. Clair County,06,H1,G4020,476,41180, ,A,1703560308.000000000000000,41809674.000000000000000,+38.4701976,-089.9285459,St. Clair,754.393973925257001,608.691985444508987,634.027480694213978,500.193279389768009,609.742578803256947,755.635563893525955,99.827698869117896,99.835689315379497,82.033516565547799,83.906516711216099,1.898579358618916,0.180164146763128
17,189,01785150,17189,0500000US17189,Washington,Washington County,06,H1,G4020, , , ,A,1457120178.000000000000000,3386079.000000000000000,+38.3531405,-089.4171873,Washington,504.642371534332995,383.493666482642027,490.878655806668974,371.274896119108007,383.975753348430999,505.106015550437007,99.874448617761800,99.908208573679701,96.692276239172401,97.183292357295699,2.064576600188179,0.150523365315093
17,159,00424281,17159,0500000US17159,Richland,Richland County,06,H1,G4020, , , ,A,932518180.000000000000000,4840675.000000000000000,+38.7121872,-088.0854523,Richland,205.280457331321003,144.389778999736990,193.319129016373012,135.616211230918992,144.389778999736990,205.280457331321003,100.000000000000000,100.000000000000000,93.923691947174504,94.173177286115305,1.467412869369602,0.097083334521054
17,145,01784940,17145,0500000US17145,Perry,Perry County,06,H1,G4020, , , ,A,1144587288.000000000000000,13199036.000000000000000,+38.0843809,-089.3685249,Perry,436.808961398366023,312.687391201328012,435.701393014235975,311.703236107643988,316.477121242822022,440.688625666250005,98.802526379596799,99.119635942039807,98.491554423766601,98.868309195755998,1.607826537202605,0.118892141512245
17,087,00424245,17087,0500000US17087,Johnson,Johnson County,06,H1,G4020, , , ,A,890274791.000000000000000,12813242.000000000000000,+37.4607092,-088.8821305,Johnson,443.100686133679005,420.585921242001973,148.837535211968003,141.467477193807014,445.321287398068989,463.900801629893010,94.445501067197696,95.516257910498496,31.767508357926399,32.083914209467800,1.294936375401068,0.091970954585122
17,153,01784966,17153,0500000US17153,Pulaski,Pulaski County,06,H1,G4020, , , ,A,516105488.000000000000000,9763459.000000000000000,+37.2156152,-089.1277549,Pulaski,261.965612697796018,210.191772681369997,129.453913420943991,96.758736584640303,236.551416537253004,291.921042330695002,88.856695833088807,89.738516485918495,40.903892270458002,44.345523154954797,1.429299722570912,0.053361351444752
17,119,00424258,17119,0500000US17119,Madison,Madison County,06,H1,G4020,476,41180, ,A,1853192372.000000000000000,63157281.000000000000000,+38.8271195,-089.9002267,Madison,411.953375647857001,301.212719410137993,353.701091950173009,251.767881394043002,301.617667379599027,412.465985937370021,99.865741296595900,99.875720591033101,83.472524531257605,85.752790292841397,2.108111771687085,0.198771760108148
17,139,01784885,17139,0500000US17139,Moultrie,Moultrie County,06,H1,G4020, , , ,A,870127368.000000000000000,22111272.000000000000000,+39.6368956,-088.6257259,Moultrie,21.092124968127699,19.931335735770599,20.138749422204700,19.429098423423099,35.548523224999101,34.539017205701299,56.067971121101500,61.067530794263703,54.655149246142997,58.307245114318000,1.365979010876913,0.093619587097272
17,141,01784894,17141,0500000US17141,Ogle,Ogle County,06,H1,G4020,466,40300, ,A,1964903749.000000000000000,12378958.000000000000000,+42.0418840,-089.3201764,Ogle,29.091499710752601,27.201712393621701,25.007458597446298,23.487938821642199,27.294428366724699,29.199477380438800,99.660311724219596,99.630206841446807,86.053968619752894,85.643514339743902,2.172771522313536,0.215005605761585
17,027,00424215,17027,0500000US17027,Clinton,Clinton County,06,H1,G4020,476,41180, ,A,1227502153.000000000000000,75634262.000000000000000,+38.6062953,-089.4262278,Clinton,930.913427289347965,690.965500589359976,915.081935062421053,676.693675397802053,693.492065456811019,932.726324920137017,99.635675014423299,99.805634559425101,97.577709840422898,98.108299360026507,2.154165318637405,0.134771188611272
17,099,00422247,17099,0500000US17099,LaSalle,LaSalle County,06,H1,G4020,176,36837, ,A,2939940625.000000000000000,33828203.000000000000000,+41.3433407,-088.8859312,LaSalle,57.169084003997000,56.741554971981600,52.862369421302702,51.812131498991398,58.171256784565301,58.636817847658300,97.542253869675704,97.496907408115902,89.068269043722694,90.152179742499001,2.547444696069009,0.319921647451421
17,143,01784920,17143,0500000US17143,Peoria,Peoria County,06,H1,G4020,427,37900, ,A,1602412938.000000000000000,29919375.000000000000000,+40.7859722,-089.7669933,Peoria,138.518756149107986,125.028775222828997,103.502859435936003,94.829924613203005,125.957339116547999,139.651640260989012,99.262794927050606,99.188778513618800,75.287335599759700,74.115033122778996,1.870484157783138,0.174151906797356
17,069,00424236,17069,0500000US17069,Hardin,Hardin County,06,H1,G4020, , , ,A,459438162.000000000000000,10482693.000000000000000,+37.5178517,-088.2661478,Hardin,58.011450567635201,56.531433649266397,38.272517772385498,36.658895741983500,56.623904261553598,58.108068211618402,99.836693330329098,99.833727661309695,64.741024519699394,65.864378132489904,1.007806681812176,0.047818133657782
17,093,00424248,17093,0500000US17093,Kendall,Kendall County,06,H1,G4020,176,16980,20994,A,829425891.000000000000000,5122499.000000000000000,+41.5881403,-088.4306257,Kendall,15.428212610480999,14.724266940008100,13.612805586126800,13.415709365058300,14.947531980374301,15.788319739789200,98.506341778299202,97.719154823039105,89.752003091030502,86.220736661548102,1.211095886632007,0.090118327183551
17,177,01785076,17177,0500000US17177,Stephenson,Stephenson County,06,H1,G4020,466,23300, ,A,1461392058.000000000000000,1350223.000000000000000,+42.3497262,-089.6659942,Stephenson,29.669325910529000,26.256832490182301,29.141870526667699,25.664347902005701,26.307294114784199,29.733222632068600,99.808183903742801,99.785099912208196,97.556015415446296,98.011140222778494,1.659834283433887,0.159817694879272
17,057,00424230,17057,0500000US17057,Fulton,Fulton County,06,H1,G4020,427,15900, ,A,2242138203.000000000000000,43898933.000000000000000,+40.4652401,-090.2022689,Fulton,134.685932044725007,133.911910228176993,86.980970517138800,83.737202952351794,135.600027333009990,137.660562215720006,98.755076132331496,97.839155875062104,61.753087074759598,63.185104809347003,2.060472492200018,0.242764211165716
17,135,01784866,17135,0500000US17135,Montgomery,Montgomery County,06,H1,G4020, , , ,A,1822745305.000000000000000,15472187.000000000000000,+39.2280681,-089.4781406,Montgomery,92.925135535939006,85.433506525845203,91.942915445165497,84.335212698921794,87.305904042914506,94.426341943891600,97.855359797718904,98.410182606835903,96.597376344064301,97.369985485404300,2.173868322338208,0.191763242700979
17,115,00424256,17115,0500000US17115,Macon,Macon County,06,H1,G4020, ,19500, ,A,1503613053.000000000000000,13477733.000000000000000,+39.8602372,-088.9615288,Macon,72.996779656953805,65.651555693303607,50.837416810402701,45.950592893247098,65.669494807684998,73.007303347103701,99.972682728207502,99.985585428214193,69.972508586847994,69.633330474764705,1.745623453618262,0.159681024993018
17,155,00424279,17155,0500000US17155,Putnam,Putnam County,06,H1,G4020,176,36837, ,A,414649975.000000000000000,31194387.000000000000000,+41.1989613,-089.2983474,Putnam,81.223774859186307,56.258071727294599,77.367722552863100,51.490829170072502,59.957881081751900,84.781203807774205,93.829319369354195,95.803988633313494,85.878333658698395,91.255749008094000,1.048363358947840,0.047863455783456
17,169,01785037,17169,0500000US17169,Schuyler,Schuyler County,06,H1,G4020, , , ,A,1132602766.000000000000000,10510632.000000000000000,+40.1569048,-090.6134641,Schuyler,142.958840998057013,133.713147807864999,99.104794522546101,92.128728426344694,135.686495424339000,144.389556844177008,98.545656581148407,99.009127891663397,67.898229767248395,68.637093075573603,2.018094175233201,0.120836146887759
17,103,00424253,17103,0500000US17103,Lee,Lee County,06,H1,G4020,221,19940, ,A,1877142078.000000000000000,9779872.000000000000000,+41.7474465,-089.2993616,Lee,17.623797933265202,17.481450266742399,15.011327047916200,14.304421196998801,18.302887934456201,18.606590125433598,95.511977832922199,94.718042448707806,78.153902532888907,80.677474737281599,2.070273242792955,0.204243885264717
17,175,00424288,17175,0500000US17175,Stark,Stark County,06,H1,G4020,427,37900, ,A,746189904.000000000000000,684784.000000000000000,+41.0969077,-089.7974111,Stark,4.003091664379940,3.772476236448850,3.996232213895040,3.763803670571760,3.772476236448850,4.003091664379940,100.000000000000000,100.000000000000000,99.770109463028604,99.828646180002906,1.212334519967119,0.080046746119597
17,017,00424210,17017,0500000US17017,Cass,Cass County,06,H1,G4020, , , ,A,973198198.000000000000000,20569928.000000000000000,+39.9692024,-090.2457045,Cass,327.591246460863999,280.758042138380972,130.484573066174988,115.135847984934998,325.460007603415022,367.299562410446015,86.264989731240703,89.189119723151407,35.376342805605901,35.525382118577902,1.875509658067919,0.104769534644141
17,201,01785216,17201,0500000US17201,Winnebago,Winnebago County,06,H1,G4020,466,40420, ,A,1328789495.000000000000000,15877063.000000000000000,+42.3373957,-089.1612053,Winnebago,146.605132484220007,131.904633833984008,86.307667540925706,78.037012191991295,132.456506457534005,147.187709906066004,99.583355594746706,99.604194248135300,58.915197357262599,58.637822136105299,1.613398211121023,0.146883410988083
17,185,00424293,17185,0500000US17185,Wabash,Wabash County,06,H1,G4020, , , ,A,578403989.000000000000000,10973571.000000000000000,+38.4458209,-087.8391674,Wabash,145.624488784558991,97.582915607553204,134.594969310792010,90.654441947905497,97.816767223095894,145.883576772634996,99.760928905972406,99.822400852921206,92.677814368108301,92.261906575380706,1.763273261905925,0.060770169421189
17,073,00424238,17073,0500000US17073,Henry,Henry County,06,H1,G4020,209,19340, ,A,2132042739.000000000000000,6481370.000000000000000,+41.3500209,-090.1308378,Henry,30.118600819195901,26.847090866009900,29.778688963950799,26.615572040088999,26.956273427450402,30.269444205193999,99.594964186224502,99.501664500426301,98.736096114033202,98.378710762191702,1.966158506121899,0.230096271426059
17,109,01784729,17109,0500000US17109,McDonough,McDonough County,06,H1,G4020, ,31380, ,A,1526291866.000000000000000,2060301.000000000000000,+40.4558082,-090.6789543,McDonough,91.055499556607302,84.085681750929098,77.015153940296500,70.978936336289294,84.152001806300305,91.130126946085895,99.921190163100505,99.918108981102606,84.346105633550394,84.511189132722194,1.624835488851631,0.162262722372744
17,065,00424234,17065,0500000US17065,Hamilton,Hamilton County,06,H1,G4020, , , ,A,1125745190.000000000000000,3158473.000000000000000,+38.0852273,-088.5390093,Hamilton,91.680812279463396,58.406651810362703,87.224622764407002,56.572296701258402,58.448575007479100,91.747468289340404,99.928273363189703,99.927348393236500,96.789864755504098,95.070332065545500,1.363204427836688,0.115922865430181
17,021,00424212,17021,0500000US17021,Christian,Christian County,06,H1,G4020,522,45380, ,A,1837552893.000000000000000,16227346.000000000000000,+39.5455242,-089.2795927,Christian,179.322884430491996,154.750411268221001,153.472409530085002,132.461425499199009,155.122744436926013,179.766059236985996,99.759975128047103,99.753471368079801,85.391362807573003,85.373407072222705,2.024309927324514,0.194246994857724
17,171,00424286,17171,0500000US17171,Scott,Scott County,06,H1,G4020,522,27300, ,A,649542040.000000000000000,4814547.000000000000000,+39.6370016,-090.4777707,Scott,30.007787549559399,28.967329335129101,29.986361115884701,28.952734623977200,28.997398003205301,30.042792371181299,99.896305633792295,99.883483461891998,99.845974527703603,99.812163747632695,1.155593802317128,0.068661954438203
17,081,00424242,17081,0500000US17081,Jefferson,Jefferson County,06,H1,G4020, ,34500, ,A,1479496305.000000000000000,32544477.000000000000000,+38.3007796,-088.9242100,Jefferson,425.631203931057996,321.926816446880991,422.989220200919021,319.493668130879996,332.691548620906985,440.516601995416011,96.764350576788402,96.620922345053302,96.032997969219394,96.021175657148206,1.590185345938235,0.155725530274634
17,097,01784796,17097,0500000US17097,Lake,Lake County,06,H1,G4020,176,16980,29404,A,1149124986.000000000000000,2394833743.000000000000000,+42.1859677,-087.8059389,Lake,192.023230372784013,185.223314423650010,0.000000000000000,0.000000000000000,242.568209026532998,253.430731843106003,76.359270312866997,75.769512630244805,0.000000000000000,0.000000000000000,1.651983121962188,0.133065140052815
17,055,00424229,17055,0500000US17055,Franklin,Franklin County,06,H1,G4020, , , ,A,1059137475.000000000000000,58368794.000000000000000,+37.9918516,-088.9263215,Franklin,563.752020002920972,473.900534227982007,545.614629013560943,457.975057535682993,489.103245483839999,578.832139954503987,96.891717363106196,97.394733479594095,93.635661133803296,94.261287746814702,1.619776008372260,0.114614997526342
17,083,00424243,17083,0500000US17083,Jersey,Jersey County,06,H1,G4020,476,41180, ,A,957144905.000000000000000,20332592.000000000000000,+39.0801945,-090.3613850,Jersey,118.227112563402997,110.961877455983995,77.967209940950099,70.670944591543304,115.820759775208998,122.159924390320000,95.804826070339502,96.780603912007706,61.017510788830400,63.823885230833000,1.630021845963513,0.101720616096613
17,183,01785114,17183,0500000US17183,Vermilion,Vermilion County,06,H1,G4020,169,19180, ,A,2326639022.000000000000000,7527081.000000000000000,+40.1867546,-087.7267776,Vermilion,64.057454827731505,57.527760616432602,51.327718032324697,45.399119906266598,58.092154703012902,64.325349789192998,99.028450417331300,99.583531279131094,78.150173871777497,79.793919816271298,2.110133037866051,0.246825085945607
17,007,00424205,17007,0500000US17007,Boone,Boone County,06,H1,G4020,466,40420, ,A,727137091.000000000000000,3338156.000000000000000,+42.3189831,-088.8242951,Boone,21.904931631800800,21.947423298850300,17.355176728749498,17.355847426092598,22.164372609787200,22.080304316774399,99.021180004702202,99.205750598100394,78.305159959405898,78.600260575053696,1.150290714578791,0.079771379808485
17,137,00424270,17137,0500000US17137,Morgan,Morgan County,06,H1,G4020,522,27300, ,A,1473595806.000000000000000,9053547.000000000000000,+39.7176572,-090.2049929,Morgan,67.685497235539401,55.355856498190199,40.467528595680299,36.174773616802497,56.342972367685100,68.597107391185105,98.248023084310802,98.671066185856603,64.204588605534994,58.993053985364497,2.011451701919586,0.155733751773502
17,161,00424282,17161,0500000US17161,Rock Island,Rock Island County,06,H1,G4020,209,19340, ,A,1107212317.000000000000000,61631338.000000000000000,+41.4684205,-090.5721252,Rock Island,133.923645463174012,126.954014829966994,63.472543517207100,62.543886666853602,128.116838693737009,135.010704571085995,99.092372341039606,99.194834875230399,48.817850412594403,47.012971096515997,2.554242549699510,0.125849772610811
17,111,01784815,17111,0500000US17111,McHenry,McHenry County,06,H1,G4020,176,16980,16984,A,1562806157.000000000000000,19855932.000000000000000,+42.3242982,-088.4522450,McHenry,141.028652555902994,144.148194489186011,0.000000000000000,0.000000000000000,156.512220668259005,152.698378524419013,92.100280651387706,92.357662156412701,0.000000000000000,0.000000000000000,1.696252172437303,0.172837099737841
17,037,00422190,17037,0500000US17037,DeKalb,DeKalb County,06,H1,G4020,176,16980,20994,A,1635155498.000000000000000,8560431.000000000000000,+41.8946145,-088.7689224,DeKalb,24.754649607819101,23.782145123759001,0.000000000000000,0.000000000000000,23.806604008050400,24.788125542029000,99.897260086809993,99.864951732017104,0.000000000000000,0.000000000000000,1.753754581337869,0.178323203724082
