STATEFP,COUNTYFP,COUNTYNS,GEOID,GEOIDFQ,NAME,NAMELSAD,LSAD,CLASSFP,MTFCC,CSAFP,CBSAFP,METDIVFP,FUNCSTAT,ALAND,AWATER,INTPTLAT,INTPTLON,Shape_Leng,Shape_Area,DTR,FD,ID,SU,TR,TX90p,TX90pDAYS,TX95p,TX95pDAYS,TXge90F,TXge95F,TXge100F,TXge105F,TXge110F
17,015,00424209,17015,0500000US17015,Carroll,Carroll County,06,H1,G4020, , , ,A,1153597409.000000000000000,55881823.000000000000000,+42.0708996,-089.9241898,1.761081195090000,0.131532834227000,0.003612099033389,-54.247757384408985,-32.470547642497728,52.417541150951877,58.310685470098370,37.033773708639174,135.258157441506029,31.167797055171160,113.835037283187759,72.631875725969763,46.963015468661503,19.315129507895723,4.646332424326514,0.576409638789216
17,043,00422191,17043,0500000US17043,DuPage,DuPage County,06,H1,G4020,176,16980,16984,A,849236415.000000000000000,22006224.000000000000000,+41.8520577,-088.0860389,1.284918945090000,0.094458450621300,-0.073923236602729,-57.924497446692740,-30.302537221182934,52.014308872213135,64.401050406370388,35.625620662700626,130.115481290157987,29.564396077206343,107.979127414711741,71.498665838026042,48.733837470339537,22.107158311385401,5.930253267757201,0.915347173084654
17,133,01784865,17133,0500000US17133,Monroe,Monroe County,06,H1,G4020,476,41180, ,A,997924032.000000000000000,33756312.000000000000000,+38.2779831,-090.1790777,1.568861752230000,0.106167838180000,0.150332017598933,-45.111944723590625,-13.092889666110134,47.953638012746531,77.980978755115970,35.848717643071538,130.932495760001217,31.181806693179379,113.888258267894983,80.754811480912338,75.264341559165047,46.914111508773665,17.726514149878181,4.311760330062746
17,157,01784967,17157,0500000US17157,Randolph,Randolph County,06,H1,G4020, , , ,A,1490194102.000000000000000,56150220.000000000000000,+38.0565149,-089.8212096,1.978064407330000,0.158501804796000,0.128371926396315,-45.848547744795020,-12.820002781096465,46.122880367470160,75.381988009008467,35.511903321531996,129.702670167065889,30.009232002287888,109.606093796940272,77.201682332507005,71.213721712111450,41.803335459911843,14.514421176586167,3.368610185164143
17,149,01784941,17149,0500000US17149,Pike,Pike County,06,H1,G4020, , , ,A,2153190712.000000000000000,45251538.000000000000000,+39.6251059,-090.8890344,2.317944000350000,0.230564953135000,0.123982854653594,-48.029627700372480,-18.622637736467865,48.931701131187289,75.382799535283951,34.293119985880757,125.249950836807031,28.707671051063222,104.850064866160110,78.250009827088491,64.180960864162273,33.723114648630933,11.589360244197751,2.662978075228658
17,203,01785231,17203,0500000US17203,Woodford,Woodford County,06,H1,G4020,427,37900, ,A,1366366883.000000000000000,39858698.000000000000000,+40.7897888,-089.2105875,1.861819457300000,0.150029135018000,0.058565883223944,-53.291375143968253,-25.398776006748054,48.966232378271386,73.365619943356094,36.280650299349325,132.507878621728509,30.809282862031534,112.525966504620882,80.573481002934471,62.249655300511193,30.633564878522250,8.640317942255212,1.516107021360518
17,001,00424202,17001,0500000US17001,Adams,Adams County,06,H1,G4020,448,39500, ,A,2214827090.000000000000000,41753385.000000000000000,+39.9860525,-091.1949607,2.007785956680000,0.237918680497000,0.124073320046511,-48.437265619418632,-21.135183735567136,50.836878420330315,76.638848136221256,35.233522382123049,128.683899281009133,29.400094303942542,107.379425292334773,79.487306806708432,62.565439526632339,32.063994709262658,10.941970251399272,2.565639270400858
17,075,00424239,17075,0500000US17075,Iroquois,Iroquois County,06,H1,G4020, , , ,A,2894072162.000000000000000,4208707.000000000000000,+40.7488665,-087.8336010,2.229104709670000,0.309023090512000,0.079249333876383,-54.244526976375091,-25.153739415168079,49.112963046229716,70.980193044345256,35.067765560411935,128.078021717831973,29.520273736773810,107.818543147845347,77.957872597137026,55.697501972320310,24.620235719155126,6.093693093478383,0.904961303704440
17,053,00424228,17053,0500000US17053,Ford,Ford County,06,H1,G4020,169,16580, ,A,1257690139.000000000000000,1640595.000000000000000,+40.5965386,-088.2245882,2.245098577230000,0.133978554353000,0.096405876075285,-53.045566615060672,-25.362996077930461,49.454045145572501,72.384199413235606,34.991919355814112,127.801232923780461,29.506127237747965,107.766359052709419,78.229222774093031,57.289887683336559,26.235325024396001,6.788132175221077,1.121748994706499
17,147,00424275,17147,0500000US17147,Piatt,Piatt County,06,H1,G4020,169,16580, ,A,1137492093.000000000000000,754122.000000000000000,+40.0090327,-088.5923546,1.478463080930000,0.120065242314000,0.093463353203571,-51.687338750295879,-22.008577048832606,46.708739399190655,77.589219104298323,36.239146825451392,132.356207576165474,30.938398208325186,112.997900576730714,81.730360861605675,63.947075030966388,31.311430513115329,8.454830835924250,1.495481322775788
17,077,00424240,17077,0500000US17077,Jackson,Jackson County,06,H1,G4020,166,16060, ,A,1511448965.000000000000000,48302865.000000000000000,+37.7860959,-089.3812119,1.831825879960000,0.159521978917000,0.124031573541140,-45.983780643353604,-12.085858190932999,47.405012019031425,76.342112224627371,37.480607398521677,136.892881712684897,32.390029659294129,118.301596736418844,80.031771479347029,71.569216327616303,38.906017269535113,11.510626319277154,2.266953196159878
17,061,00424232,17061,0500000US17061,Greene,Greene County,06,H1,G4020, , , ,A,1406736598.000000000000000,8423898.000000000000000,+39.3554391,-090.3876823,1.824313476320000,0.147889457445000,0.126771366128561,-49.309208364610726,-17.705214111386784,48.583339113647085,78.200366013420023,35.539485090261977,129.802546119075373,30.313726486995250,110.717075677308728,82.044963076238957,67.399481338635084,34.801499716794474,11.297438124297114,2.413825400774192
17,101,00424252,17101,0500000US17101,Lawrence,Lawrence County,06,H1,G4020, , , ,A,963938120.000000000000000,5076511.000000000000000,+38.7189542,-087.7302207,1.402426363110000,0.100339712279000,0.127291118595863,-46.828150628020410,-14.909175649136204,45.369325224893664,76.730730000105950,36.180564642395510,132.144269262367459,30.701102712538770,112.132378279136688,79.626434814957577,69.491745730293928,35.764212198609158,9.806245353983831,1.855659775059102
17,067,00424235,17067,0500000US17067,Hancock,Hancock County,06,H1,G4020, , , ,A,2055798710.000000000000000,53563365.000000000000000,+40.4013180,-091.1688008,2.028387415640000,0.223531666989000,0.097844660441381,-48.288524728622178,-22.537381626164475,49.344071116940079,74.344074392414157,35.667616582258468,130.269509638966042,30.167316236986888,110.181019697036504,77.690233369754623,60.101934105412028,30.444247441098536,10.004789809887745,2.190512132127187
17,025,00424214,17025,0500000US17025,Clay,Clay County,06,H1,G4020, , , ,A,1213023045.000000000000000,3064499.000000000000000,+38.7468187,-088.4823254,1.713349087150000,0.126024182004000,0.098722919096974,-46.093690895901290,-14.856770350234704,46.649868275111906,76.528191864261132,36.609136613899935,133.709227889019019,30.871350813155196,112.754200614854469,82.152418526800503,69.606247647599389,35.726111450638577,10.208441989353927,2.123301202033256
17,071,00424237,17071,0500000US17071,Henderson,Henderson County,06,H1,G4020,161,15460, ,A,981068776.000000000000000,42565933.000000000000000,+40.8144710,-090.9412464,1.551404578360000,0.109230076555000,0.085617989984223,-50.413145542485573,-24.866204160634716,50.416410527619668,76.516943069198078,36.118126176955613,131.914224973409944,30.540827603209124,111.545158339535206,78.839337631917388,59.934775437749430,28.858259390251870,9.005257929843301,1.809435522235142
17,041,00424222,17041,0500000US17041,Douglas,Douglas County,06,H1,G4020, , , ,A,1079117766.000000000000000,1441160.000000000000000,+39.7660778,-088.2228669,1.526174570270000,0.113586468487000,0.087872165407536,-47.732157098009338,-19.543739749194259,46.138482504915764,77.441492646118164,35.493408203813836,129.633181156247730,30.446857764789243,111.202739794155988,82.111701608426245,66.486890395382531,33.557675595552062,9.337154298667709,1.726967495552238
17,181,01785113,17181,0500000US17181,Union,Union County,06,H1,G4020, , , ,A,1070733038.000000000000000,22538656.000000000000000,+37.4856521,-089.2446391,1.555339700480000,0.111305968583000,0.133370443787237,-43.754674515715614,-10.621316268836232,47.285594303001872,74.499913177954312,37.649806791039055,137.510696139603880,32.873024633138435,120.065551530142784,78.778029977782069,70.321116689622528,37.464730588541144,10.518418433955992,1.788999391815640
17,091,00424247,17091,0500000US17091,Kankakee,Kankakee County,06,H1,G4020,176,28100, ,A,1752101320.000000000000000,12459008.000000000000000,+41.1395105,-087.8611165,2.033784995930000,0.189241514019000,0.037796731147160,-53.420342159402139,-25.437189721026062,49.632167608159186,68.957661148240021,33.986794334264943,124.129825753632133,28.485718082188647,104.040121057157563,75.437795048629752,53.374478582330312,22.872063411628119,5.500180915798199,0.802093943721623
17,127,01784730,17127,0500000US17127,Massac,Massac County,06,H1,G4020,424,37140, ,A,614222111.000000000000000,12780838.000000000000000,+37.2161190,-088.7056578,1.196806849610000,0.063599877895300,0.121755154183631,-40.231465814712621,-8.611325838816375,46.164534385755452,73.852935670100763,37.185591711113773,135.815476266170577,32.439977020630302,118.484335521747610,78.691819499749613,72.491080553791789,38.688943089702171,11.121792688755383,1.930599705009605
17,197,01785190,17197,0500000US17197,Will,Will County,06,H1,G4020,176,16980,16984,A,2164990677.000000000000000,34485763.000000000000000,+41.4484742,-087.9784563,2.497241836560000,0.236982158173000,-0.014467399430853,-56.271740839600014,-28.361883009656072,51.764065485826670,70.352984317519756,34.731434391365731,126.849650383104702,29.117420928953987,106.346723627114883,73.854614508414031,51.995374533161829,23.036670267282407,5.974861223400608,0.879690415227880
17,173,01785051,17173,0500000US17173,Shelby,Shelby County,06,H1,G4020, , , ,A,1964526143.000000000000000,24749348.000000000000000,+39.3849162,-088.7988651,2.213360806880000,0.207989279541000,0.099323541447778,-48.552150556865229,-18.587399525598642,46.227413784311345,76.043957521316941,35.038501743997827,127.972322520199256,29.047643312943890,106.092835606354910,79.981322205102529,62.852477885877164,30.265520026376500,8.530038453504861,1.767935191520205
17,051,00424227,17051,0500000US17051,Fayette,Fayette County,06,H1,G4020, , , ,A,1855600276.000000000000000,22898580.000000000000000,+39.0011246,-089.0179232,2.082191822140000,0.195334717786000,0.115799251409407,-48.395314666729867,-17.223724829372138,47.725442475097147,75.705254855450406,35.150406671078251,128.381770004733454,29.684153942976131,108.417862133928907,79.089237765479012,65.790642475228680,33.506905801014362,9.760863053000490,1.973243020325319
17,117,00424257,17117,0500000US17117,Macoupin,Macoupin County,06,H1,G4020,476,41180, ,A,2235146415.000000000000000,12194715.000000000000000,+39.2659138,-089.9263301,1.951467595340000,0.234541969332000,0.108518150739015,-47.602620411984638,-17.609100767468284,47.322947914101789,74.834060735586775,35.256377330605950,128.768439647292013,29.993776063235494,109.548547807942057,80.168912765377883,65.877513420083659,33.541824917749032,10.231349389271656,2.109696928306282
17,195,01785167,17195,0500000US17195,Whiteside,Whiteside County,06,H1,G4020,221,44580, ,A,1771808926.000000000000000,31883751.000000000000000,+41.7506748,-089.9110053,1.982103975280000,0.195245650505000,0.017767364704563,-53.664015625301680,-30.844461038680244,49.910115072730761,69.852655901234897,37.179738371217802,135.791408485284563,31.274905789802439,114.226254351538174,76.460199274771924,52.560312521906191,23.522248835820164,6.612789487459245,1.023972008831814
17,107,00424255,17107,0500000US17107,Logan,Logan County,06,H1,G4020,522,30660, ,A,1600748259.000000000000000,2262329.000000000000000,+40.1292768,-089.3653086,1.725008940230000,0.169368894432000,0.107726294487805,-51.689037805637355,-21.833417100317035,48.110069925306917,74.908120899058432,35.670489373937443,130.279452446753965,30.265795246683926,110.540969707777009,81.948976112695121,64.288616138824878,32.295304148331212,9.663987860100033,1.840111433003615
17,029,00424216,17029,0500000US17029,Coles,Coles County,06,H1,G4020, ,16660, ,A,1316418025.000000000000000,4650073.000000000000000,+39.5136797,-088.2207820,1.636399833600000,0.138376882895000,0.088501757503514,-48.487717873145442,-19.386395700549571,47.110111354749215,76.252574560357402,35.772483766392781,130.652912731560349,30.267956111265100,110.549592624520898,80.251269457603030,62.621914870788146,29.806899171412198,7.628492499012935,1.305136370917779
17,131,01784750,17131,0500000US17131,Mercer,Mercer County,06,H1,G4020,209,19340, ,A,1453604386.000000000000000,19411909.000000000000000,+41.2056046,-090.7417698,1.778514382560000,0.158098949103000,0.075716634389004,-50.635748275669734,-26.951977354043592,50.819253340933457,75.791961257310248,36.461087971512995,133.166792567409715,30.850666862899111,112.677047850769171,79.980462980052309,59.168978497480772,28.456516802081179,9.029332578932788,1.720110098224676
17,011,00424207,17011,0500000US17011,Bureau,Bureau County,06,H1,G4020,176,36837, ,A,2250884555.000000000000000,11523912.000000000000000,+41.4013043,-089.5283772,2.249142807100000,0.243613748892000,0.034156733954039,-54.408040250434723,-29.104278245563396,49.586240655701459,70.494172189978826,36.627122751429830,133.773097496693879,30.715172260568824,112.182102727425672,77.300883302683971,55.495697050680391,25.543752189619013,7.260157041537497,1.247158591661725
17,167,01785010,17167,0500000US17167,Sangamon,Sangamon County,06,H1,G4020,522,44100, ,A,2248704917.000000000000000,22747684.000000000000000,+39.7568863,-089.6624350,2.486167954160000,0.238732960086000,0.091748089277812,-48.920751879572478,-20.266251634521616,47.626108744813415,76.079588816982380,35.757970095682239,130.599703819877135,30.555750848771822,111.600409244546498,82.323756031604162,66.535460768575504,33.929965268610871,10.087865437369846,1.924737872866882
17,113,01784833,17113,0500000US17113,McLean,McLean County,06,H1,G4020,145,14010, ,A,3064597294.000000000000000,7804856.000000000000000,+40.4945594,-088.8445391,2.557014686770000,0.326358155195000,0.076180523447489,-53.654815241812358,-24.583880933455234,48.495339931573653,75.223521729868679,36.474539709654138,133.216555531252766,31.189930374807794,113.916096084356141,81.532032601717503,62.889110870174939,30.838055764146770,8.704309348040486,1.603692834879821
17,005,00424204,17005,0500000US17005,Bond,Bond County,06,H1,G4020,476,41180, ,A,985066653.000000000000000,6462629.000000000000000,+38.8859240,-089.4365916,1.349400619390000,0.102941469581000,0.114289252580068,-48.483583557543625,-16.402572562094424,47.746689143734343,75.945004792928842,35.907227763137080,131.145692006656304,30.218070310119963,110.368235994726504,80.036132774839629,66.787143547840671,33.684424263185164,9.781362914723697,1.971142486966578
17,009,00424206,17009,0500000US17009,Brown,Brown County,06,H1,G4020, , , ,A,791828624.000000000000000,4144346.000000000000000,+39.9620694,-090.7503095,1.403237361980000,0.083902450780800,0.119211321270983,-49.210968596620063,-20.323100482104987,48.669251920154814,75.475171932141407,34.761499114271587,126.960284378787406,29.093466384505483,106.259652390924074,78.844703211441299,62.610052085527606,31.681498735501709,10.282147602632856,2.212628183337593
17,095,00424249,17095,0500000US17095,Knox,Knox County,06,H1,G4020, ,23660, ,A,1855351760.000000000000000,8914499.000000000000000,+40.9309446,-090.2137921,1.785567340620000,0.199322313355000,0.058368441389732,-51.447024886930365,-26.771140688488998,51.787093444711395,74.829285576894875,36.607160288458502,133.700144366867534,30.813428424688709,112.541199308823934,78.894350511410423,56.568249787007893,25.399237154987585,7.045617276295426,1.195899309884583
17,019,00424211,17019,0500000US17019,Champaign,Champaign County,06,H1,G4020,169,16580, ,A,2579898008.000000000000000,6110542.000000000000000,+40.1389845,-088.1969749,2.108476057590000,0.273291281556000,0.108979868436609,-50.318743545994934,-22.952386542965812,48.066223396577591,78.469234420614981,35.812559948886751,130.798517923899482,30.386565780348480,110.982315530969259,81.022635343526375,61.828922133982687,29.628587985222882,7.877618848323478,1.347498258905694
17,045,00424224,17045,0500000US17045,Edgar,Edgar County,06,H1,G4020, , , ,A,1614400671.000000000000000,1565052.000000000000000,+39.6790370,-087.7471102,1.750502255130000,0.169641004894000,0.078842256646929,-50.278575036202440,-19.963699083435088,48.158986899654813,76.797071106068714,36.158300215756135,132.061720746824022,30.903660035488638,112.870633925711417,80.779414840711496,62.554049693262428,29.581885807457727,7.497436153389008,1.242955888805994
17,049,00424226,17049,0500000US17049,Effingham,Effingham County,06,H1,G4020, ,20820, ,A,1240001925.000000000000000,3178181.000000000000000,+39.0479445,-088.5928488,1.498475138040000,0.129378548188000,0.104157998230412,-48.831117958527834,-18.022568781355378,46.987775943422889,76.370357524174366,35.666815087723236,130.267441506157070,30.081814419204772,109.870348638149139,79.346776778215769,66.758662040609408,34.294877658966662,9.696663184276598,1.943298167353326
17,035,00424219,17035,0500000US17035,Cumberland,Cumberland County,06,H1,G4020, ,20820, ,A,895995630.000000000000000,2532358.000000000000000,+39.2731210,-088.2406193,1.332088898390000,0.093790106611600,0.093700805029742,-49.357023592899502,-18.858848919903306,46.625066309090329,76.758829731682994,36.307465878264814,132.606454048289038,30.652307397560911,111.953780333090734,80.727493731374565,64.740046599401680,31.888074247329961,8.332332817940157,1.563609441907035
17,033,00424218,17033,0500000US17033,Crawford,Crawford County,06,H1,G4020, , , ,A,1149031270.000000000000000,5744817.000000000000000,+39.0027865,-087.7606193,1.717445706880000,0.120047776626000,0.134915116770783,-48.731220545297589,-16.148983204719116,47.032623893133945,77.162341263026661,36.784280137805105,134.348771265415195,31.015723073914554,113.281157444295943,81.705554250785383,68.755848594766377,34.791438728705614,9.493990206841737,1.906158549083994
17,179,01785094,17179,0500000US17179,Tazewell,Tazewell County,06,H1,G4020,427,37900, ,A,1674390616.000000000000000,29668273.000000000000000,+40.5080743,-089.5162598,2.059346136650000,0.181053345771000,0.082949449337176,-50.581580486467196,-23.749186280921101,49.159226541786481,76.715965396826718,36.455051005768155,133.145097662654223,31.140044766130515,113.733623124622497,81.394749551951534,63.377716727786677,32.067560494666068,9.543843086688156,1.762555723773305
17,151,00424277,17151,0500000US17151,Pope,Pope County,06,H1,G4020, , , ,A,955362038.000000000000000,14662240.000000000000000,+37.4171687,-088.5423737,1.604260640810000,0.098697510681000,0.126916285957158,-44.256633714883215,-10.153010869115311,48.449180479472233,78.265091855229613,37.791373526683209,138.027826145863088,33.017419238528774,120.593077036338656,80.750720559467609,72.031005205348919,37.410406207179946,10.737676943848696,1.876199158962235
17,129,00424266,17129,0500000US17129,Menard,Menard County,06,H1,G4020,522,44100, ,A,814269348.000000000000000,2640418.000000000000000,+40.0225693,-089.7941326,1.553891095170000,0.086190873329700,0.101517567734887,-50.576215766521976,-21.346721781032951,47.861458427413517,75.936013468257443,35.779529296982652,130.678084391512812,30.590166479681965,111.725873206661788,82.584866549656297,66.254863671262740,34.089428449070262,10.420156590411670,2.000448099442038
17,123,00424260,17123,0500000US17123,Marshall,Marshall County,06,H1,G4020,427,37900, ,A,1001865238.000000000000000,30343574.000000000000000,+41.0311192,-089.3423714,1.712604689610000,0.110527855036000,0.050047465742486,-53.303001602064803,-25.772686106654010,49.333232393209677,69.388769276511994,36.034850392243612,131.610222967193465,30.090716752156890,109.901455046603431,78.714897591439495,59.488342078837711,28.803678229261013,8.234203529573708,1.445401634949429
17,031,01784766,17031,0500000US17031,Cook,Cook County,06,H1,G4020,176,16980,16984,A,2447358069.000000000000000,1786339736.000000000000000,+41.8942937,-087.6454546,3.177791022020000,0.268942232466000,-0.060863106730026,-59.294057556690952,-31.105232232693552,53.939931081290929,67.945394982374054,34.402475831159109,125.647676523419747,28.227311259936954,103.095532817066555,67.475135688887107,44.747863989540193,19.449151140064036,5.087206955495663,0.758508721876739
17,059,00424231,17059,0500000US17059,Gallatin,Gallatin County,06,H1,G4020, , , ,A,836415230.000000000000000,13355417.000000000000000,+37.7686768,-088.2279642,1.416438839350000,0.086836414713300,0.130148045785122,-45.126558922319838,-11.423965611453422,46.668053535843725,76.922174390048113,36.929370393851805,134.879530245814948,31.973104685982022,116.778553448407564,79.577691303075653,72.448831926322498,38.954243283315662,11.255726996633696,2.033695463053482
17,193,00424297,17193,0500000US17193,White,White County,06,H1,G4020, , , ,A,1281999215.000000000000000,17833681.000000000000000,+38.0873070,-088.1786196,1.965336327200000,0.133364384444000,0.126833425401295,-43.410660106750228,-12.552161223713814,45.442497809071675,76.894171785646279,35.883395358793422,131.059212237455768,30.676207105974424,112.041866023480026,80.314983401918681,71.649055266216479,38.398068419963820,11.061976488500633,2.157318854652162
17,039,00426598,17039,0500000US17039,De Witt,De Witt County,06,H1,G4020, , , ,A,1029678313.000000000000000,19492326.000000000000000,+40.1814993,-088.9018526,1.531595538430000,0.110932345178000,0.089111424713818,-53.941571989752212,-23.173074736909051,47.054791619635694,75.483462634110325,36.565753522102177,133.549247842649976,31.158355929216814,113.801061319045459,81.813038210359807,63.447804024010544,30.928402976829780,8.577499305710877,1.531344883260844
17,047,00424225,17047,0500000US17047,Edwards,Edwards County,06,H1,G4020, , , ,A,576012469.000000000000000,781202.000000000000000,+38.4170954,-088.0479408,1.340173800560000,0.059497792111800,0.107446592299267,-45.842005704507798,-13.394345299499051,44.725399478741025,76.240529932806197,36.209342739906106,132.249342155341537,30.747011853732019,112.300011421439166,77.194113350091797,71.618700045916611,40.548933802727433,12.460430438345456,2.510254775162081
17,125,00424261,17125,0500000US17125,Mason,Mason County,06,H1,G4020, , , ,A,1396914845.000000000000000,62748509.000000000000000,+40.2369926,-089.9135746,2.584721256180000,0.154480935484000,0.102779287629337,-51.686493966670426,-22.102308737829290,47.091198649802010,75.485748777392772,35.736834256486539,130.521844429704259,30.353404989487576,110.861117374669860,81.154066859793843,67.144584929659814,36.612064153889243,12.177654754711286,2.628316511979591
17,013,00424208,17013,0500000US17013,Calhoun,Calhoun County,06,H1,G4020,476,41180, ,A,657415185.000000000000000,77051402.000000000000000,+39.1642619,-090.6662948,1.811201526070000,0.076497780476100,0.126893923809343,-50.767605915825854,-17.041940977587668,49.589127552446357,75.711104438708318,36.256651423923827,132.422180526491559,31.141941342528838,113.741918234457970,81.455980668319910,71.453578392932471,39.814437180165449,13.712135952282660,3.078070472797686
17,121,00424259,17121,0500000US17121,Marion,Marion County,06,H1,G4020,476,16460, ,A,1482866786.000000000000000,9232943.000000000000000,+38.6482361,-088.9203624,1.592125859250000,0.154405296603000,0.103872195986917,-46.088221281294388,-14.528844778299439,46.924010638662203,76.488268896689618,35.465993126884371,129.534167381767958,30.242421563995730,110.457050309525187,79.388401694491620,66.997225729077243,34.831668104735222,10.137054110152249,2.025930599119564
17,187,01785134,17187,0500000US17187,Warren,Warren County,06,H1,G4020, , , ,A,1404705831.000000000000000,1735113.000000000000000,+40.8504412,-090.6202228,1.560421838740000,0.150187271823000,0.070381751324203,-50.658392806365619,-25.287954075268743,50.549837511047770,75.901883219616622,36.298832808142720,132.574372266998836,30.721415486887992,112.204748555528013,80.090002505665069,60.146256382597798,28.570415355062604,8.526211079607746,1.603636182820584
17,023,00424213,17023,0500000US17023,Clark,Clark County,06,H1,G4020, , , ,A,1298594814.000000000000000,8731439.000000000000000,+39.3323343,-087.7916832,1.731891142540000,0.136550069684000,0.118697573858601,-49.840134375757223,-18.408727864666798,47.304034720836320,76.696067944452494,37.004220780813945,135.151663488162541,31.284851077329339,114.263570460035652,81.632499509371215,65.200825034430281,31.714273822531830,8.189643528778685,1.519260090419165
17,191,00424296,17191,0500000US17191,Wayne,Wayne County,06,H1,G4020, , , ,A,1848817749.000000000000000,4217594.000000000000000,+38.4318573,-088.4324302,1.796537327560000,0.191179567086000,0.107908901277032,-45.273931114280160,-13.944964758237708,46.366501260106062,77.507675941564145,36.880202610675894,134.699211221452373,31.445641137347337,114.851415541252919,81.321105707858621,71.669170954466352,37.955831774473388,11.009534230638025,2.215867442396843
17,089,00424246,17089,0500000US17089,Kane,Kane County,06,H1,G4020,176,16980,20994,A,1345139287.000000000000000,12480820.000000000000000,+41.9395938,-088.4280395,1.593400313650000,0.147388202127000,-0.084577785719513,-57.036924471349188,-32.740912978189520,52.806625361868647,64.133037179764756,36.105647278347064,131.868296105927556,30.103310221969537,109.947350725979419,71.126325170332379,45.841729277966664,19.161308335913759,4.833714376472948,0.699611794980422
17,105,00424254,17105,0500000US17105,Livingston,Livingston County,06,H1,G4020,145,38700, ,A,2702983876.000000000000000,5975815.000000000000000,+40.8943761,-088.5528518,2.362343141530000,0.289461108686000,0.064081194125492,-54.950556353382801,-26.057788991518393,49.907718288749010,75.107042481388547,35.949401495916128,131.298092862909982,30.624079716918143,111.849633244788890,79.870127477386106,59.691107704276483,27.674162230263565,7.122030414484103,1.144790611215544
17,085,00424244,17085,0500000US17085,Jo Daviess,Jo Daviess County,06,H1,G4020, , , ,A,1556385363.000000000000000,45789931.000000000000000,+42.3623905,-090.2114705,1.957489830540000,0.174989764119000,-0.006039380812624,-53.989748292153436,-35.748010788349134,54.387751513509180,63.392127569731052,37.815783458719658,138.113882587864339,31.683863804690628,115.719591193010260,69.683169550653801,42.050023785843962,16.467231598535829,3.969502503420099,0.508368614894424
17,199,01785215,17199,0500000US17199,Williamson,Williamson County,06,H1,G4020,166,32060, ,A,1088353644.000000000000000,62455779.000000000000000,+37.7303533,-088.9300182,1.416700280880000,0.117618767412000,0.130259278350168,-48.138767971162864,-12.698499823216936,49.031344761708262,77.408312613937255,37.989955722701886,138.753169543107646,32.842460159779016,119.954007165979164,81.717409181742724,71.654012259706491,37.970117178329616,11.154578331186963,2.179100341668379
17,003,00424203,17003,0500000US17003,Alexander,Alexander County,06,H1,G4020,164,16020, ,A,609667770.000000000000000,44639202.000000000000000,+37.1836583,-089.3495158,1.819038647430000,0.066294392908300,0.155582339385234,-41.579255389593627,-9.847964978832765,46.020354660804685,71.780381536055387,37.555740586232275,137.167049266949249,32.801294168641249,119.803076458306876,77.106015729468126,74.013086547831691,41.825021776327141,12.640730905286640,2.328061119127854
17,063,00424233,17063,0500000US17063,Grundy,Grundy County,06,H1,G4020,176,16980,16984,A,1082959771.000000000000000,32112492.000000000000000,+41.2924096,-088.4010545,1.387307845490000,0.119853765465000,0.011743329398477,-54.351541614662132,-27.154052029432158,50.106883213736282,69.558547610579055,34.717460392875566,126.798270046081157,28.918614494634845,105.621128362116409,77.243277021121415,55.397245772290304,25.221828269721648,6.898181233924475,1.215201693043624
17,079,00424241,17079,0500000US17079,Jasper,Jasper County,06,H1,G4020, , , ,A,1281043466.000000000000000,9334674.000000000000000,+39.0048857,-088.1507245,1.472463216650000,0.134197560618000,0.108346358487143,-49.240763028121947,-17.590455804057985,46.451454232879065,77.511416005536873,36.186389519324827,132.165287926545631,30.358132000884499,110.879775627949044,80.851701495799659,66.307132255709689,32.811329201929169,8.810961349806361,1.818762064434758
17,165,00424283,17165,0500000US17165,Saline,Saline County,06,H1,G4020, , , ,A,984186255.000000000000000,17963038.000000000000000,+37.7515083,-088.5450236,1.282824121050000,0.102456122451000,0.130697383266070,-47.324404383004740,-11.673473695334781,47.163780671263915,75.983780034736540,36.800977209089091,134.410609988558690,31.912361231971534,116.556827871602621,77.410300119672030,73.949502771902687,44.231009868637734,14.662476897431132,3.010908862527906
17,163,01784987,17163,0500000US17163,St. Clair,St. Clair County,06,H1,G4020,476,41180, ,A,1703560308.000000000000000,41809674.000000000000000,+38.4701976,-089.9285459,1.898579358620000,0.180164146763000,0.129896413737048,-44.915969245690555,-13.446093970587453,47.197313670270191,74.489068365968976,35.375477391289721,129.203880124108252,30.406408171384133,111.056653411950677,79.445127462793593,70.464344730646403,39.534981989375368,12.840552873204508,2.773717805874020
17,189,01785150,17189,0500000US17189,Washington,Washington County,06,H1,G4020, , , ,A,1457120178.000000000000000,3386079.000000000000000,+38.3531405,-089.4171873,2.064576600190000,0.150523365315000,0.115307261207268,-43.585104733662405,-13.718184092707148,46.497196103494986,75.769664668773274,35.364835733999691,129.165679271526102,30.133485742528052,110.059540611723406,78.876506204342249,66.784650557680607,34.343498733924186,9.936670348070976,2.088800401234987
17,159,00424281,17159,0500000US17159,Richland,Richland County,06,H1,G4020, , , ,A,932518180.000000000000000,4840675.000000000000000,+38.7121872,-088.0854523,1.467412869370000,0.097083334521100,0.098499898417424,-45.295029120860463,-14.812702351235441,45.149993516126685,75.513924786516455,35.360861672276386,129.149816241767837,29.658835978874720,108.325669612935783,79.680655823714417,66.726950490153612,33.086915784682049,8.998667166238821,1.760840748571516
17,145,01784940,17145,0500000US17145,Perry,Perry County,06,H1,G4020, , , ,A,1144587288.000000000000000,13199036.000000000000000,+38.0843809,-089.3685249,1.607826537200000,0.118892141512000,0.128154784949473,-44.653274049000380,-12.749260664412786,47.145917988597439,77.067165013312078,37.032829726657560,135.257659492614920,31.688944837276622,115.740868040725488,80.356219989298651,70.658344542415051,38.518060294466132,11.636945625568698,2.513610247383606
17,087,00424245,17087,0500000US17087,Johnson,Johnson County,06,H1,G4020, , , ,A,890274791.000000000000000,12813242.000000000000000,+37.4607092,-088.8821305,1.294936375400000,0.091970954585100,0.123105997514195,-44.103601966950194,-10.386549333522337,48.685855244287637,77.348546266767158,38.697368317436535,141.336813954224084,33.939786047157689,123.961546028942124,81.713633482373865,72.790865622059627,38.017611925249497,10.775332815358473,1.803770995292823
17,153,01784966,17153,0500000US17153,Pulaski,Pulaski County,06,H1,G4020, , , ,A,516105488.000000000000000,9763459.000000000000000,+37.2156152,-089.1277549,1.429299722570000,0.053361351444800,0.146869356724577,-41.593936647125616,-9.365682030648593,46.764424288259363,72.382233995454868,38.037666784973240,138.927218763967829,33.240679682058172,121.408349826700530,79.127910195401071,74.558009419697399,41.359849479363099,12.243487744496054,2.206048658644037
17,119,00424258,17119,0500000US17119,Madison,Madison County,06,H1,G4020,476,41180, ,A,1853192372.000000000000000,63157281.000000000000000,+38.8271195,-089.9002267,2.108111771690000,0.198771760108000,0.110533724749217,-46.043031066430025,-15.566744725980191,47.410822928006120,72.816906761434680,35.191650734033445,128.532422507023000,29.924470594324060,109.295664374933850,79.212346621771928,66.357546640083072,34.332740524578398,10.531920102196164,2.127206426887176
17,139,01784885,17139,0500000US17139,Moultrie,Moultrie County,06,H1,G4020, , , ,A,870127368.000000000000000,22111272.000000000000000,+39.6368956,-088.6257259,1.365979010880000,0.093619587097300,0.086605438981194,-48.765742085079296,-19.253156443601590,45.901076186582628,75.363312735331789,35.265971224134027,128.802871801155078,29.790259163925779,108.804806696513538,79.506671000902969,63.452532685063602,30.651396861555277,8.145534604201041,1.493494902761642
17,141,01784894,17141,0500000US17141,Ogle,Ogle County,06,H1,G4020,466,40300, ,A,1964903749.000000000000000,12378958.000000000000000,+42.0418840,-089.3201764,2.172771522310000,0.215005605762000,-0.025585132870214,-54.229852693767732,-34.017063192845505,54.597138162765660,66.680021424800373,37.848446951908535,138.233429794958028,31.508612715849534,115.080055675467662,73.653177849806468,46.392584748481156,19.173636003639370,4.954251189457594,0.760069587500829
17,027,00424215,17027,0500000US17027,Clinton,Clinton County,06,H1,G4020,476,41180, ,A,1227502153.000000000000000,75634262.000000000000000,+38.6062953,-089.4262278,2.154165318640000,0.134771188611000,0.115854534567303,-46.121267240536007,-15.076287452489256,47.355265702442146,75.368288134988418,34.997068285710789,127.821671625896457,29.562036340243104,107.972507765724671,77.881535030567505,64.720433428981025,32.515709899598512,9.320238721266877,1.898506175465268
17,099,00422247,17099,0500000US17099,LaSalle,LaSalle County,06,H1,G4020,176,36837, ,A,2939940625.000000000000000,33828203.000000000000000,+41.3433407,-088.8859312,2.547444696070000,0.319921647451000,0.023241225011551,-54.054443390934331,-27.912885042713281,50.353950121679297,70.847039747260339,35.584533058681934,129.965403183681360,29.765843319377414,108.714992206373012,78.120024429134673,55.921322926380697,25.503684568489721,7.035219387785399,1.234248879637708
17,143,01784920,17143,0500000US17143,Peoria,Peoria County,06,H1,G4020,427,37900, ,A,1602412938.000000000000000,29919375.000000000000000,+40.7859722,-089.7669933,1.870484157780000,0.174151906797000,0.065018087965055,-51.336933283186553,-25.327023967659031,51.451047752169991,74.622610487178576,36.132307336593563,131.966466452011588,30.380175842315836,110.958775665175693,78.830386399720368,58.165529513659791,27.673146588149912,8.038312248152973,1.441359642141410
17,069,00424236,17069,0500000US17069,Hardin,Hardin County,06,H1,G4020, , , ,A,459438162.000000000000000,10482693.000000000000000,+37.5178517,-088.2661478,1.007806681810000,0.047818133657800,0.140294610279680,-46.194001231454529,-11.318139226814480,48.605672143745252,79.567635424025397,37.277564122600786,136.150981388954392,32.633178911884855,119.189530312980850,80.163563376546463,70.296373119532646,34.865358218489263,9.289713613687288,1.550120409755730
17,093,00424248,17093,0500000US17093,Kendall,Kendall County,06,H1,G4020,176,16980,20994,A,829425891.000000000000000,5122499.000000000000000,+41.5881403,-088.4306257,1.211095886630000,0.090118327183600,-0.029951988722789,-55.524430508662569,-29.124054222615769,50.978643636414148,69.778323330727858,36.322947363434274,132.662441784826598,30.568634645900801,111.646946809344669,76.551335007215684,53.912153395479685,24.563004598598727,6.770227370522610,1.061849784221079
17,177,01785076,17177,0500000US17177,Stephenson,Stephenson County,06,H1,G4020,466,23300, ,A,1461392058.000000000000000,1350223.000000000000000,+42.3497262,-089.6659942,1.659834283430000,0.159817694879000,-0.042588861587823,-55.113253812387811,-36.262699272487261,55.857861839276957,64.030457507125078,38.171323735956292,139.412613868956868,32.140420738347721,117.387278574254381,71.378926753336998,43.668163080385924,17.256562244445860,4.123249796613575,0.535000716185877
17,057,00424230,17057,0500000US17057,Fulton,Fulton County,06,H1,G4020,427,15900, ,A,2242138203.000000000000000,43898933.000000000000000,+40.4652401,-090.2022689,2.060472492200000,0.242764211166000,0.086364014682214,-51.312213514429274,-23.551990780679127,48.883184087190067,76.035349771436245,35.954206485795240,131.315823616795115,30.492243149855963,111.368069132865344,79.906938938823643,62.854323639925894,32.224977304574821,10.171413607181471,2.080636876361587
17,135,01784866,17135,0500000US17135,Montgomery,Montgomery County,06,H1,G4020, , , ,A,1822745305.000000000000000,15472187.000000000000000,+39.2280681,-089.4781406,2.173868322340000,0.191763242701000,0.098681218576259,-49.249351395105656,-17.536872362662134,47.369994180739013,76.534699322737083,36.436073255541231,133.076938589671272,30.931160083698799,112.972114166253959,82.646499132740203,68.751296415654622,36.156241390272839,11.135114802346839,2.312650376966404
17,115,00424256,17115,0500000US17115,Macon,Macon County,06,H1,G4020, ,19500, ,A,1503613053.000000000000000,13477733.000000000000000,+39.8602372,-088.9615288,1.745623453620000,0.159681024993000,0.072324782751839,-51.855752656808235,-20.584749074657662,46.245220241219485,76.168622135551232,36.072248394702633,131.746930733753203,30.731624960769242,112.242394655910900,80.879845132129560,65.615889601903078,33.395775101781034,9.538424226852682,1.743584472893261
17,155,00424279,17155,0500000US17155,Putnam,Putnam County,06,H1,G4020,176,36837, ,A,414649975.000000000000000,31194387.000000000000000,+41.1989613,-089.2983474,1.048363358950000,0.047863455783500,0.043119722848559,-52.657748558649168,-26.258149447482044,48.708083123739783,67.288196009075250,35.341128529840880,129.076366223251171,29.468932625728556,107.630221226231811,77.984699820725822,58.370275657680558,28.107057608907461,8.156575213922279,1.478296633019139
17,169,01785037,17169,0500000US17169,Schuyler,Schuyler County,06,H1,G4020, , , ,A,1132602766.000000000000000,10510632.000000000000000,+40.1569048,-090.6134641,2.018094175230000,0.120836146888000,0.104355787099884,-50.019088826441809,-21.149231359084304,48.055548372139100,75.324778048249925,34.904977036643665,127.484270398796198,29.367225239477207,107.259606608807573,78.702469370764319,63.293994521674144,32.907207643695948,10.678158160887424,2.287927516789888
17,103,00424253,17103,0500000US17103,Lee,Lee County,06,H1,G4020,221,19940, ,A,1877142078.000000000000000,9779872.000000000000000,+41.7474465,-089.2993616,2.070273242790000,0.204243885265000,-0.009578972512628,-54.509641562822814,-32.807708701400792,52.830295277317788,69.033025019362100,36.916814532236899,134.831250018133659,30.687252175681181,112.080186487739425,74.481621466881506,48.490574165120634,20.654708460558506,5.522878461412162,0.903174190827535
17,175,00424288,17175,0500000US17175,Stark,Stark County,06,H1,G4020,427,37900, ,A,746189904.000000000000000,684784.000000000000000,+41.0969077,-089.7974111,1.212334519970000,0.080046746119600,0.061483237590102,-54.117221396061773,-28.188447091028731,51.127603770196664,70.096791289107401,36.654246453063415,133.872300128597118,30.502698346407922,111.406437407377496,78.112653648319821,54.304477597665382,23.855083324660573,6.542104006677623,1.181280832737789
17,017,00424210,17017,0500000US17017,Cass,Cass County,06,H1,G4020, , , ,A,973198198.000000000000000,20569928.000000000000000,+39.9692024,-090.2457045,1.875509658070000,0.104769534644000,0.104422716719749,-51.161659613926183,-20.920278528829979,47.533497336274834,75.659040284064815,35.369885850621131,129.182518464228764,29.857887272819358,109.051071117716660,80.962315407815794,65.280297452656768,33.674012819185613,10.548119060379612,2.218267406670267
17,201,01785216,17201,0500000US17201,Winnebago,Winnebago County,06,H1,G4020,466,40420, ,A,1328789495.000000000000000,15877063.000000000000000,+42.3373957,-089.1612053,1.613398211120000,0.146883410988000,-0.056137956973493,-53.387849078287942,-34.146800234553126,54.187336108092651,67.723750241423105,37.043402605522203,135.293292568920123,30.776479613744016,112.405713636797756,72.007989208855619,46.634190729170804,20.105211263171405,5.542635261442953,0.899944491125847
17,185,00424293,17185,0500000US17185,Wabash,Wabash County,06,H1,G4020, , , ,A,578403989.000000000000000,10973571.000000000000000,+38.4458209,-087.8391674,1.763273261910000,0.060770169421200,0.126417103393886,-46.367674079372520,-13.563603577301679,45.763750303241601,76.199485761755525,36.649912301923116,133.858198238445596,31.225769660657257,114.049333734988267,79.325461179391553,71.799596117024919,39.385129229623857,11.593193939629220,2.195264771354380
17,073,00424238,17073,0500000US17073,Henry,Henry County,06,H1,G4020,209,19340, ,A,2132042739.000000000000000,6481370.000000000000000,+41.3500209,-090.1308378,1.966158506120000,0.230096271426000,0.064281096517092,-53.763075863674445,-29.796551506174183,50.813455468153506,74.438932610373271,37.551624769145519,137.149168429457433,31.467656910503770,114.930360330878841,78.575417819384796,56.964600865338127,27.621445973263757,8.731825557270149,1.640511766559941
17,109,01784729,17109,0500000US17109,McDonough,McDonough County,06,H1,G4020, ,31380, ,A,1526291866.000000000000000,2060301.000000000000000,+40.4558082,-090.6789543,1.624835488850000,0.162262722373000,0.097233576373537,-49.769462883476962,-23.235235338750172,48.039116108740480,74.611902741751635,35.202067618477834,128.568758963213583,29.809491339735530,108.874236408360460,78.198152080434383,60.937418045855750,30.649337479485283,9.623935956622246,1.939500913806162
17,065,00424234,17065,0500000US17065,Hamilton,Hamilton County,06,H1,G4020, , , ,A,1125745190.000000000000000,3158473.000000000000000,+38.0852273,-088.5390093,1.363204427840000,0.115922865430000,0.125590619724718,-47.123775146394628,-13.465194651299438,47.396736328505497,77.626715390754356,36.387841925458652,132.901586385978902,31.187404325678060,113.909145812560581,78.561881375345990,71.280120018619172,39.978484183861482,12.423120317938224,2.593457236796059
17,021,00424212,17021,0500000US17021,Christian,Christian County,06,H1,G4020,522,45380, ,A,1837552893.000000000000000,16227346.000000000000000,+39.5455242,-089.2795927,2.024309927320000,0.194246994858000,0.093561087162430,-51.561695843505248,-19.542887130946124,47.123813603695773,76.991624955640788,36.704212021538041,134.056079547197584,31.102582042522979,113.597629492227725,83.027556590937124,67.621276085879671,34.555801219005502,10.488502531842911,2.154738776986882
17,171,00424286,17171,0500000US17171,Scott,Scott County,06,H1,G4020,522,27300, ,A,649542040.000000000000000,4814547.000000000000000,+39.6370016,-090.4777707,1.155593802320000,0.068661954438200,0.124716566501045,-49.230705041996821,-18.995273408596432,48.485076465220402,77.247955682500873,34.780235412811209,127.028864359772044,29.296241809383641,107.000018519786920,81.022811040062777,64.434169428148408,32.390436178847850,10.449600883250390,2.226500797902791
17,081,00424242,17081,0500000US17081,Jefferson,Jefferson County,06,H1,G4020, ,34500, ,A,1479496305.000000000000000,32544477.000000000000000,+38.3007796,-088.9242100,1.590185345940000,0.155725530275000,0.112009587708992,-46.389553368746007,-14.249715139884566,47.907818659422745,76.585223179634994,36.015325336301785,131.541227912886654,30.943401621231878,113.017753786521368,78.529489842720125,65.496473661641318,32.192987069252190,8.919743554146212,1.684258907588164
17,097,01784796,17097,0500000US17097,Lake,Lake County,06,H1,G4020,176,16980,29404,A,1149124986.000000000000000,2394833743.000000000000000,+42.1859677,-087.8059389,1.651983121960000,0.133065140053000,-0.182269914417479,-59.648445921794966,-34.267520580470162,57.760464461947812,61.022096892252300,34.343727454187928,125.432486068539532,27.151060191661241,99.165053867856358,58.070910063047350,32.413890713895434,11.989758228616466,2.726288155182531,0.370730590625402
17,055,00424229,17055,0500000US17055,Franklin,Franklin County,06,H1,G4020, , , ,A,1059137475.000000000000000,58368794.000000000000000,+37.9918516,-088.9263215,1.619776008370000,0.114614997526000,0.132489561987713,-46.965084177613342,-13.133840389462204,48.110037076872764,77.988019811316718,37.314613295130783,136.286524063900231,32.192448376281924,117.579369646039979,79.804115006910195,71.003028947709268,38.623520689908574,11.612913698163773,2.369586934792371
17,083,00424243,17083,0500000US17083,Jersey,Jersey County,06,H1,G4020,476,41180, ,A,957144905.000000000000000,20332592.000000000000000,+39.0801945,-090.3613850,1.630021845960000,0.101720616097000,0.131803489526079,-48.998971215227698,-17.453829976976156,48.258964825551843,75.566791636987674,35.624936387349280,130.114571672202459,30.747328023775761,112.300760866623079,80.731258681541661,69.596048850905191,37.649688925011368,12.739757847346842,2.783612405547187
17,183,01785114,17183,0500000US17183,Vermilion,Vermilion County,06,H1,G4020,169,19180, ,A,2326639022.000000000000000,7527081.000000000000000,+40.1867546,-087.7267776,2.110133037870000,0.246825085946000,0.074473887352485,-52.532802451510449,-22.744075905407527,49.252313414456971,76.466235402190208,36.765010478131288,134.277228103477086,31.533570499753164,115.171578887242873,81.937615154342581,61.524981713553693,28.818979171111359,7.484678880831408,1.198952656815786
17,007,00424205,17007,0500000US17007,Boone,Boone County,06,H1,G4020,466,40420, ,A,727137091.000000000000000,3338156.000000000000000,+42.3189831,-088.8242951,1.150290714580000,0.079771379808500,-0.107745049289653,-55.109934355824059,-33.986553843672837,52.785595956901219,63.301806518412221,35.895863469196932,131.101692553128800,29.648038071779649,108.283868548887682,69.549875201164809,45.370912425539146,19.607027262969581,5.374900579144859,0.818826597822975
17,137,00424270,17137,0500000US17137,Morgan,Morgan County,06,H1,G4020,522,27300, ,A,1473595806.000000000000000,9053547.000000000000000,+39.7176572,-090.2049929,2.011451701920000,0.155733751774000,0.123984570992042,-51.602136939788537,-20.431127712283363,48.887603166642577,75.926780582661337,35.677768946858521,130.307336452680801,30.182902258521906,110.238808344426729,82.398108898634007,64.817734847423978,31.082863887570944,9.351999133489866,1.898553593498317
17,161,00424282,17161,0500000US17161,Rock Island,Rock Island County,06,H1,G4020,209,19340, ,A,1107212317.000000000000000,61631338.000000000000000,+41.4684205,-090.5721252,2.554242549700000,0.125849772611000,0.060934382867634,-51.814590450642235,-28.991557289297884,51.589470736113626,75.499208830838043,36.966135106391562,135.011084295787697,31.322022536168372,114.398342777517499,77.687717987501159,56.424088535897582,27.225488833582663,8.625540082692449,1.548860978619764
17,111,01784815,17111,0500000US17111,McHenry,McHenry County,06,H1,G4020,176,16980,16984,A,1562806157.000000000000000,19855932.000000000000000,+42.3242982,-088.4522450,1.696252172440000,0.172837099738000,-0.165931671854853,-57.765333038840367,-34.747810802272930,53.975093282347743,59.217237751015801,35.381812182701388,129.224234722123100,28.935181116467259,105.680756376921877,66.005824639430358,41.480404491128049,17.095620319976295,4.470318520011846,0.633160254828708
17,037,00422190,17037,0500000US17037,DeKalb,DeKalb County,06,H1,G4020,176,16980,20994,A,1635155498.000000000000000,8560431.000000000000000,+41.8946145,-088.7689224,1.753754581340000,0.178323203724000,-0.057599199288336,-55.138657628917862,-33.756524597395938,52.866476579392490,66.014708648531894,36.535037085855549,133.436693753708994,30.410327636647565,111.068393148856387,71.872123058835896,45.625085611902314,18.470467371436214,4.492436687249703,0.655674735981060
