STATEFP,COUNTYFP,COUNTYNS,GEOID,GEOIDFQ,NAME,NAMELSAD,LSAD,CLASSFP,MTFCC,CSAFP,CBSAFP,METDIVFP,FUNCSTAT,ALAND,AWATER,INTPTLAT,INTPTLON,County_Group,OBJECTID_1,NAME_1,SUM_NHD_Perennial_Km,SUM_NHD_Intermittent_Km,SUM_NHD_Ephemeral_Km,SUM_BRF_Perennial_Km,SUM_BRF_Intermittent_Km,SUM_BRF_Ephemeral_Km,Shape_Length_1,SUM_BRF_Nonperennial_Km,SUM_NHD_Nonperennial_Km,DIFF_BRF_NHD_Nonperennial_Km,Shape_Length,Shape_Area
17,015,00424209,17015,0500000US17015,Carroll,Carroll County,06,H1,G4020, , , ,A,1153597409.000000000000000,55881823.000000000000000,+42.0708996,-089.9241898,Driftless/Rock R. Hill Country,8,Carroll,688.837291653618763,1055.216683856143845,22.882101485426727,579.009726898838608,181.524838701991257,1006.401511394358295,1712682.446186996297911,1187.926350096349552,1078.098785341570647,109.827564754778905,159310.164368124911562,1209140929.334605932235718
17,043,00422191,17043,0500000US17043,DuPage,DuPage County,06,H1,G4020,176,16980,16984,A,849236415.000000000000000,22006224.000000000000000,+41.8520577,-088.0860389,Northeastern Morainal,22,DuPage,332.635002165117839,311.740214333123618,1.019383337008396,322.453156869728218,192.998791765575675,129.942651199945914,575462.289001805125736,322.941442965521560,312.759597670131996,10.181845295389564,123725.440933331861743,871242569.202781438827515
17,133,01784865,17133,0500000US17133,Monroe,Monroe County,06,H1,G4020,476,41180, ,A,997924032.000000000000000,33756312.000000000000000,+38.2779831,-090.1790777,Southern Till Plain/Wabash and Mississippi Rivers,67,Monroe,470.348618766719426,971.852706103681044,1.002386991395495,424.881661026694076,368.857438762564925,649.464612072536397,1391595.708642427343875,1018.322050835101322,972.855093095076541,45.466957740024782,154224.578782268799841,1031160454.416635513305664
17,157,01784967,17157,0500000US17157,Randolph,Randolph County,06,H1,G4020, , , ,A,1490194102.000000000000000,56150220.000000000000000,+38.0565149,-089.8212096,Southern Till Plain/Wabash and Mississippi Rivers,79,Randolph,597.944555903751734,1861.674907007734646,4.725180060330962,573.420151790520890,706.223245165899698,1184.701246015391462,2396265.428553492296487,1890.924491181291160,1866.400087068065659,24.524404113225501,191446.741808985883836,1544165468.465666055679321
17,149,01784941,17149,0500000US17149,Pike,Pike County,06,H1,G4020, , , ,A,2153190712.000000000000000,45251538.000000000000000,+39.6251059,-090.8890344,West Central,75,Pike,979.711102496396620,2984.581542864047151,29.381188172526251,913.647843149841833,935.587479494758441,2144.438510888374367,3881267.480331603903323,3080.025990383132921,3013.962731036573587,66.063259346559335,217559.294297276413999,2197983898.347265243530273
17,203,01785231,17203,0500000US17203,Woodford,Woodford County,06,H1,G4020,427,37900, ,A,1366366883.000000000000000,39858698.000000000000000,+40.7897888,-089.2105875,East Central/Grand Prairie,102,Woodford,515.124831852899774,1110.914248893596096,3.504917902571342,497.388890069045317,459.186214642056825,672.968893937964594,1547173.205253151711076,1132.155108580021533,1114.419166796167474,17.735941783854059,173739.790853927755961,1406225593.557296037673950
17,001,00424202,17001,0500000US17001,Adams,Adams County,06,H1,G4020,448,39500, ,A,2214827090.000000000000000,41753385.000000000000000,+39.9860525,-091.1949607,West Central,1,Adams,1040.233715451862508,2553.655434773894285,3.288120952573909,971.213408062253052,882.490752290234809,1743.473110825841331,3512074.883764982689172,2625.963863116076027,2556.943555726468276,69.020307389607751,192657.127337840473047,2256254308.888607978820801
17,075,00424239,17075,0500000US17075,Iroquois,Iroquois County,06,H1,G4020, , , ,A,2894072162.000000000000000,4208707.000000000000000,+40.7488665,-087.8336010,East Central/Grand Prairie,38,Iroquois,1357.763473641806968,1365.475401909561242,121.148601480813127,1340.359797689158086,933.168497305822939,570.859182037198593,2777733.231565141119063,1504.027679343021646,1486.624003390374355,17.403675952647291,215789.863654490822228,2898233526.295774459838867
17,053,00424228,17053,0500000US17053,Ford,Ford County,06,H1,G4020,169,16580, ,A,1257690139.000000000000000,1640595.000000000000000,+40.5965386,-088.2245882,East Central/Grand Prairie,27,Ford,573.849973379675703,1156.045299499949579,3.570949958408637,550.246643214992901,578.240888719952864,604.978690903088022,1631900.143183396197855,1183.219579623040772,1159.616249458358197,23.603330164682575,221986.181649433739949,1259330711.045911312103271
17,147,00424275,17147,0500000US17147,Piatt,Piatt County,06,H1,G4020,169,16580, ,A,1137492093.000000000000000,754122.000000000000000,+40.0090327,-088.5923546,East Central/Grand Prairie,74,Piatt,397.310019273001728,535.798706143056506,18.988757273309030,390.422122742836393,371.789385814772345,189.885974131758076,870245.485439042211510,561.675359946530421,554.787463416365540,6.887896530164880,151291.981379182689125,1138246230.286213159561157
17,077,00424240,17077,0500000US17077,Jackson,Jackson County,06,H1,G4020,166,16060, ,A,1511448965.000000000000000,48302865.000000000000000,+37.7860959,-089.3812119,Shawnee Hills/Coastal Plain,39,Jackson,836.338612289713978,1626.993061905981222,37.303085917376116,772.911660569746346,553.108627519694323,1174.614472023627741,2414750.164043868426234,1727.723099543321950,1664.296147823357387,63.426951719964563,178018.397302516794298,1559661691.488748311996460
17,061,00424232,17061,0500000US17061,Greene,Greene County,06,H1,G4020, , , ,A,1406736598.000000000000000,8423898.000000000000000,+39.3554391,-090.3876823,West Central,31,Greene,806.169999190052636,2221.376329454899405,60.855251329753038,784.794845711917560,738.865525604221716,1564.741208658568439,3004398.825164083857089,2303.606734262790269,2282.231580784652579,21.375153478137690,178937.598573412775295,1415160577.020782947540283
17,101,00424252,17101,0500000US17101,Lawrence,Lawrence County,06,H1,G4020, , , ,A,963938120.000000000000000,5076511.000000000000000,+38.7189542,-087.7302207,Southern Till Plain/Wabash and Mississippi Rivers,51,Lawrence,339.307513242520884,930.182433753045530,14.109440802444691,338.737443454946572,389.723081370376747,555.138862972688457,1239415.991491257678717,944.861944343065261,944.291874555490267,0.570069787574994,134413.168529572285479,968698472.775225996971130
17,067,00424235,17067,0500000US17067,Hancock,Hancock County,06,H1,G4020, , , ,A,2055798710.000000000000000,53563365.000000000000000,+40.4013180,-091.1688008,West Central,34,Hancock,735.573805547347092,2388.435603526164869,0.320167174845554,715.009662224504609,838.252690283857760,1571.067223739989004,3038705.970604160800576,2409.319914023846650,2388.755770701010533,20.564143322836117,193338.737546034826664,2107059389.246686935424805
17,025,00424214,17025,0500000US17025,Clay,Clay County,06,H1,G4020, , , ,A,1213023045.000000000000000,3064499.000000000000000,+38.7468187,-088.4823254,Southern Till Plain/Wabash and Mississippi Rivers,13,Clay,647.881230126135279,1428.951551126768209,11.792432401389400,560.168005975250935,710.412644070330543,818.044563608713588,1994469.407110654981807,1528.457207679044132,1440.743983528157514,87.713224150886617,163478.427781856589718,1216087582.425084590911865
17,071,00424237,17071,0500000US17071,Henderson,Henderson County,06,H1,G4020,161,15460, ,A,981068776.000000000000000,42565933.000000000000000,+40.8144710,-090.9412464,West Central,36,Henderson,574.960498021095532,884.351918217785396,26.499878282940799,548.787486243329340,254.431637147132506,682.593171131359668,1430896.913565617520362,937.024808278492173,910.851796500726209,26.173011777765964,152688.747269480576506,1023361173.733791828155518
17,041,00424222,17041,0500000US17041,Douglas,Douglas County,06,H1,G4020, , , ,A,1079117766.000000000000000,1441160.000000000000000,+39.7660778,-088.2228669,East Central/Grand Prairie,21,Douglas,487.977248284292273,545.069348349723668,0.000000000000000,472.308363308810328,361.520950314161553,199.217283011044202,960867.939063494442962,560.738233325205783,545.069348349723668,15.668884975482115,141884.387237227405421,1080558947.790184020996094
17,181,01785113,17181,0500000US17181,Union,Union County,06,H1,G4020, , , ,A,1070733038.000000000000000,22538656.000000000000000,+37.4856521,-089.2446391,Shawnee Hills/Coastal Plain,91,Union,556.692808825015391,1096.000221014092858,2.357733748472928,471.998468925645966,341.364272941172430,841.688021720761981,1590835.686209210427478,1183.052294661934411,1098.357954762565896,84.694339899368515,149044.006286593968980,1092776847.877478837966919
17,091,00424247,17091,0500000US17091,Kankakee,Kankakee County,06,H1,G4020,176,28100, ,A,1752101320.000000000000000,12459008.000000000000000,+41.1395105,-087.8611165,East Central/Grand Prairie,46,Kankakee,653.186529740388096,1153.148115715128597,10.636429716441693,615.729386040734198,568.287019416314934,632.954669714908505,1722943.330565656768158,1201.241689131223438,1163.784545431570223,37.457143699653216,186089.172476512292633,1764539875.784595489501953
17,127,01784730,17127,0500000US17127,Massac,Massac County,06,H1,G4020,424,37140, ,A,614222111.000000000000000,12780838.000000000000000,+37.2161190,-088.7056578,Shawnee Hills/Coastal Plain,61,Massac,228.455872332584363,815.012347020374591,19.258641639005319,228.077192505715033,418.193410297569073,416.456258188680181,1027569.599586657364853,834.649668486249311,834.270988659379896,0.378679826869416,114818.616027544325334,626474992.993095278739929
17,197,01785190,17197,0500000US17197,Will,Will County,06,H1,G4020,176,16980,16984,A,2164990677.000000000000000,34485763.000000000000000,+41.4484742,-087.9784563,Northeastern Morainal,99,Will,1168.322576207876182,782.851792528031865,13.524194377108604,1082.373020471776499,279.063596547358429,603.261946093880624,1831051.545467499876395,882.325542641239053,796.375986905140508,85.949555736098546,237490.305341370956739,2199455495.258749485015869
17,173,01785051,17173,0500000US17173,Shelby,Shelby County,06,H1,G4020, , , ,A,1964526143.000000000000000,24749348.000000000000000,+39.3849162,-088.7988651,Southern Till Plain/Wabash and Mississippi Rivers,86,Shelby,1030.946377071814823,1633.877413362159132,15.666580316570018,874.718104170163201,542.853075392005508,1262.919191188377454,2577696.146871873643249,1805.772266580383075,1649.543993678729066,156.228272901654009,212350.466010573552921,1989275526.411885023117065
17,051,00424227,17051,0500000US17051,Fayette,Fayette County,06,H1,G4020, , , ,A,1855600276.000000000000000,22898580.000000000000000,+39.0011246,-089.0179232,Southern Till Plain/Wabash and Mississippi Rivers,26,Fayette,1025.398024748262515,1898.832164127611804,66.262121919001160,952.440826851649149,675.305521178387608,1362.745962764837259,2901817.748135549016297,2038.051483943224866,1965.094286046612979,72.957197896611888,203853.859565695078345,1878498894.128500461578369
17,117,00424257,17117,0500000US17117,Macoupin,Macoupin County,06,H1,G4020,476,41180, ,A,2235146415.000000000000000,12194715.000000000000000,+39.2659138,-089.9263301,West Central,56,Macoupin,888.523876403194095,2639.389046686362690,0.608691303748966,851.915047950509802,1074.334128860219607,1602.272437582561906,3446628.161532049067318,2676.606566442781514,2639.997737990111546,36.608828452669968,194624.800149577902630,2247341197.925743579864502
17,195,01785167,17195,0500000US17195,Whiteside,Whiteside County,06,H1,G4020,221,44580, ,A,1771808926.000000000000000,31883751.000000000000000,+41.7506748,-089.9110053,Driftless/Rock R. Hill Country,98,Whiteside,952.233386092148976,1330.487498726108697,58.343068651285158,854.670477988781840,412.629844337737154,1073.763631143024668,2242779.020831000059843,1486.393475480761936,1388.830567377393891,97.562908103368045,182603.125711568980478,1803509788.389210939407349
17,107,00424255,17107,0500000US17107,Logan,Logan County,06,H1,G4020,522,30660, ,A,1600748259.000000000000000,2262329.000000000000000,+40.1292768,-089.3653086,East Central/Grand Prairie,54,Logan,590.095295876214209,845.547842530835624,9.690746302081539,555.289099815444615,398.672523043100284,491.372261850586312,1347623.606843902496621,890.044784893686597,855.238588832917117,34.806196060769480,168097.809625201538438,1603010630.951473712921143
17,029,00424216,17029,0500000US17029,Coles,Coles County,06,H1,G4020, ,16660, ,A,1316418025.000000000000000,4650073.000000000000000,+39.5136797,-088.2207820,East Central/Grand Prairie,15,Coles,727.260760076946553,860.650380501980294,0.000000000000000,626.275254524461616,368.477127444702660,593.158758609762458,1488048.464017313206568,961.635886054465118,860.650380501980294,100.985505552484824,156007.908633611252299,1321068108.873950958251953
17,131,01784750,17131,0500000US17131,Mercer,Mercer County,06,H1,G4020,209,19340, ,A,1453604386.000000000000000,19411909.000000000000000,+41.2056046,-090.7417698,West Central,66,Mercer,829.449128169943492,1295.655238476088016,21.880934430110308,699.499895929013633,318.371141287627495,1129.114263859501079,2084993.533848855178803,1447.485405147128631,1317.536172906198317,129.949232240930314,162029.614484076155350,1472660556.120718002319336
17,011,00424207,17011,0500000US17011,Bureau,Bureau County,06,H1,G4020,176,36837, ,A,2250884555.000000000000000,11523912.000000000000000,+41.4013043,-089.5283772,West Central,6,Bureau,1009.920745024983944,2252.287828709270343,5.571086047070795,977.447405283005537,671.068288425984520,1619.263966072333460,3144598.306730452924967,2290.332254498317980,2257.858914756341164,32.473339741976815,211836.875119996402645,2262408523.485108375549316
17,167,01785010,17167,0500000US17167,Sangamon,Sangamon County,06,H1,G4020,522,44100, ,A,2248704917.000000000000000,22747684.000000000000000,+39.7568863,-089.6624350,East Central/Grand Prairie,83,Sangamon,836.318977506711008,1593.973057773332357,0.344282800233914,819.983929343714522,740.292193677644491,870.360195058917952,2323129.995953160338104,1610.652388736562443,1594.317340573566298,16.335048162996145,237434.244396641268395,2271452576.694627285003662
17,113,01784833,17113,0500000US17113,McLean,McLean County,06,H1,G4020,145,14010, ,A,3064597294.000000000000000,7804856.000000000000000,+40.4945594,-088.8445391,East Central/Grand Prairie,64,McLean,1176.789202718529395,3112.147105858511623,0.000000000000000,1121.420170642874609,1258.088668229548603,1909.427469704607802,4158697.591959386598319,3167.516137934156177,3112.147105858511623,55.369032075644554,241298.756173054833198,3072402204.533659934997559
17,005,00424204,17005,0500000US17005,Bond,Bond County,06,H1,G4020,476,41180, ,A,985066653.000000000000000,6462629.000000000000000,+38.8859240,-089.4365916,Southern Till Plain/Wabash and Mississippi Rivers,3,Bond,318.455879576170219,1143.467391184343569,24.720262785142982,315.581219620520415,545.078935486474847,625.983378438659884,1431669.075698798056692,1171.062313925134731,1168.187653969486519,2.874659955648212,130903.002008596246014,991529302.496755719184875
17,009,00424206,17009,0500000US17009,Brown,Brown County,06,H1,G4020, , , ,A,791828624.000000000000000,4144346.000000000000000,+39.9620694,-090.7503095,West Central,5,Brown,469.463477194931443,885.880163676563029,7.496460165805309,423.997267483609960,180.806664352497705,758.036169201192024,1277953.676337112439796,938.842833553689729,893.376623842368303,45.466209711321426,133596.865516520076199,795973012.706231951713562
17,095,00424249,17095,0500000US17095,Knox,Knox County,06,H1,G4020, ,23660, ,A,1855351760.000000000000000,8914499.000000000000000,+40.9309446,-090.2137921,West Central,48,Knox,792.623131349563664,1867.081615011312579,0.380290221108739,757.522585916763092,538.647149755670739,1363.915300909551888,2561467.603649808559567,1902.562450665222514,1867.461905232421259,35.100545432801255,174003.109750660107238,1864266316.208975076675415
17,019,00424211,17019,0500000US17019,Champaign,Champaign County,06,H1,G4020,169,16580, ,A,2579898008.000000000000000,6110542.000000000000000,+40.1389845,-088.1969749,East Central/Grand Prairie,10,Champaign,1015.578921523468694,989.691784352473974,27.864877418706044,1000.580661066554399,603.684029304527712,428.870892923567510,1910705.162520529702306,1032.554922228095165,1017.556661771179961,14.998260456915204,206738.075534230942139,2586008616.434655189514160
17,045,00424224,17045,0500000US17045,Edgar,Edgar County,06,H1,G4020, , , ,A,1614400671.000000000000000,1565052.000000000000000,+39.6790370,-087.7471102,East Central/Grand Prairie,23,Edgar,508.709958353551315,1252.867802393850070,11.578630542951304,490.665143757681960,578.086571847164350,704.404675685507073,1725029.924302625004202,1282.491247532671423,1264.446432936801330,18.044814595870093,171394.015630144189345,1615904533.766225576400757
17,049,00424226,17049,0500000US17049,Effingham,Effingham County,06,H1,G4020, ,20820, ,A,1240001925.000000000000000,3178181.000000000000000,+39.0479445,-088.5928488,Southern Till Plain/Wabash and Mississippi Rivers,25,Effingham,651.374426871088076,1016.851856026777455,18.054374714557010,559.177452447406154,332.117153548924591,794.986051616091004,1640854.640379461226985,1127.103205165015652,1034.906230741334412,92.196974423681240,144511.931255376839545,1243180115.522276878356934
17,035,00424219,17035,0500000US17035,Cumberland,Cumberland County,06,H1,G4020, ,20820, ,A,895995630.000000000000000,2532358.000000000000000,+39.2731210,-088.2406193,Southern Till Plain/Wabash and Mississippi Rivers,18,Cumberland,485.225163999985398,752.793817313523732,0.000000000000000,418.498769132838731,269.053747481334824,550.466464699336598,1183791.134336021030322,819.520212180671479,752.793817313523732,66.726394867147746,124777.654921792927780,898528009.918719172477722
17,033,00424218,17033,0500000US17033,Crawford,Crawford County,06,H1,G4020, , , ,A,1149031270.000000000000000,5744817.000000000000000,+39.0027865,-087.7606193,Southern Till Plain/Wabash and Mississippi Rivers,17,Crawford,445.998433176775166,1220.833157577295879,0.125887352592002,435.435831719201019,483.930412055419254,747.591234332042063,1614109.605281200492755,1231.521646387461260,1220.959044929887796,10.562601457573464,163695.585933186346665,1154438662.774179697036743
17,179,01785094,17179,0500000US17179,Tazewell,Tazewell County,06,H1,G4020,427,37900, ,A,1674390616.000000000000000,29668273.000000000000000,+40.5080743,-089.5162598,East Central/Grand Prairie,90,Tazewell,744.669268573767795,1079.453637142147954,40.652189864875290,682.235472099182516,362.560505814078567,819.979117667528726,1759647.734904759563506,1182.539623481607350,1120.105827007023208,62.433796474584142,195288.143915054359240,1704058946.282189369201660
17,151,00424277,17151,0500000US17151,Pope,Pope County,06,H1,G4020, , , ,A,955362038.000000000000000,14662240.000000000000000,+37.4171687,-088.5423737,Shawnee Hills/Coastal Plain,76,Pope,548.813937411588654,1129.569176482270905,9.103130061468086,428.477989386805177,239.889506820508984,1019.118747748012652,1624648.530060839839280,1259.008254568521579,1138.672306543739069,120.335948024782510,163944.892909773770953,969733695.841638803482056
17,129,00424266,17129,0500000US17129,Menard,Menard County,06,H1,G4020,522,44100, ,A,814269348.000000000000000,2640418.000000000000000,+40.0225693,-089.7941326,East Central/Grand Prairie,65,Menard,315.368455703345091,722.471893498574900,0.000000000000000,290.802520628166633,259.148875091639468,487.888953482114403,951355.927369830315001,747.037828573753814,722.471893498574900,24.565935075178913,150946.152176898962352,816909812.370838284492493
17,123,00424260,17123,0500000US17123,Marshall,Marshall County,06,H1,G4020,427,37900, ,A,1001865238.000000000000000,30343574.000000000000000,+41.0311192,-089.3423714,East Central/Grand Prairie,59,Marshall,514.760321725864287,1072.954088237488349,2.592725762294433,447.281277948278728,324.790039253647706,818.235818523721036,1516866.271250493358821,1143.025857777368856,1075.546813999782671,67.479043777586185,155360.726299128262326,1032208794.677475690841675
17,031,01784766,17031,0500000US17031,Cook,Cook County,06,H1,G4020,176,16980,16984,A,2447358069.000000000000000,1786339736.000000000000000,+41.8942937,-087.6454546,Northeastern Morainal,16,Cook,919.770808141780549,537.450795604496079,13.089680532679989,908.842637516077843,370.287480345516599,191.181166417361965,1397860.542978694895282,561.468646762878507,550.540476137176029,10.928170625702478,301462.810224972898141,2481039978.045485496520996
17,059,00424231,17059,0500000US17059,Gallatin,Gallatin County,06,H1,G4020, , , ,A,836415230.000000000000000,13355417.000000000000000,+37.7686768,-088.2279642,Shawnee Hills/Coastal Plain,30,Gallatin,338.478694816098823,748.290847795253512,21.398240049112619,297.719193552282377,410.553097596607188,399.895491511576836,1062003.775784971192479,810.448589108184024,769.689087844366099,40.759501263817924,139426.157215472660027,849259836.314616322517395
17,193,00424297,17193,0500000US17193,White,White County,06,H1,G4020, , , ,A,1281999215.000000000000000,17833681.000000000000000,+38.0873070,-088.1786196,Southern Till Plain/Wabash and Mississippi Rivers,97,White,567.851111229244339,1359.436638203188068,61.936598317353173,467.238018369531687,643.902462488722676,878.083866891531102,1927484.774904161924496,1521.986329380253665,1421.373236520541241,100.613092859712424,190703.202064224868082,1298651137.235092878341675
17,039,00426598,17039,0500000US17039,De Witt,De Witt County,06,H1,G4020, , , ,A,1029678313.000000000000000,19492326.000000000000000,+40.1814993,-088.9018526,East Central/Grand Prairie,19,De Witt,445.450531544327646,554.383799831626789,0.000000000000000,430.401403061209805,275.658177108786106,293.774751205957955,909392.963342240545899,569.432928314744004,554.383799831626789,15.049128483117215,141307.337614817661233,1049170679.907037496566772
17,047,00424225,17047,0500000US17047,Edwards,Edwards County,06,H1,G4020, , , ,A,576012469.000000000000000,781202.000000000000000,+38.4170954,-088.0479408,Southern Till Plain/Wabash and Mississippi Rivers,24,Edwards,267.511123773653651,730.466141769403634,4.589907873827164,260.659702859644995,307.901001795009392,434.006468762229929,885680.056586056598462,741.907470557239321,735.056049643230835,6.851420914008486,132202.099531414714875,576793684.316753268241882
17,125,00424261,17125,0500000US17125,Mason,Mason County,06,H1,G4020, , , ,A,1396914845.000000000000000,62748509.000000000000000,+40.2369926,-089.9135746,West Central,60,Mason,560.747287117376459,417.229214235722736,87.481941011414676,551.665338429322105,259.826464385524730,253.966639549667434,932413.657049623900093,513.793103935192221,504.711155247137413,9.081948688054808,249587.225317095086211,1459663434.223996877670288
17,013,00424208,17013,0500000US17013,Calhoun,Calhoun County,06,H1,G4020,476,41180, ,A,657415185.000000000000000,77051402.000000000000000,+39.1642619,-090.6662948,West Central,7,Calhoun,529.986945014114553,672.213289640062953,12.145186114712663,434.380797895696787,180.687199204376554,599.277423668816482,1163090.240540038095787,779.964622873193093,684.358475754775668,95.606147118417425,179449.486710283468710,733930228.778424382209778
17,121,00424259,17121,0500000US17121,Marion,Marion County,06,H1,G4020,476,16460, ,A,1482866786.000000000000000,9232943.000000000000000,+38.6482361,-088.9203624,Southern Till Plain/Wabash and Mississippi Rivers,58,Marion,643.288479919757037,1783.028120266531687,16.733259206788290,582.180020127923399,739.371587682318818,1121.498251582830790,2366184.421049469616264,1860.869839265149494,1799.761379473319948,61.108459791829546,155413.225637677940540,1492099758.720022916793823
17,187,01785134,17187,0500000US17187,Warren,Warren County,06,H1,G4020, , , ,A,1404705831.000000000000000,1735113.000000000000000,+40.8504412,-090.6202228,West Central,94,Warren,546.291504693965749,1278.146179334724593,0.000000000000000,528.284246232911073,396.908270561305699,899.245167234473001,1761741.437975520733744,1296.153437795778700,1278.146179334724593,18.007258461054107,155158.586787260923302,1406440995.236120700836182
17,023,00424213,17023,0500000US17023,Clark,Clark County,06,H1,G4020, , , ,A,1298594814.000000000000000,8731439.000000000000000,+39.3323343,-087.7916832,Southern Till Plain/Wabash and Mississippi Rivers,12,Clark,613.153037665508350,1248.366077117025270,0.228100451049681,536.086362021413265,421.370447898060888,904.290405314111240,1815708.283788322471082,1325.660853212172242,1248.594177568074883,77.066675644097359,165283.526317285955884,1307068900.684902667999268
17,191,00424296,17191,0500000US17191,Wayne,Wayne County,06,H1,G4020, , , ,A,1848817749.000000000000000,4217594.000000000000000,+38.4318573,-088.4324302,Southern Till Plain/Wabash and Mississippi Rivers,96,Wayne,661.193889650198571,2289.524432947378045,132.178217705808834,656.257225483957313,1163.074192596073090,1263.565122223359140,2975675.548264576587826,2426.639314819432002,2421.702650653186993,4.936664166245009,173101.935782003245549,1853035367.702933311462402
17,089,00424246,17089,0500000US17089,Kane,Kane County,06,H1,G4020,176,16980,20994,A,1345139287.000000000000000,12480820.000000000000000,+41.9395938,-088.4280395,Northeastern Morainal,45,Kane,550.790702108697928,438.070127430649734,309.449043636675924,529.021543303643057,233.709736788625946,535.578593083753617,1238858.312768080737442,769.288329872379563,747.519171067325715,21.769158805053848,156711.254547744058073,1357620109.175392150878906
17,105,00424254,17105,0500000US17105,Livingston,Livingston County,06,H1,G4020,145,38700, ,A,2702983876.000000000000000,5975815.000000000000000,+40.8943761,-088.5528518,East Central/Grand Prairie,53,Livingston,1384.737640169786800,1221.165930786694162,0.000000000000000,1348.616459037434197,693.895811483207694,563.391300435841231,2450435.427677714265883,1257.287111919049039,1221.165930786694162,36.121181132354877,225552.871256234124303,2708959793.499500274658203
17,085,00424244,17085,0500000US17085,Jo Daviess,Jo Daviess County,06,H1,G4020, , , ,A,1556385363.000000000000000,45789931.000000000000000,+42.3623905,-090.2114705,Driftless/Rock R. Hill Country,43,Jo Daviess,855.412205703931591,1558.914708978361432,0.839753584422492,779.300598780511564,290.897336843689743,1344.968732642515761,2370819.138821336440742,1635.866069486205561,1559.754462562783829,76.111606923421732,176409.027607764088316,1601189608.828780651092529
17,199,01785215,17199,0500000US17199,Williamson,Williamson County,06,H1,G4020,166,32060, ,A,1088353644.000000000000000,62455779.000000000000000,+37.7303533,-088.9300182,Shawnee Hills/Coastal Plain,100,Williamson,567.479954707462639,1451.005723939401378,1.212508393596838,551.443247028737915,608.138011768486649,860.116928243235179,1931497.684123392915353,1468.254940011721828,1452.218232332998241,16.036707678723587,136746.270525178493699,1150809403.558439493179321
17,003,00424203,17003,0500000US17003,Alexander,Alexander County,06,H1,G4020,164,16020, ,A,609667770.000000000000000,44639202.000000000000000,+37.1836583,-089.3495158,Shawnee Hills/Coastal Plain,2,Alexander,392.531000849665645,599.462046360845648,38.943345188799483,352.887050015960483,266.931357345933748,411.117985037416759,970589.488631253363565,678.049342383350449,638.405391549645174,39.643950833705276,179139.106753735075472,653247672.967756509780884
17,063,00424233,17063,0500000US17063,Grundy,Grundy County,06,H1,G4020,176,16980,16984,A,1082959771.000000000000000,32112492.000000000000000,+41.2924096,-088.4010545,East Central/Grand Prairie,32,Grundy,737.432564262878145,425.137110556766686,0.423100233394737,708.886055768811161,279.964670917376452,174.142048366851895,1030192.457466653664596,454.106719284228348,425.560210790161420,28.546508494066927,135414.718074274540413,1115072294.221180200576782
17,079,00424241,17079,0500000US17079,Jasper,Jasper County,06,H1,G4020, , , ,A,1281043466.000000000000000,9334674.000000000000000,+39.0048857,-088.1507245,Southern Till Plain/Wabash and Mississippi Rivers,40,Jasper,431.147767445766078,1364.489894776656683,2.259841158541303,425.245536251499402,674.166188508303890,698.485778621162126,1717488.182561789639294,1372.651967129465902,1366.749735935198032,5.902231194267870,143271.670838710735552,1290378167.852465629577637
17,165,00424283,17165,0500000US17165,Saline,Saline County,06,H1,G4020, , , ,A,984186255.000000000000000,17963038.000000000000000,+37.7515083,-088.5450236,Shawnee Hills/Coastal Plain,82,Saline,531.038404842570230,1171.992941924399020,42.201638316598746,469.683793591169149,567.957278793620617,707.591912698777378,1663768.398487354628742,1275.549191492397995,1214.194580240997766,61.354611251400229,127264.458434281696100,1002149349.286516904830933
17,163,01784987,17163,0500000US17163,St. Clair,St. Clair County,06,H1,G4020,476,41180, ,A,1703560308.000000000000000,41809674.000000000000000,+38.4701976,-089.9285459,Southern Till Plain/Wabash and Mississippi Rivers,87,St. Clair,1029.997020578818137,1467.584316094801807,2.220765682816531,921.991104627299137,619.637244148281525,958.173753580857010,2403519.969038169365376,1577.810997729138535,1469.805081777618398,108.005915951520137,184500.542857355496380,1745296249.450654983520508
17,189,01785150,17189,0500000US17189,Washington,Washington County,06,H1,G4020, , , ,A,1457120178.000000000000000,3386079.000000000000000,+38.3531405,-089.4171873,Southern Till Plain/Wabash and Mississippi Rivers,95,Washington,570.637811660429634,1573.385785530909970,0.581290770431515,525.966238475283717,848.233699135915913,770.404950350570857,2027762.494092041859403,1618.638649486486884,1573.967076301341422,44.671573185145462,200673.526509334042203,1460506307.607318878173828
17,159,00424281,17159,0500000US17159,Richland,Richland County,06,H1,G4020, , , ,A,932518180.000000000000000,4840675.000000000000000,+38.7121872,-088.0854523,Southern Till Plain/Wabash and Mississippi Rivers,80,Richland,273.574310269460739,1228.950935619341635,0.546678659132979,273.529511884372027,590.246402714318492,639.296009949243057,1423947.119914093986154,1229.542412663561663,1229.497614278474657,0.044798385087006,140797.229332607326796,937358860.570258140563965
17,145,01784940,17145,0500000US17145,Perry,Perry County,06,H1,G4020, , , ,A,1144587288.000000000000000,13199036.000000000000000,+38.0843809,-089.3685249,Southern Till Plain/Wabash and Mississippi Rivers,73,Perry,394.548700030863131,1368.637853930086067,0.673588768938725,389.048268967703393,660.328655282976570,714.483218479209995,1675582.951875285245478,1374.811873762186679,1369.311442699024838,5.500431063161841,153054.037217139150016,1157786354.136499881744385
17,087,00424245,17087,0500000US17087,Johnson,Johnson County,06,H1,G4020, , , ,A,890274791.000000000000000,12813242.000000000000000,+37.4607092,-088.8821305,Shawnee Hills/Coastal Plain,44,Johnson,481.430853396039026,1216.888834193228831,14.976582736597978,423.668336982146627,384.864679218982872,904.763254124733976,1631214.674217643216252,1289.627933343716904,1231.865416929826779,57.762516413890125,128717.097824213371496,903088099.856120347976685
17,153,01784966,17153,0500000US17153,Pulaski,Pulaski County,06,H1,G4020, , , ,A,516105488.000000000000000,9763459.000000000000000,+37.2156152,-089.1277549,Shawnee Hills/Coastal Plain,77,Pulaski,266.223633162850831,750.752841285386239,4.804855190579027,260.817272920629193,398.574697259730669,362.389359458455544,959634.101665246766061,760.964056718186157,755.557696475965258,5.406360242220899,138934.107033758977195,525594304.924776613712311
17,119,00424258,17119,0500000US17119,Madison,Madison County,06,H1,G4020,476,41180, ,A,1853192372.000000000000000,63157281.000000000000000,+38.8271195,-089.9002267,Southern Till Plain/Wabash and Mississippi Rivers,57,Madison,1187.411257713269606,1671.033340676438456,28.490547944137472,1046.543335169923012,707.085709845362999,1133.306101318558149,2801846.354742379859090,1840.391811163921147,1699.523888620575917,140.867922543345230,197398.951194302644581,1916074947.123424530029297
17,139,01784885,17139,0500000US17139,Moultrie,Moultrie County,06,H1,G4020, , , ,A,870127368.000000000000000,22111272.000000000000000,+39.6368956,-088.6257259,East Central/Grand Prairie,70,Moultrie,561.104694471781727,425.514000197058294,18.279042016869482,538.475164923252464,253.569291834206609,212.853279928250657,902839.221309033455327,466.422571762457267,443.793042213927777,22.629529548529490,134761.517742884112522,892238677.938138246536255
17,141,01784894,17141,0500000US17141,Ogle,Ogle County,06,H1,G4020,466,40300, ,A,1964903749.000000000000000,12378958.000000000000000,+42.0418840,-089.3201764,Driftless/Rock R. Hill Country,71,Ogle,997.072418368406716,1821.824734824341249,0.000000000000000,799.288016247821702,386.202293462811838,1633.406843482113345,2742225.701647258829325,2019.609136944925240,1821.824734824341249,197.784402120583991,198361.116917325794930,1977282745.545249938964844
17,027,00424215,17027,0500000US17027,Clinton,Clinton County,06,H1,G4020,476,41180, ,A,1227502153.000000000000000,75634262.000000000000000,+38.6062953,-089.4262278,Southern Till Plain/Wabash and Mississippi Rivers,14,Clinton,635.850165410396926,1046.323578849417117,89.023025680627370,629.299224216148104,606.421533460601836,535.476012263690563,1665350.669615836115554,1141.897545724292286,1135.346604530044488,6.550941194247798,209961.570052884664619,1303136433.013887643814087
17,099,00422247,17099,0500000US17099,LaSalle,LaSalle County,06,H1,G4020,176,36837, ,A,2939940625.000000000000000,33828203.000000000000000,+41.3433407,-088.8859312,East Central/Grand Prairie,50,LaSalle,1290.351704436640830,1984.133477896208433,11.334069628239876,1207.264385412618367,790.868257942183732,1287.686608606283471,3078865.341240670997649,2078.554866548467089,1995.467547524448264,83.087319024018825,252145.530054440867389,2973768931.430713653564453
17,143,01784920,17143,0500000US17143,Peoria,Peoria County,06,H1,G4020,427,37900, ,A,1602412938.000000000000000,29919375.000000000000000,+40.7859722,-089.7669933,West Central,72,Peoria,824.162479336267552,1469.305102404097852,1.031124738193509,706.027494379626205,374.499595849724301,1213.971616249207500,2213533.454591257963330,1588.471212098931801,1470.336227142291364,118.134984956640437,180467.319992444041418,1632332375.989511728286743
17,069,00424236,17069,0500000US17069,Hardin,Hardin County,06,H1,G4020, , , ,A,459438162.000000000000000,10482693.000000000000000,+37.5178517,-088.2661478,Shawnee Hills/Coastal Plain,35,Hardin,242.278383763397926,458.708274114895289,0.000000000000000,206.976252751192135,107.881280314731740,386.129124812369071,679919.452701820060611,494.010405127100796,458.708274114895289,35.302131012205507,96838.406127400798141,469177807.810424983501434
17,093,00424248,17093,0500000US17093,Kendall,Kendall County,06,H1,G4020,176,16980,20994,A,829425891.000000000000000,5122499.000000000000000,+41.5881403,-088.4306257,East Central/Grand Prairie,47,Kendall,430.476452617999996,430.342378920074964,272.547589741025604,417.091968457548489,193.622031708070551,522.652421113480614,1073026.167340869084001,716.274452821551222,702.889968661100511,13.384484160450711,115503.964533104459406,834548414.512328505516052
17,177,01785076,17177,0500000US17177,Stephenson,Stephenson County,06,H1,G4020,466,23300, ,A,1461392058.000000000000000,1350223.000000000000000,+42.3497262,-089.6659942,Driftless/Rock R. Hill Country,89,Stephenson,847.040609616682559,1061.844965409154611,0.112762543064132,707.026185697040319,165.727629314733093,1036.244522557127311,1848113.323916753288358,1201.972151871860433,1061.957727952218647,140.014423919641786,154134.846833409130340,1462681718.862344503402710
17,057,00424230,17057,0500000US17057,Fulton,Fulton County,06,H1,G4020,427,15900, ,A,2242138203.000000000000000,43898933.000000000000000,+40.4652401,-090.2022689,West Central,29,Fulton,1276.661119850479963,2188.915974312546041,38.075285331466354,1183.109362735428704,603.382901045749463,1717.160115713316145,3392016.233752393629402,2320.543016759065722,2226.991259644012189,93.551757115053533,200677.126816939446144,2286037243.171342372894287
17,135,01784866,17135,0500000US17135,Montgomery,Montgomery County,06,H1,G4020, , , ,A,1822745305.000000000000000,15472187.000000000000000,+39.2280681,-089.4781406,Southern Till Plain/Wabash and Mississippi Rivers,68,Montgomery,559.474742693134999,1903.051706055725845,32.419865173468089,527.595949800286121,887.682196618504122,1079.668167503539053,2383530.311362005304545,1967.350364122043175,1935.471571229193842,31.878792892849333,213775.224203495803522,1838217527.850199937820435
17,115,00424256,17115,0500000US17115,Macon,Macon County,06,H1,G4020, ,19500, ,A,1503613053.000000000000000,13477733.000000000000000,+39.8602372,-088.9615288,East Central/Grand Prairie,55,Macon,614.561483509903155,833.228680129126587,0.107868369930893,581.080354591082823,494.715322185765899,372.102355232112131,1353924.287149338982999,866.817677417878031,833.336548499057471,33.481128918820559,169845.540446740953485,1517090763.520284891128540
17,155,00424279,17155,0500000US17155,Putnam,Putnam County,06,H1,G4020,176,36837, ,A,414649975.000000000000000,31194387.000000000000000,+41.1989613,-089.2983474,East Central/Grand Prairie,78,Putnam,203.838413959920103,498.926607515372496,1.692911187305697,202.594108311238074,153.221716792027649,348.642107559332658,665378.195891617448069,501.863824351360336,500.619518702678192,1.244305648682143,98899.081319275530404,445844399.513180732727051
17,169,01785037,17169,0500000US17169,Schuyler,Schuyler County,06,H1,G4020, , , ,A,1132602766.000000000000000,10510632.000000000000000,+40.1569048,-090.6134641,West Central,84,Schuyler,628.590801425576046,1442.724440753793260,11.573702104272138,578.133260992441024,389.322960473799753,1115.432722817399281,1978607.190998120000586,1504.755683291199148,1454.298142858065376,50.457540433133772,186145.429528823238797,1143113415.824647188186646
17,103,00424253,17103,0500000US17103,Lee,Lee County,06,H1,G4020,221,19940, ,A,1877142078.000000000000000,9779872.000000000000000,+41.7474465,-089.2993616,Driftless/Rock R. Hill Country,52,Lee,741.662025062725434,1431.375942757348184,9.972271135825615,707.052548865275412,530.840089834724040,945.117600255901607,2085751.253560982644558,1475.957690090625647,1441.348213893173806,34.609476197451841,190789.192392009281320,1886921987.713798046112061
17,175,00424288,17175,0500000US17175,Stark,Stark County,06,H1,G4020,427,37900, ,A,746189904.000000000000000,684784.000000000000000,+41.0969077,-089.7974111,West Central,88,Stark,314.428989736288827,916.394824129210861,0.956190268406817,295.950880216144014,255.944611568586708,679.884512349176589,1178128.128750493982807,935.829123917763354,917.351014397617632,18.478109520145722,115921.414560658900882,746874695.244978666305542
17,017,00424210,17017,0500000US17017,Cass,Cass County,06,H1,G4020, , , ,A,973198198.000000000000000,20569928.000000000000000,+39.9692024,-090.2457045,West Central,9,Cass,543.724100561773867,1839.757502474889407,20.514702053756533,531.989689658937436,616.712853899847119,1255.293761531635027,2310239.177680722903460,1872.006615431482260,1860.272204528645943,11.734410902836316,178969.612485895951977,993768157.909011721611023
17,201,01785216,17201,0500000US17201,Winnebago,Winnebago County,06,H1,G4020,466,40420, ,A,1328789495.000000000000000,15877063.000000000000000,+42.3373957,-089.1612053,Driftless/Rock R. Hill Country,101,Winnebago,647.929204233138194,801.650921588493361,0.000000000000000,528.069827272623797,194.318270104393832,727.192028444612333,1368382.625853482866660,921.510298549006166,801.650921588493361,119.859376960512805,152907.647085805743700,1344633465.772048711776733
17,185,00424293,17185,0500000US17185,Wabash,Wabash County,06,H1,G4020, , , ,A,578403989.000000000000000,10973571.000000000000000,+38.4458209,-087.8391674,Southern Till Plain/Wabash and Mississippi Rivers,93,Wabash,301.106217147199345,382.274306802150079,13.825196616694598,283.808490920649604,145.630065548570201,267.767164096824388,642360.831112905638292,413.397229645394589,396.099503418844677,17.297726226549912,171099.482806508516660,588891052.967256307601929
17,073,00424238,17073,0500000US17073,Henry,Henry County,06,H1,G4020,209,19340, ,A,2132042739.000000000000000,6481370.000000000000000,+41.3500209,-090.1308378,West Central,37,Henry,1069.594194008551312,1807.574799210900210,35.389219350081035,944.493711842688526,449.035792630356184,1519.028708096488344,2828407.240824602544308,1968.064500726844472,1842.964018560981231,125.100482165863241,187464.438439639256103,2138524149.203216791152954
17,109,01784729,17109,0500000US17109,McDonough,McDonough County,06,H1,G4020, ,31380, ,A,1526291866.000000000000000,2060301.000000000000000,+40.4558082,-090.6789543,West Central,62,McDonough,453.556807024868192,1585.523230213220131,0.000000000000000,439.972681499363148,497.186054390632137,1101.921301348091447,1962692.521822859067470,1599.107355738723527,1585.523230213220131,13.584125525503396,156369.739357888407540,1528352156.193631649017334
17,065,00424234,17065,0500000US17065,Hamilton,Hamilton County,06,H1,G4020, , , ,A,1125745190.000000000000000,3158473.000000000000000,+38.0852273,-088.5390093,Southern Till Plain/Wabash and Mississippi Rivers,33,Hamilton,298.617861627620698,1739.633076929629169,107.468846802766151,255.625737491566525,901.413784250084632,988.680263618363256,2061460.491188493790105,1890.094047868447888,1847.101923732395335,42.992124136052553,136043.078132332826499,1128903628.236522436141968
17,021,00424212,17021,0500000US17021,Christian,Christian County,06,H1,G4020,522,45380, ,A,1837552893.000000000000000,16227346.000000000000000,+39.5455242,-089.2795927,East Central/Grand Prairie,11,Christian,614.822775284866680,1243.417327452560357,0.000000000000000,595.743830204195888,773.959929149200548,488.536343384030488,1756147.866208920953795,1262.496272533231149,1243.417327452560357,19.078945080670792,199640.697228312143125,1853780284.820506572723389
17,171,00424286,17171,0500000US17171,Scott,Scott County,06,H1,G4020,522,27300, ,A,649542040.000000000000000,4814547.000000000000000,+39.6370016,-090.4777707,West Central,85,Scott,384.002498950737049,1813.824575732993480,46.602792921162170,370.277144832813690,556.053120358421666,1318.099602413655020,2193273.420281231869012,1874.152722772076686,1860.427368654155543,13.725354117921142,112115.456784072710434,654356586.650972962379456
17,081,00424242,17081,0500000US17081,Jefferson,Jefferson County,06,H1,G4020, ,34500, ,A,1479496305.000000000000000,32544477.000000000000000,+38.3007796,-088.9242100,Southern Till Plain/Wabash and Mississippi Rivers,41,Jefferson,486.113700290780230,2046.624633909755858,0.000000000000000,475.531665410449534,835.571545297153079,1221.635123492935691,2459923.968077445868403,2057.206668790088770,2046.624633909755858,10.582034880332913,155543.049160480295541,1512040810.528401136398315
17,097,01784796,17097,0500000US17097,Lake,Lake County,06,H1,G4020,176,16980,29404,A,1149124986.000000000000000,2394833743.000000000000000,+42.1859677,-087.8059389,Northeastern Morainal,49,Lake,641.416732929571822,350.648068341012618,4.520805708509563,621.624527575773300,185.230035995522854,189.731043407797415,977636.788378401310183,374.961079403320241,355.168874049522174,19.792205353798067,155372.990701644099317,1218383117.574940443038940
17,055,00424229,17055,0500000US17055,Franklin,Franklin County,06,H1,G4020, , , ,A,1059137475.000000000000000,58368794.000000000000000,+37.9918516,-088.9263215,Southern Till Plain/Wabash and Mississippi Rivers,28,Franklin,438.405890633083004,1543.308017887879487,1.475591461959634,435.632198818224197,709.192581946832547,838.364719217861193,1892491.399059482384473,1547.557301164693854,1544.783609349839026,2.773691814854828,154158.304325854434865,1117506248.775197505950928
17,083,00424243,17083,0500000US17083,Jersey,Jersey County,06,H1,G4020,476,41180, ,A,957144905.000000000000000,20332592.000000000000000,+39.0801945,-090.3613850,West Central,42,Jersey,495.388675730198827,1428.194545794732903,19.031868936100540,455.143695555574993,417.634493331035742,1069.836901574421745,1856016.993020569439977,1487.471394905457601,1447.226414730833540,40.244980174624061,158977.626046027406119,977068078.293150424957275
17,183,01785114,17183,0500000US17183,Vermilion,Vermilion County,06,H1,G4020,169,19180, ,A,2326639022.000000000000000,7527081.000000000000000,+40.1867546,-087.7267776,East Central/Grand Prairie,92,Vermilion,952.656231162248559,1592.753211999431869,32.280625694877799,896.199470467335118,663.155171346473026,1018.335427042748847,2517191.180870951618999,1681.490598389221759,1625.033837694309568,56.456760694912191,212230.835437507368624,2334103759.824884891510010
17,007,00424205,17007,0500000US17007,Boone,Boone County,06,H1,G4020,466,40420, ,A,727137091.000000000000000,3338156.000000000000000,+42.3189831,-088.8242951,Northeastern Morainal,4,Boone,302.007770569914157,431.343576449117450,0.324704361739429,249.509128639794653,145.534047155642156,338.632875585334546,671823.884937160997652,484.166922740976702,431.668280810856857,52.498641930119845,114641.162861971359234,730412042.756906747817993
17,137,00424270,17137,0500000US17137,Morgan,Morgan County,06,H1,G4020,522,27300, ,A,1473595806.000000000000000,9053547.000000000000000,+39.7176572,-090.2049929,West Central,69,Morgan,639.017835501902482,4496.579698221322360,8.017849137765520,619.599582935117837,1530.897337102565416,2993.118462823306800,5076160.039556998759508,4524.015799925871761,4504.597547359087912,19.418252566783849,189449.606368034932530,1482649388.682385444641113
17,161,00424282,17161,0500000US17161,Rock Island,Rock Island County,06,H1,G4020,209,19340, ,A,1107212317.000000000000000,61631338.000000000000000,+41.4684205,-090.5721252,West Central,81,Rock Island,896.823321331588659,906.579491853928857,4.736969469518318,690.291328889853844,159.120505533713043,958.727948231469099,1752956.893775434233248,1117.848453765182057,911.316461323447129,206.531992441734928,233926.393491361493943,1167631876.117669343948364
17,111,01784815,17111,0500000US17111,McHenry,McHenry County,06,H1,G4020,176,16980,16984,A,1562806157.000000000000000,19855932.000000000000000,+42.3242982,-088.4522450,Northeastern Morainal,63,McHenry,682.282365283915965,670.421265791675978,11.369138100908952,628.110126498905515,293.207247660555936,442.755395017040541,1321417.800955894403160,735.962642677596477,681.790403892584891,54.172238785011587,159308.859084960742621,1582518893.814109802246094
17,037,00422190,17037,0500000US17037,DeKalb,DeKalb County,06,H1,G4020,176,16980,20994,A,1635155498.000000000000000,8560431.000000000000000,+41.8946145,-088.7689224,Northeastern Morainal,20,DeKalb,444.575427069503462,1067.256669877914874,0.081055583437851,440.866159047228734,587.390692321537472,483.656301162090358,1394933.938135254895315,1071.046993483627830,1067.337725461352647,3.709268022275182,175342.336175453441683,1643715946.007934331893921
